# https://github.com/mikedh/trimesh
mtllib 0fbbacb52bde4dbaae1c7a34b2beb9c4.mtl

o Mesh_Default_0
usemtl Default
v -7.18842936 -10.68790817 8.15350723
v -7.24842930 -10.74784279 8.15072823
v -4.06022930 -10.68790817 8.15350723
v -7.24842930 -11.52683067 8.11460114
v -4.06022930 -11.52683067 8.11460114
v 5.44437170 -10.68790817 8.15350723
v 2.31617141 -10.68790817 8.15350723
v 5.50437164 -10.74784279 8.15072823
v 2.31617141 -11.52683067 8.11460114
v 5.50437164 -11.52683067 8.11460114
v -7.24842930 -9.40972519 8.21278763
v -7.24842930 -10.62797165 8.15628719
v -4.06022930 -9.40972519 8.21278763
v 2.31617141 -9.40972519 8.21278763
v 5.50437164 -9.40972519 8.21278763
v 5.50437164 -10.62797165 8.15628719
v 6.51075315 -10.74790382 8.33681583
v 5.67437172 -10.74786758 8.33992577
v 6.50810194 -13.49991608 8.30614376
v 5.67437172 -11.70790863 8.30462933
v 2.40117145 -11.70790863 8.30462933
v -0.87202883 -11.70790863 8.30462933
v -4.14522934 -11.70790863 8.30462933
v -7.41842937 -11.70790863 8.30462933
v -7.41842937 -10.74786758 8.33992577
v -8.25481033 -10.74790382 8.33681583
v -8.25215912 -13.49991608 8.30614376
v 5.67437172 -10.74786758 8.33992577
v 5.50437164 -10.74784279 8.15072823
v 5.67437172 -11.70790863 8.30462933
v 5.50437164 -11.52683067 8.11460114
v -7.24842930 -11.52683067 8.11460114
v -7.24842930 -10.74784279 8.15072823
v -7.41842937 -11.70790863 8.30462933
v -7.41842937 -10.74786758 8.33992577
v 6.51086903 -10.62791061 8.33815289
v 6.88340330 -10.62790871 8.25185871
v 6.51226997 -9.17301559 8.35436821
v 6.88549042 -9.14320755 8.26225758
v 6.87936592 -13.49991035 8.23174381
v 6.88323498 -10.74790573 8.25101852
v 7.19399023 -13.49990845 8.02104473
v 7.19654512 -10.74790764 8.03162384
v 7.19665670 -10.62790871 8.03208542
v 7.19805861 -9.11825180 8.03788853
v 7.40417337 -13.49990845 7.70605421
v 7.40494394 -10.74790764 7.71055698
v 7.40497828 -10.62790680 7.71075392
v 7.40540648 -9.10169983 7.71325064
v 7.47797060 -13.49990654 7.33462858
v 7.47797060 -10.74790764 7.33462954
v 7.47797060 -10.62790680 7.33463001
v 7.47797060 -9.09590721 7.33463049
v -7.24842930 -9.40972519 8.21278763
v -7.41842937 -9.23986244 8.39536953
v -7.24842930 -10.62797165 8.15628719
v -7.41842937 -10.62794876 8.34433460
v 5.50437164 -9.40972519 8.21278763
v 5.50437164 -10.62797165 8.15628719
v 5.67437172 -9.23986244 8.39536953
v 5.67437172 -10.62794876 8.34433460
v -8.62342358 -13.49991035 8.23174381
v -8.62729263 -10.74790573 8.25101852
v -8.25492668 -10.62791061 8.33815289
v -8.25632763 -9.17301559 8.35436821
v -8.62746048 -10.62790871 8.25185871
v -8.62954807 -9.14320755 8.26225758
v -8.94071388 -10.62790871 8.03208542
v -8.94211578 -9.11825180 8.03788853
v -8.93804741 -13.49990845 8.02104473
v -8.94060326 -10.74790764 8.03162384
v -9.14903641 -10.62790680 7.71075392
v -9.14946365 -9.10169983 7.71325064
v -9.14823151 -13.49990845 7.70605421
v -9.14900208 -10.74790764 7.71055698
v -9.22202873 -10.62790680 7.33463001
v -9.22202873 -9.09590721 7.33463049
v -9.22202873 -13.49990654 7.33462858
v -9.22202873 -10.74790764 7.33462954
v -9.14819145 -9.09590149 -7.79657078
v -9.14819145 -10.62790108 -7.79657125
v -9.22202873 -9.09590149 -7.42536783
v -9.22202873 -10.62790108 -7.42536831
v -9.14819145 -13.49990273 -7.79657269
v -9.22202873 -13.49990273 -7.42536974
v -9.14819145 -10.74790192 -7.79657173
v -9.22202873 -10.74790192 -7.42536879
v -8.93792343 -9.09590149 -8.11126137
v -8.93792343 -10.62790108 -8.11126232
v -8.93792343 -13.49990082 -8.11126328
v -8.93792343 -10.74790192 -8.11126232
v -8.62323189 -9.09590149 -8.32153034
v -8.62323189 -10.62790108 -8.32153130
v -8.62323189 -13.49990082 -8.32153225
v -8.62323189 -10.74790192 -8.32153130
v -8.25202847 -9.09590149 -8.39536762
v -8.25202847 -10.62790108 -8.39536858
v -8.25202847 -13.49990082 -8.39536953
v -8.25202847 -10.74790192 -8.39536858
v 7.40413427 -13.49990273 -7.79657269
v 7.40413427 -10.74790192 -7.79657173
v 7.47797060 -13.49990273 -7.42536974
v 7.47797060 -10.74790192 -7.42536879
v 7.40413427 -9.09590149 -7.79657078
v 7.47797060 -9.09590149 -7.42536783
v 7.40413427 -10.62790108 -7.79657125
v 7.47797060 -10.62790108 -7.42536831
v 7.19386530 -13.49990082 -8.11126328
v 7.19386530 -10.74790192 -8.11126232
v 7.19386530 -9.09590149 -8.11126137
v 7.19386530 -10.62790108 -8.11126232
v 6.87917376 -13.49990082 -8.32153225
v 6.87917376 -10.74790192 -8.32153130
v 6.87917376 -9.09590149 -8.32153034
v 6.87917376 -10.62790108 -8.32153130
v 6.50797081 -13.49990082 -8.39536953
v 6.50797081 -10.74790192 -8.39536858
v 6.50797081 -9.09590149 -8.39536762
v 6.50797081 -10.62790108 -8.39536858
v 2.86083341 -6.87393761 3.57484412
v 3.01086545 -6.87393761 3.50548577
v 2.81175232 -6.87393761 3.35989881
v 2.90368700 -6.87393761 3.31824493
v 3.36592674 -6.87393761 3.27410245
v 3.22054482 -6.87393713 3.11224341
v 3.64242268 -6.87393713 2.95002389
v 3.45770597 -6.87393713 2.83456993
v 3.81786156 -6.87393713 2.55961394
v 3.60827351 -6.87393713 2.49944258
v 3.87797165 -6.87393713 2.13463187
v 3.66197157 -6.87393713 2.11947346
v 3.87797165 -6.87393427 -5.42536783
v 3.66197157 -6.87393427 -5.40409565
v 3.80413485 -6.87393379 -5.79657078
v 3.60077572 -6.87393427 -5.71236801
v 3.59386539 -6.87393379 -6.11126137
v 3.43849039 -6.87393379 -5.95594501
v 3.27917433 -6.87393379 -6.32153130
v 3.19523144 -6.87393379 -6.11895037
v 2.90797138 -6.87393379 -6.39536762
v 2.88679910 -6.87393379 -6.18042278
v -4.65202904 -6.87393379 -6.39536762
v -4.63085651 -6.87393379 -6.18042278
v -5.02323198 -6.87393379 -6.32153130
v -4.93928909 -6.87393379 -6.11895037
v -5.33792305 -6.87393379 -6.11126137
v -5.18254805 -6.87393379 -5.95594501
v -5.54819250 -6.87393379 -5.79657078
v -5.34483337 -6.87393427 -5.71236801
v -5.62202930 -6.87393427 -5.42536783
v -5.40602922 -6.87393427 -5.40409565
v -5.62202930 -6.87393713 2.13463187
v -5.40602922 -6.87393713 2.11947346
v -5.56191921 -6.87393713 2.55961394
v -5.35233116 -6.87393713 2.49944258
v -5.38648033 -6.87393713 2.95002389
v -5.20176363 -6.87393713 2.83456993
v -5.10998440 -6.87393761 3.27410245
v -4.96460247 -6.87393713 3.11224341
v -4.75492287 -6.87393761 3.50548577
v -4.64774466 -6.87393761 3.31824493
v -4.60489082 -6.87393761 3.57484412
v -4.55580997 -6.87393761 3.35989881
v 7.33203650 -8.92113304 7.60801697
v 7.40479898 -8.91551781 7.22893667
v 7.12461233 -8.93754959 7.93312836
v 6.81166410 -8.96238136 8.15829372
v 6.43726206 -8.99211693 8.25179958
v -8.55572128 -8.96238136 8.15829372
v -8.18132019 -8.99211693 8.25179958
v -8.86866951 -8.93754959 7.93312836
v -9.07609367 -8.92113304 7.60801697
v -9.14885712 -8.91551781 7.22893667
v 7.29910517 -8.89618492 -7.73822069
v 7.37294149 -8.89618492 -7.36701775
v 7.08883476 -8.89618492 -8.05291080
v 6.77414465 -8.89618492 -8.26318073
v 2.90797138 -6.87393379 -6.39536762
v 6.40294170 -8.89618492 -8.33701706
v -9.04316330 -8.89618492 -7.73822069
v -9.11699867 -8.89618492 -7.36701775
v -8.83289242 -8.89618492 -8.05291080
v -8.51820183 -8.89618492 -8.26318073
v -8.14699936 -8.89618492 -8.33701706
v -4.65202904 -6.87393379 -6.39536762
v -7.35442448 -9.05548668 8.29059219
v -7.18304777 -9.22508240 8.11027336
v -4.60489082 -6.87393761 3.57484412
v -4.50289536 -7.22505522 3.64958119
v 2.86083341 -6.87393761 3.57484412
v 2.75883770 -7.22505522 3.64958119
v 5.61036682 -9.05548668 8.29059219
v 5.43899059 -9.22508240 8.11027336
v -4.65202904 -6.87393379 -6.39536762
v 2.90797138 -6.87393379 -6.39536762
v -7.35442448 -9.05548668 8.29059219
v 5.61036682 -9.05548668 8.29059219
v 6.49163914 -9.06214714 8.32675743
v 5.65673304 -9.12804985 8.36873817
v 5.67437172 -9.23986244 8.39536953
v -7.41842937 -9.23986244 8.39536953
v -8.23569679 -9.06214714 8.32675743
v -7.40079069 -9.12804985 8.36873817
v -9.20186424 -13.61066246 7.30550241
v -9.19374847 -13.61643791 -7.40965796
v -9.14885712 -13.68029785 7.22893476
v -9.11699867 -13.69961929 -7.36701965
v 6.48787355 -13.61070442 8.27596378
v -8.23193169 -13.61070442 8.27596378
v 6.43479872 -13.68029785 8.19893456
v -8.17885590 -13.68029785 8.19893456
v 7.44969034 -13.61643791 -7.40965796
v 7.45780706 -13.61066246 7.30550241
v 7.37294149 -13.69961929 -7.36701965
v 7.40479898 -13.68029785 7.22893476
v -8.22374725 -13.61643791 -8.37965775
v 6.47969007 -13.61643791 -8.37965775
v -8.14699936 -13.69961929 -8.33701897
v 6.40294170 -13.69961929 -8.33701897
v 7.45780706 -8.98515320 7.30550432
v 7.44969034 -8.97936630 -7.40965605
v -9.19374847 -8.97936630 -7.40965605
v -9.20186424 -8.98515320 7.30550432
v 6.47969007 -8.97936630 -8.37965584
v -8.22374725 -8.97936630 -8.37965584
v 5.48633814 -9.29788589 8.18733692
v 5.65673304 -9.12804985 8.36873817
v -7.40079069 -9.12804985 8.36873817
v -7.23039579 -9.29788589 8.18733692
v -8.59495068 -8.97936630 -8.30581856
v -8.90964127 -8.97936630 -8.09554958
v -9.11991119 -8.97936630 -7.78085899
v 6.85089302 -8.97936630 -8.30581856
v 7.16558409 -8.97936630 -8.09554958
v 7.37585306 -8.97936630 -7.78085899
v -9.12926102 -8.99089813 7.68434954
v -8.92193031 -9.00741768 8.00924778
v -8.60927773 -9.03234673 8.23402023
v 6.86522055 -9.03234673 8.23402023
v 7.17787218 -9.00741768 8.00924778
v 7.17787218 -9.00741768 8.00924778
v 7.17787218 -9.00741768 8.00924778
v 7.38520384 -8.99089813 7.68434954
v 7.38520384 -8.99089813 7.68434954
v 7.17787218 -9.00741768 8.00924778
v 7.38520384 -8.99089813 7.68434954
v 6.77414465 -13.69961929 -8.26318264
v 6.85089302 -13.61643791 -8.30582047
v 7.08883476 -13.69961929 -8.05291271
v 7.16558409 -13.61643791 -8.09555149
v 7.29910517 -13.69961929 -7.73822260
v 7.37585306 -13.61643791 -7.78086090
v -8.51820183 -13.69961929 -8.26318264
v -8.59495068 -13.61643791 -8.30582047
v -8.83289242 -13.69961929 -8.05291271
v -8.90964127 -13.61643791 -8.09555149
v -9.04316330 -13.69961929 -7.73822260
v -9.11991119 -13.61643791 -7.78086090
v 7.33096170 -13.68029785 7.60013771
v 7.38398504 -13.61066818 7.67677259
v 7.12069178 -13.68029785 7.91482878
v 7.17374754 -13.61067772 7.99155664
v 6.80600166 -13.68029785 8.12509727
v 6.85908270 -13.61068916 8.20195675
v 6.85908270 -13.61068916 8.20195675
v 6.85908270 -13.61068916 8.20195675
v 6.85908270 -13.61068916 8.20195675
v -8.55005932 -13.68029785 8.12509727
v -8.60313988 -13.61068916 8.20195675
v -8.86474991 -13.68029785 7.91482878
v -8.91780472 -13.61067772 7.99155664
v -8.91780472 -13.61067772 7.99155664
v -8.91780472 -13.61067772 7.99155664
v -9.07501984 -13.68029785 7.60013771
v -9.12804222 -13.61066818 7.67677259
v -9.12804222 -13.61066818 7.67677259
v -8.91780472 -13.61067772 7.99155664
v -9.12804222 -13.61066818 7.67677259
v -0.87202865 -6.74733400 -5.83863163
v -0.87202865 -7.31715059 -6.43377113
v -2.19419932 -6.74733448 -5.62922001
v -2.37810707 -7.31715059 -6.19523096
v -2.21185303 -5.16231108 -5.18539238
v -2.21185303 -5.31199169 -5.18539238
v -3.01750588 -5.16231108 -4.77489185
v -3.01750588 -5.31199169 -4.77489185
v -3.38694668 -6.74733448 -5.02148533
v -3.73676038 -7.31715107 -5.50296307
v -4.08692312 -5.16231155 -3.70547462
v -4.08692312 -5.31199217 -3.70547485
v -4.49742413 -5.16231203 -2.89982200
v -4.49742413 -5.31199265 -2.89982224
v -4.33351612 -6.74733496 -4.07491589
v -4.81499338 -7.31715155 -4.42472982
v -4.73401308 -5.16231251 -1.40605748
v -4.73401308 -5.31199312 -1.40605748
v -4.59256411 -5.16231298 -0.51298451
v -4.59256411 -5.31199360 -0.51298457
v -4.94125128 -6.74733543 -2.88216901
v -5.50726175 -7.31715202 -3.06607699
v -3.90595579 -5.16231346 0.83455992
v -3.90595579 -5.31199408 0.83455986
v -3.26658630 -5.16231346 1.47392941
v -3.26658630 -5.31199408 1.47392941
v -5.15066290 -6.74733591 -1.55999815
v -5.74580145 -7.31715250 -1.55999839
v -1.91904163 -5.16231394 2.16053772
v -1.91904163 -5.31199455 2.16053748
v -1.02596867 -5.16231394 2.30198669
v -1.02596867 -5.31199455 2.30198646
v -4.94125128 -6.74733639 -0.23782758
v -5.50726175 -7.31715345 -0.05391980
v 0.46779585 -5.16231394 2.06539750
v 0.46779585 -5.31199455 2.06539726
v 1.27344847 -5.16231346 1.65489674
v 1.27344847 -5.31199408 1.65489674
v -4.33351612 -6.74733686 0.95491982
v -4.81499338 -7.31715345 1.30473316
v 2.34286618 -5.16231298 0.58547956
v 2.34286618 -5.31199360 0.58547950
v 2.75336671 -5.16231298 -0.22017324
v 2.75336671 -5.31199360 -0.22017330
v -3.38694668 -6.74733686 1.90148938
v -3.73676038 -7.31715441 2.38296628
v 2.98995590 -5.16231251 -1.71393752
v 2.98995590 -5.31199312 -1.71393752
v 2.84850693 -5.16231203 -2.60701036
v 2.84850693 -5.31199265 -2.60701060
v -2.19419932 -6.74733734 2.50922441
v -2.37810707 -7.31715441 3.07523441
v 2.16189861 -5.16231155 -3.95455480
v 2.16189861 -5.31199217 -3.95455503
v 1.52252913 -5.16231108 -4.59392405
v 1.52252913 -5.31199169 -4.59392405
v -0.87202865 -6.74733734 2.71863580
v -0.87202865 -7.31715441 3.31377387
v 0.17498434 -5.16231108 -5.28053236
v 0.17498434 -5.31199169 -5.28053236
v -0.71808863 -5.16231108 -5.42198181
v -0.71808863 -5.31199169 -5.42198181
v -2.13281798 -4.69715071 -5.44030762
v -3.27019238 -4.69715071 -4.86078644
v -1.93601310 -4.69715071 -5.05405617
v -3.07338786 -4.69715118 -4.47453547
v -4.17281771 -4.69715118 -3.95816112
v -4.75233936 -4.69715166 -2.82078671
v -3.78656650 -4.69715118 -3.76135635
v -4.36608791 -4.69715166 -2.62398171
v -4.95202875 -4.69715214 -1.55999732
v -4.75233936 -4.69715261 -0.29920816
v -4.52386570 -4.69715214 -1.62781179
v -4.32417631 -4.69715261 -0.36702254
v -4.17281771 -4.69715309 0.83816636
v -3.27019238 -4.69715309 1.74079180
v -3.86628723 -4.69715261 0.53163552
v -2.96366191 -4.69715309 1.43426108
v -2.13281798 -4.69715357 2.32031274
v -0.87202865 -4.69715357 2.52000237
v -2.06500363 -4.69715309 1.89215016
v -0.80421424 -4.69715357 2.09183955
v 0.38876081 -4.69715357 2.32031274
v 1.52613521 -4.69715309 1.74079180
v 0.19195592 -4.69715357 1.93406188
v 1.32933044 -4.69715309 1.35454047
v 2.42876053 -4.69715309 0.83816636
v 3.00828195 -4.69715261 -0.29920816
v 2.04250932 -4.69715261 0.64136142
v 2.62203074 -4.69715261 -0.49601308
v 3.20797110 -4.69715214 -1.55999732
v 3.00828195 -4.69715166 -2.82078671
v 2.77980852 -4.69715214 -1.49218309
v 2.58011913 -4.69715166 -2.75297260
v 2.42876053 -4.69715118 -3.95816112
v 1.52613521 -4.69715071 -4.86078644
v 2.12222981 -4.69715118 -3.65163016
v 1.21960449 -4.69715071 -4.55425549
v 0.38876081 -4.69715071 -5.44030762
v -0.87202865 -4.69715071 -5.63999748
v 0.32094622 -4.69715071 -5.01214457
v -0.93984306 -4.69715071 -5.21183443
v -4.17281771 -4.69715309 0.83816636
v -3.86628723 -4.69715261 0.53163552
v -3.86628723 -2.83715296 0.53163624
v -4.75233936 -4.69715261 -0.29920816
v -4.32417631 -2.83715296 -0.36702186
v -4.32417631 -4.69715261 -0.36702254
v -4.75233936 -4.69715261 -0.29920816
v -4.17281771 -4.69715309 0.83816636
v -4.32417631 -2.83715296 -0.36702186
v -4.32417631 -2.83715296 -0.36702186
v -3.86628723 -2.83715296 0.53163624
v -4.95202875 -4.69715214 -1.55999732
v -4.52386570 -4.69715214 -1.62781179
v -4.52386570 -2.83715200 -1.62781119
v -4.52386570 -4.69715214 -1.62781179
v -4.32417631 -4.69715261 -0.36702254
v -4.52386570 -2.83715200 -1.62781119
v -4.75233936 -4.69715166 -2.82078671
v -4.36608791 -2.83715200 -2.62398100
v -4.36608791 -4.69715166 -2.62398171
v -4.75233936 -4.69715166 -2.82078671
v -4.95202875 -4.69715214 -1.55999732
v -4.36608791 -2.83715200 -2.62398100
v -4.17281771 -4.69715118 -3.95816112
v -3.78656650 -4.69715118 -3.76135635
v -3.78656650 -2.83715200 -3.76135564
v -3.78656650 -4.69715118 -3.76135635
v -4.36608791 -4.69715166 -2.62398171
v -3.78656650 -2.83715200 -3.76135564
v -3.27019238 -4.69715071 -4.86078644
v -3.07338786 -2.83715105 -4.47453451
v -3.07338786 -4.69715118 -4.47453547
v -3.27019238 -4.69715071 -4.86078644
v -4.17281771 -4.69715118 -3.95816112
v -3.07338786 -2.83715105 -4.47453451
v -2.13281798 -4.69715071 -5.44030762
v -1.93601310 -4.69715071 -5.05405617
v -1.93601310 -2.83715105 -5.05405521
v -1.93601310 -4.69715071 -5.05405617
v -3.07338786 -4.69715118 -4.47453547
v -1.93601310 -2.83715105 -5.05405521
v -0.87202865 -4.69715071 -5.63999748
v -0.93984306 -2.83715105 -5.21183348
v -0.93984306 -4.69715071 -5.21183443
v -0.87202865 -4.69715071 -5.63999748
v -2.13281798 -4.69715071 -5.44030762
v -0.93984306 -2.83715105 -5.21183348
v -3.27019238 -4.69715309 1.74079180
v -2.96366191 -2.83715391 1.43426168
v -2.96366191 -4.69715309 1.43426108
v -3.86628723 -4.69715261 0.53163552
v -2.96366191 -4.69715309 1.43426108
v -2.96366191 -2.83715391 1.43426168
v -2.13281798 -4.69715357 2.32031274
v -2.06500363 -4.69715309 1.89215016
v -2.06500363 -2.83715391 1.89215076
v -3.27019238 -4.69715309 1.74079180
v -2.13281798 -4.69715357 2.32031274
v -2.06500363 -2.83715391 1.89215076
v -2.06500363 -2.83715391 1.89215076
v -0.87202865 -4.69715357 2.52000237
v -0.80421424 -2.83715391 2.09184027
v -0.80421424 -4.69715357 2.09183955
v -2.06500363 -4.69715309 1.89215016
v -0.80421424 -4.69715357 2.09183955
v -0.80421424 -2.83715391 2.09184027
v 0.38876081 -4.69715357 2.32031274
v 0.19195592 -4.69715357 1.93406188
v 0.19195592 -2.83715391 1.93406248
v -0.87202865 -4.69715357 2.52000237
v 0.38876081 -4.69715357 2.32031274
v 0.19195592 -2.83715391 1.93406248
v 2.42876053 -4.69715309 0.83816636
v 2.04250932 -4.69715261 0.64136142
v 2.04250932 -2.83715296 0.64136213
v 1.52613521 -4.69715309 1.74079180
v 1.32933044 -2.83715391 1.35454106
v 1.32933044 -4.69715309 1.35454047
v 0.19195592 -4.69715357 1.93406188
v 1.32933044 -4.69715309 1.35454047
v 1.32933044 -2.83715391 1.35454106
v 1.52613521 -4.69715309 1.74079180
v 2.42876053 -4.69715309 0.83816636
v 2.04250932 -2.83715296 0.64136213
v 3.00828195 -4.69715261 -0.29920816
v 2.62203074 -2.83715296 -0.49601239
v 2.62203074 -4.69715261 -0.49601308
v 2.04250932 -4.69715261 0.64136142
v 2.62203074 -4.69715261 -0.49601308
v 2.62203074 -2.83715296 -0.49601239
v 3.20797110 -4.69715214 -1.55999732
v 2.77980852 -4.69715214 -1.49218309
v 2.77980852 -2.83715200 -1.49218249
v 3.00828195 -4.69715261 -0.29920816
v 3.20797110 -4.69715214 -1.55999732
v 2.77980852 -2.83715200 -1.49218249
v 3.00828195 -4.69715166 -2.82078671
v 2.58011913 -2.83715200 -2.75297189
v 2.58011913 -4.69715166 -2.75297260
v 2.77980852 -4.69715214 -1.49218309
v 2.58011913 -4.69715166 -2.75297260
v 2.58011913 -2.83715200 -2.75297189
v 2.58011913 -2.83715200 -2.75297189
v 2.42876053 -4.69715118 -3.95816112
v 2.12222981 -4.69715118 -3.65163016
v 2.12222981 -2.83715200 -3.65162945
v 3.00828195 -4.69715166 -2.82078671
v 2.42876053 -4.69715118 -3.95816112
v 2.12222981 -2.83715200 -3.65162945
v 1.52613521 -4.69715071 -4.86078644
v 1.21960449 -2.83715105 -4.55425453
v 1.21960449 -4.69715071 -4.55425549
v 2.12222981 -4.69715118 -3.65163016
v 1.21960449 -4.69715071 -4.55425549
v 1.21960449 -2.83715105 -4.55425453
v 0.38876081 -4.69715071 -5.44030762
v 0.32094622 -4.69715071 -5.01214457
v 0.32094622 -2.83715105 -5.01214361
v 0.32094622 -4.69715071 -5.01214457
v -0.93984306 -4.69715071 -5.21183443
v 0.32094622 -2.83715105 -5.01214361
v 0.32094622 -2.83715105 -5.01214361
v 1.52613521 -4.69715071 -4.86078644
v 0.38876081 -4.69715071 -5.44030762
v 0.32094622 -2.83715105 -5.01214361
v -0.93984306 -2.83715105 -5.21183348
v 1.21960449 -2.83715105 -4.55425453
v -1.93601310 -2.83715105 -5.05405521
v -3.07338786 -2.83715105 -4.47453451
v -3.78656650 -2.83715200 -3.76135564
v -4.36608791 -2.83715200 -2.62398100
v -4.52386570 -2.83715200 -1.62781119
v -4.32417631 -2.83715296 -0.36702186
v -3.86628723 -2.83715296 0.53163624
v -2.96366191 -2.83715391 1.43426168
v -2.06500363 -2.83715391 1.89215076
v -0.80421424 -2.83715391 2.09184027
v 0.19195592 -2.83715391 1.93406248
v 1.32933044 -2.83715391 1.35454106
v 2.04250932 -2.83715296 0.64136213
v 2.62203074 -2.83715296 -0.49601239
v 2.77980852 -2.83715200 -1.49218249
v 2.58011913 -2.83715200 -2.75297189
v 2.12222981 -2.83715200 -3.65162945
v 0.45014203 -6.74733734 2.50922441
v 0.63405001 -7.31715441 3.07523441
v 1.64288926 -6.74733686 1.90148938
v 1.99270296 -7.31715441 2.38296628
v -0.81158209 -5.06431150 -5.63042355
v 0.32831419 -5.06431150 -5.44988108
v 2.58945870 -6.74733686 0.95491982
v 3.07093620 -7.31715345 1.30473316
v 3.19719410 -6.74733639 -0.23782761
v 3.76320457 -7.31715345 -0.05391989
v 3.40660524 -6.74733591 -1.55999815
v 4.00174379 -7.31715250 -1.55999839
v 1.56941032 -5.06431150 -4.81751156
v 2.38548565 -5.06431198 -4.00143576
v 3.19719410 -6.74733543 -2.88216901
v 3.76320457 -7.31715202 -3.06607699
v 2.58945870 -6.74733496 -4.07491589
v 3.07093620 -7.31715155 -4.42472982
v 1.64288926 -6.74733448 -5.02148533
v 1.99270296 -7.31715107 -5.50296307
v 3.01785564 -5.06431246 -2.76034021
v 3.19839764 -5.06431293 -1.62044394
v 0.45014203 -6.74733448 -5.62922001
v 0.63405001 -7.31715059 -6.19523096
v -2.13281798 -6.28215170 -5.44030809
v -2.13493156 -6.28216219 -5.43923092
v -2.13704491 -6.28219271 -5.43815422
v -2.18734741 -5.40999126 -5.41252375
v -2.18734741 -5.06431150 -5.41252375
v 2.98049808 -5.06431341 -0.24467875
v 2.45654488 -5.06431389 0.78363663
v -3.27019238 -6.28215170 -4.86078691
v -3.26807880 -6.28216219 -4.86186409
v -3.21566272 -5.06431150 -4.88857031
v -3.21566272 -5.40999126 -4.88857031
v -3.26596546 -6.28219271 -4.86294031
v -4.17281771 -6.28215218 -3.95816159
v -4.17389488 -6.28216267 -3.95604825
v -4.17497158 -6.28219318 -3.95393491
v -4.20060205 -5.40999174 -3.90363216
v -4.20060205 -5.06431198 -3.90363193
v 1.47160554 -5.06431389 1.76857567
v 0.44329023 -5.06431437 2.29252863
v -4.75233936 -6.28215265 -2.82078719
v -4.75126219 -6.28216314 -2.82290077
v -4.72455502 -5.06431246 -2.87531638
v -4.72455502 -5.40999222 -2.87531662
v -4.75018597 -6.28219366 -2.82501411
v -4.95202875 -6.28215313 -1.55999792
v -4.95165777 -6.28216362 -1.55765510
v -4.95128679 -6.28219414 -1.55531240
v -4.94245481 -5.40999269 -1.49955118
v -4.94245481 -5.06431293 -1.49955106
v -0.93247515 -5.06431437 2.51042843
v -2.07237148 -5.06431437 2.32988691
v -4.75233936 -6.28215361 -0.29920876
v -4.75271034 -6.28216410 -0.30155161
v -4.76191330 -5.06431341 -0.35965478
v -4.76191330 -5.40999317 -0.35965493
v -4.75308132 -6.28219461 -0.30389428
v -4.17281771 -6.28215408 0.83816576
v -4.17114067 -6.28216457 0.83984303
v -4.16946316 -6.28219509 0.84152019
v -4.12954330 -5.40999365 0.88144106
v -4.12954330 -5.06431389 0.88144118
v -3.31346750 -5.06431389 1.69751656
v -3.27019238 -6.28215408 1.74079120
v -3.27186966 -6.28216457 1.73911393
v -3.31346750 -5.40999365 1.69751644
v -3.27354693 -6.28219509 1.73743677
v -2.13281798 -6.28215456 2.32031226
v -2.13047504 -6.28216505 2.32068348
v -2.12813234 -6.28219557 2.32105446
v -2.07237148 -5.40999413 2.32988667
v -0.87202865 -6.28215456 2.52000189
v -0.87437147 -6.28216505 2.51963091
v -0.93247515 -5.40999413 2.51042819
v -0.87671417 -6.28219557 2.51925969
v 0.38876081 -6.28215456 2.32031226
v 0.39087427 -6.28216505 2.31923532
v 0.39298761 -6.28219557 2.31815863
v 0.44329023 -5.40999413 2.29252839
v 1.52613521 -6.28215408 1.74079120
v 1.52402163 -6.28216457 1.74186814
v 1.47160554 -5.40999365 1.76857555
v 1.52190828 -6.28219509 1.74294496
v 2.42876053 -6.28215408 0.83816576
v 2.42983747 -6.28216457 0.83605218
v 2.43091416 -6.28219509 0.83393884
v 2.45654488 -5.40999365 0.78363651
v 3.00828195 -6.28215361 -0.29920876
v 3.00720501 -6.28216410 -0.29709524
v 2.98049808 -5.40999317 -0.24467887
v 3.00612831 -6.28219461 -0.29498187
v 0.32831419 -5.06431150 -5.44988108
v 0.32831419 -5.40999126 -5.44988108
v 0.17498434 -5.16231108 -5.28053236
v 0.17498434 -5.31199169 -5.28053236
v 0.32831419 -5.40999126 -5.44988108
v -0.81158209 -5.40999126 -5.63042355
v 0.17498434 -5.31199169 -5.28053236
v -0.71808863 -5.31199169 -5.42198181
v -0.81158209 -5.40999126 -5.63042355
v -0.81158209 -5.06431150 -5.63042355
v -0.71808863 -5.31199169 -5.42198181
v -0.71808863 -5.16231108 -5.42198181
v -0.81158209 -5.06431150 -5.63042355
v 0.32831419 -5.06431150 -5.44988108
v -0.71808863 -5.16231108 -5.42198181
v 0.17498434 -5.16231108 -5.28053236
v 2.38548565 -5.06431198 -4.00143576
v 2.38548565 -5.40999174 -4.00143576
v 2.16189861 -5.16231155 -3.95455480
v 2.16189861 -5.31199217 -3.95455503
v 2.38548565 -5.40999174 -4.00143576
v 1.56941032 -5.40999126 -4.81751156
v 2.16189861 -5.31199217 -3.95455503
v 1.52252913 -5.31199169 -4.59392405
v 1.56941032 -5.40999126 -4.81751156
v 1.56941032 -5.06431150 -4.81751156
v 1.52252913 -5.31199169 -4.59392405
v 1.52252913 -5.16231108 -4.59392405
v 1.56941032 -5.06431150 -4.81751156
v 2.38548565 -5.06431198 -4.00143576
v 1.52252913 -5.16231108 -4.59392405
v 2.16189861 -5.16231155 -3.95455480
v 3.19839764 -5.06431293 -1.62044394
v 3.19839764 -5.40999269 -1.62044406
v 2.98995590 -5.16231251 -1.71393752
v 2.98995590 -5.31199312 -1.71393752
v 3.19839764 -5.40999269 -1.62044406
v 3.01785564 -5.40999222 -2.76034045
v 2.98995590 -5.31199312 -1.71393752
v 2.84850693 -5.31199265 -2.60701060
v 3.01785564 -5.40999222 -2.76034045
v 3.01785564 -5.06431246 -2.76034021
v 2.84850693 -5.31199265 -2.60701060
v 2.84850693 -5.16231203 -2.60701036
v 3.01785564 -5.06431246 -2.76034021
v 3.19839764 -5.06431293 -1.62044394
v 2.84850693 -5.16231203 -2.60701036
v 2.98995590 -5.16231251 -1.71393752
v 2.45654488 -5.06431389 0.78363663
v 2.45654488 -5.40999365 0.78363651
v 2.34286618 -5.16231298 0.58547956
v 2.34286618 -5.31199360 0.58547950
v 2.45654488 -5.40999365 0.78363651
v 2.98049808 -5.40999317 -0.24467887
v 2.34286618 -5.31199360 0.58547950
v 2.75336671 -5.31199360 -0.22017330
v 2.98049808 -5.40999317 -0.24467887
v 2.98049808 -5.06431341 -0.24467875
v 2.75336671 -5.31199360 -0.22017330
v 2.75336671 -5.16231298 -0.22017324
v 2.98049808 -5.06431341 -0.24467875
v 2.45654488 -5.06431389 0.78363663
v 2.75336671 -5.16231298 -0.22017324
v 2.34286618 -5.16231298 0.58547956
v 0.44329023 -5.06431437 2.29252863
v 0.44329023 -5.40999413 2.29252839
v 0.46779585 -5.16231394 2.06539750
v 0.46779585 -5.31199455 2.06539726
v 0.44329023 -5.40999413 2.29252839
v 1.47160554 -5.40999365 1.76857555
v 0.46779585 -5.31199455 2.06539726
v 1.27344847 -5.31199408 1.65489674
v 1.47160554 -5.40999365 1.76857555
v 1.47160554 -5.06431389 1.76857567
v 1.27344847 -5.31199408 1.65489674
v 1.27344847 -5.16231346 1.65489674
v 1.47160554 -5.06431389 1.76857567
v 0.44329023 -5.06431437 2.29252863
v 1.27344847 -5.16231346 1.65489674
v 0.46779585 -5.16231394 2.06539750
v -2.07237148 -5.06431437 2.32988691
v -2.07237148 -5.40999413 2.32988667
v -1.91904163 -5.16231394 2.16053772
v -1.91904163 -5.31199455 2.16053748
v -2.07237148 -5.40999413 2.32988667
v -0.93247515 -5.40999413 2.51042819
v -1.91904163 -5.31199455 2.16053748
v -1.02596867 -5.31199455 2.30198646
v -0.93247515 -5.40999413 2.51042819
v -0.93247515 -5.06431437 2.51042843
v -1.02596867 -5.31199455 2.30198646
v -1.02596867 -5.16231394 2.30198669
v -0.93247515 -5.06431437 2.51042843
v -2.07237148 -5.06431437 2.32988691
v -1.02596867 -5.16231394 2.30198669
v -1.91904163 -5.16231394 2.16053772
v -4.12954330 -5.06431389 0.88144118
v -4.12954330 -5.40999365 0.88144106
v -3.90595579 -5.16231346 0.83455992
v -3.90595579 -5.31199408 0.83455986
v -4.12954330 -5.40999365 0.88144106
v -3.31346750 -5.40999365 1.69751644
v -3.90595579 -5.31199408 0.83455986
v -3.26658630 -5.31199408 1.47392941
v -3.31346750 -5.40999365 1.69751644
v -3.31346750 -5.06431389 1.69751656
v -3.26658630 -5.31199408 1.47392941
v -3.26658630 -5.16231346 1.47392941
v -3.31346750 -5.06431389 1.69751656
v -4.12954330 -5.06431389 0.88144118
v -3.26658630 -5.16231346 1.47392941
v -3.90595579 -5.16231346 0.83455992
v -4.94245481 -5.06431293 -1.49955106
v -4.94245481 -5.40999269 -1.49955118
v -4.73401308 -5.16231251 -1.40605748
v -4.73401308 -5.31199312 -1.40605748
v -4.94245481 -5.40999269 -1.49955118
v -4.76191330 -5.40999317 -0.35965493
v -4.73401308 -5.31199312 -1.40605748
v -4.59256411 -5.31199360 -0.51298457
v -4.76191330 -5.40999317 -0.35965493
v -4.76191330 -5.06431341 -0.35965478
v -4.59256411 -5.31199360 -0.51298457
v -4.59256411 -5.16231298 -0.51298451
v -4.76191330 -5.06431341 -0.35965478
v -4.94245481 -5.06431293 -1.49955106
v -4.59256411 -5.16231298 -0.51298451
v -4.73401308 -5.16231251 -1.40605748
v -4.20060205 -5.06431198 -3.90363193
v -4.20060205 -5.40999174 -3.90363216
v -4.08692312 -5.16231155 -3.70547462
v -4.08692312 -5.31199217 -3.70547485
v -4.20060205 -5.40999174 -3.90363216
v -4.72455502 -5.40999222 -2.87531662
v -4.08692312 -5.31199217 -3.70547485
v -4.49742413 -5.31199265 -2.89982224
v -4.72455502 -5.40999222 -2.87531662
v -4.72455502 -5.06431246 -2.87531638
v -4.49742413 -5.31199265 -2.89982224
v -4.49742413 -5.16231203 -2.89982200
v -4.72455502 -5.06431246 -2.87531638
v -4.20060205 -5.06431198 -3.90363193
v -4.49742413 -5.16231203 -2.89982200
v -4.08692312 -5.16231155 -3.70547462
v -2.18734741 -5.06431150 -5.41252375
v -2.18734741 -5.40999126 -5.41252375
v -2.21185303 -5.16231108 -5.18539238
v -2.21185303 -5.31199169 -5.18539238
v -2.18734741 -5.40999126 -5.41252375
v -3.21566272 -5.40999126 -4.88857031
v -2.21185303 -5.31199169 -5.18539238
v -3.01750588 -5.31199169 -4.77489185
v -3.21566272 -5.40999126 -4.88857031
v -3.21566272 -5.06431150 -4.88857031
v -3.01750588 -5.31199169 -4.77489185
v -3.01750588 -5.16231108 -4.77489185
v -3.21566272 -5.06431150 -4.88857031
v -2.18734741 -5.06431150 -5.41252375
v -3.01750588 -5.16231108 -4.77489185
v -2.21185303 -5.16231108 -5.18539238
v 3.20797110 -6.28215313 -1.55999792
v 3.20760012 -6.28216362 -1.56234074
v 3.20722914 -6.28219414 -1.56468344
v 3.19839764 -5.40999269 -1.62044406
v 3.00828195 -6.28215265 -2.82078719
v 3.00865293 -6.28216314 -2.81844449
v 3.01785564 -5.40999222 -2.76034045
v 3.00902414 -6.28219366 -2.81610179
v 2.42876053 -6.28215218 -3.95816159
v 2.42708302 -6.28216267 -3.95983911
v 2.42540598 -6.28219318 -3.96151614
v 2.38548565 -5.40999174 -4.00143576
v 1.52613521 -6.28215170 -4.86078691
v 1.52781248 -6.28216219 -4.85910940
v 1.56941032 -5.40999126 -4.81751156
v 1.52948952 -6.28219271 -4.85743237
v 0.38876081 -6.28215170 -5.44030809
v 0.38641787 -6.28216219 -5.44067907
v 0.38407516 -6.28219271 -5.44105005
v 0.32831419 -5.40999126 -5.44988108
v -0.87202865 -6.28215170 -5.63999796
v -0.86968577 -6.28216219 -5.63962650
v -0.81158209 -5.40999126 -5.63042355
v -0.86734313 -6.28219271 -5.63925552
v -0.87202865 -6.53505993 -5.69173431
v -2.14880538 -6.53505993 -5.48951244
v -3.30060244 -6.53505993 -4.90264273
v -4.21467400 -6.53506041 -3.98857188
v -4.80154371 -6.53506088 -2.83677506
v -5.00376558 -6.53506136 -1.55999804
v -4.80154371 -6.53506184 -0.28322133
v -4.21467400 -6.53506231 0.86857569
v -3.30060244 -6.53506231 1.78264689
v -2.14880538 -6.53506279 2.36951637
v -0.87202865 -6.53506279 2.57173824
v 0.40474820 -6.53506279 2.36951637
v 1.55654502 -6.53506231 1.78264689
v 2.47061634 -6.53506231 0.86857569
v 3.05748630 -6.53506184 -0.28322133
v 3.25970793 -6.53506136 -1.55999804
v 3.05748630 -6.53506088 -2.83677506
v 2.47061634 -6.53506041 -3.98857188
v 1.55654502 -6.53505993 -4.90264273
v 0.40474820 -6.53505993 -5.48951244
v 0.40352392 -6.53507662 -5.48969269
v -0.87080854 -6.53507662 -5.69152737
v 2.46973157 -6.53507710 -3.98943758
v 1.55741072 -6.53507662 -4.90175819
v 3.25950098 -6.53507805 -1.56121802
v 3.05766678 -6.53507757 -2.83555079
v 2.47116590 -6.53507900 0.86746716
v 3.05691266 -6.53507853 -0.28212488
v 0.40584469 -6.53507948 2.36894274
v 1.55543661 -6.53507900 1.78319681
v -2.14758110 -6.53507948 2.36969686
v -0.87324870 -6.53507948 2.57153153
v -4.21378899 -6.53507900 0.86944127
v -3.30146790 -6.53507900 1.78176260
v -5.00355864 -6.53507805 -1.55877793
v -4.80172396 -6.53507853 -0.28444561
v -4.21522331 -6.53507710 -3.98746347
v -4.80097008 -6.53507757 -2.83787155
v -2.14990187 -6.53507662 -5.48893881
v -3.29949403 -6.53507662 -4.90319252
v -0.87141865 -6.53506756 -5.69163084
v -2.14935350 -6.53506756 -5.48922539
v -3.30004835 -6.53506756 -4.90291786
v -4.21494865 -6.53506804 -3.98801780
v -4.80125713 -6.53506851 -2.83732319
v -5.00366211 -6.53506899 -1.55938804
v -4.80163383 -6.53506947 -0.28383341
v -4.21423149 -6.53506994 0.86900836
v -3.30103517 -6.53506994 1.78220475
v -2.14819336 -6.53507042 2.36960673
v -0.87263858 -6.53507042 2.57163477
v 0.40529633 -6.53507042 2.36922956
v 1.55599093 -6.53506994 1.78292191
v 2.47089100 -6.53506994 0.86802149
v 3.05719948 -6.53506947 -0.28267318
v 3.25960445 -6.53506899 -1.56060803
v 3.05757642 -6.53506851 -2.83616304
v 2.47017431 -6.53506804 -3.98900461
v 1.55697775 -6.53506756 -4.90220070
v 0.40413618 -6.53506756 -5.48960257
v 7.19739771 12.86586189 -0.57154226
v 5.09895039 12.94642830 -0.92199659
v 7.26688433 13.39810562 -0.53995377
v 5.11654186 13.47950172 -0.89965320
v 4.92487812 12.78053856 0.02215521
v 5.07141829 12.81007004 -0.79777926
v 7.01062870 12.70111847 0.37038168
v 7.15716887 12.73064995 -0.44955266
v 7.11420012 13.49444199 0.41746441
v 7.26073885 13.52397156 -0.40247056
v 4.95115948 13.57698441 0.05553747
v 5.09770060 13.60651588 -0.76439726
v 7.77804422 12.72226715 -0.47293895
v 8.00164795 13.22081375 -0.41502073
v 7.55464888 12.56841087 0.46283069
v 7.70119047 12.59794044 -0.35710365
v 7.88558912 13.30626869 0.54855198
v 8.03212738 13.33579826 -0.27138337
v 8.20903969 12.40546227 -0.40732086
v 8.60410309 12.77798271 -0.32329738
v 7.94449472 12.28185463 0.52218443
v 8.09103584 12.31138611 -0.29775032
v 8.52919197 12.83318520 0.64653993
v 8.67573166 12.86271858 -0.17339514
v 8.48885345 11.94610023 -0.37385598
v 8.99522209 12.13587761 -0.27652213
v 8.19758797 11.86634636 0.55245280
v 8.34412956 11.89587784 -0.26748201
v 8.94703102 12.14722252 0.69651085
v 9.09357071 12.17675209 -0.12342386
v 8.58746147 11.34797478 -0.37777454
v 9.11566734 11.37932014 -0.28224352
v 8.28818321 11.30608559 0.54846525
v 8.43472481 11.33561707 -0.27146882
v 9.07548904 11.35280418 0.69085759
v 9.22202873 11.38233376 -0.12907764
v 7.89303827 6.96620798 -0.65969807
v 8.41777229 6.89229250 -0.56857902
v 7.59461355 6.95013285 0.26762494
v 7.74115515 6.97966051 -0.55230945
v 8.37674141 6.83996058 0.40344083
v 8.52328300 6.86949015 -0.41649434
v 7.75526953 6.37763643 -0.70551878
v 8.24778366 6.14747477 -0.62578464
v 7.46733046 6.39867449 0.22501495
v 7.61387205 6.42820787 -0.59491926
v 8.19626427 6.05803537 0.34302327
v 8.34280777 6.08756113 -0.47691086
v 7.44592714 5.94209528 -0.77649152
v 7.81538153 5.53866434 -0.72499162
v 7.18752909 6.00471544 0.16081940
v 7.33406973 6.03424692 -0.65911531
v 7.73432493 5.40763712 0.23703957
v 7.88086748 5.43716669 -0.58289450
v 6.99519873 5.66093302 -0.86717331
v 7.18534613 5.14566278 -0.85174751
v 6.77983427 5.75040293 0.07879617
v 6.92637396 5.77993441 -0.74113911
v 7.06125689 4.98778772 0.10162631
v 7.20779753 5.01731920 -0.71830887
v 6.40663385 5.56461382 -0.97583145
v 6.44085693 5.02817965 -0.98903561
v 6.22851515 5.66198206 -0.02292193
v 6.37505579 5.69150972 -0.84285706
v 6.27952051 4.86240435 -0.04260358
v 6.42606163 4.89193773 -0.86253798
v 4.42947149 5.64391375 -1.32633841
v 4.41187954 5.11084223 -1.34868228
v 4.26408863 5.74140215 -0.37114844
v 4.41062975 5.77093172 -1.19108295
v 4.23780584 4.94495058 -0.40453035
v 4.38434744 4.97448397 -1.22446525
v 6.24794054 4.98930407 0.09037105
v 6.21372223 5.52574015 0.10357603
v 4.21896553 5.07196856 -0.26927420
v 4.23655653 5.60503817 -0.24693140
v 6.99243069 5.10678720 0.22765966
v 6.80228472 5.62205935 0.21223490
v 7.62246752 5.49979067 0.35441577
v 7.25301218 5.90321970 0.30291560
v 8.05486870 6.10860109 0.45362261
v 7.56235456 6.33876276 0.37388831
v 8.22485924 6.85341692 0.51082951
v 7.70012331 6.92732859 0.41970935
v 8.92275429 11.34044647 0.79716402
v 8.39454651 11.30909920 0.70163226
v 8.80230713 12.09700203 0.80288601
v 8.29593658 11.90722466 0.70555073
v 8.41118813 12.73910713 0.75611031
v 8.01612473 12.36658859 0.67208636
v 7.80873251 13.18193817 0.66438657
v 7.58512926 12.68339348 0.60646820
v 7.07397127 13.35923004 0.53945404
v 7.00448513 12.82698441 0.50786585
v 4.92362833 13.44062805 0.17975453
v 4.90603685 12.90755272 0.15741129
v 4.92362833 13.44062805 0.17975453
v 7.07397127 13.35923004 0.53945404
v 4.95115948 13.57698441 0.05553747
v 7.11420012 13.49444199 0.41746441
v 7.00448513 12.82698441 0.50786585
v 4.90603685 12.90755272 0.15741129
v 7.01062870 12.70111847 0.37038168
v 4.92487812 12.78053856 0.02215521
v 7.80873251 13.18193817 0.66438657
v 7.88558912 13.30626869 0.54855198
v 7.58512926 12.68339348 0.60646820
v 7.55464888 12.56841087 0.46283069
v 8.41118813 12.73910713 0.75611031
v 8.52919197 12.83318520 0.64653993
v 8.01612473 12.36658859 0.67208636
v 7.94449472 12.28185463 0.52218443
v 8.80230713 12.09700203 0.80288601
v 8.94703102 12.14722252 0.69651085
v 8.29593658 11.90722466 0.70555073
v 8.19758797 11.86634636 0.55245280
v 8.92275429 11.34044647 0.79716402
v 9.07548904 11.35280418 0.69085759
v 8.39454651 11.30909920 0.70163226
v 8.28818321 11.30608559 0.54846525
v 8.22485924 6.85341692 0.51082951
v 8.37674141 6.83996058 0.40344083
v 7.70012331 6.92732859 0.41970935
v 7.59461355 6.95013285 0.26762494
v 8.05486870 6.10860109 0.45362261
v 8.19626427 6.05803537 0.34302327
v 7.56235456 6.33876276 0.37388831
v 7.46733046 6.39867449 0.22501495
v 7.62246752 5.49979067 0.35441577
v 7.73432493 5.40763712 0.23703957
v 7.25301218 5.90321970 0.30291560
v 7.18752909 6.00471544 0.16081940
v 6.99243069 5.10678720 0.22765966
v 7.06125689 4.98778772 0.10162631
v 6.80228472 5.62205935 0.21223490
v 6.77983427 5.75040293 0.07879617
v 6.24794054 4.98930407 0.09037105
v 6.27952051 4.86240435 -0.04260358
v 6.21372223 5.52574015 0.10357603
v 6.22851515 5.66198206 -0.02292193
v 4.21896553 5.07196856 -0.26927420
v 4.23780584 4.94495058 -0.40453035
v 4.23655653 5.60503817 -0.24693140
v 4.26408863 5.74140215 -0.37114844
v 6.42606163 4.89193773 -0.86253798
v 4.38434744 4.97448397 -1.22446525
v 6.44085693 5.02817965 -0.98903561
v 4.41187954 5.11084223 -1.34868228
v 4.41062975 5.77093172 -1.19108295
v 6.37505579 5.69150972 -0.84285706
v 4.42947149 5.64391375 -1.32633841
v 6.40663385 5.56461382 -0.97583145
v 7.20779753 5.01731920 -0.71830887
v 7.18534613 5.14566278 -0.85174751
v 6.92637396 5.77993441 -0.74113911
v 6.99519873 5.66093302 -0.86717331
v 7.88086748 5.43716669 -0.58289450
v 7.81538153 5.53866434 -0.72499162
v 7.33406973 6.03424692 -0.65911531
v 7.44592714 5.94209528 -0.77649152
v 8.34280777 6.08756113 -0.47691086
v 8.24778366 6.14747477 -0.62578464
v 7.61387205 6.42820787 -0.59491926
v 7.75526953 6.37763643 -0.70551878
v 8.52328300 6.86949015 -0.41649434
v 8.41777229 6.89229250 -0.56857902
v 7.74115515 6.97966051 -0.55230945
v 7.89303827 6.96620798 -0.65969807
v 9.22202873 11.38233376 -0.12907764
v 9.11566734 11.37932014 -0.28224352
v 8.43472481 11.33561707 -0.27146882
v 8.58746147 11.34797478 -0.37777454
v 9.09357071 12.17675209 -0.12342386
v 8.99522209 12.13587761 -0.27652213
v 8.34412956 11.89587784 -0.26748201
v 8.48885345 11.94610023 -0.37385598
v 8.67573166 12.86271858 -0.17339514
v 8.60410309 12.77798271 -0.32329738
v 8.09103584 12.31138611 -0.29775032
v 8.20903969 12.40546227 -0.40732086
v 8.03212738 13.33579826 -0.27138337
v 8.00164795 13.22081375 -0.41502073
v 7.70119047 12.59794044 -0.35710365
v 7.77804422 12.72226715 -0.47293895
v 7.26073885 13.52397156 -0.40247056
v 7.26688433 13.39810562 -0.53995377
v 7.15716887 12.73064995 -0.44955266
v 7.19739771 12.86586189 -0.57154226
v 5.09770060 13.60651588 -0.76439726
v 5.11654186 13.47950172 -0.89965320
v 5.07141829 12.81007004 -0.79777926
v 5.09895039 12.94642830 -0.92199659
v 2.33922029 7.36403894 2.92907286
v 2.41159487 3.85990095 2.52472568
v 3.57406712 7.36404085 1.69422615
v 3.16972160 3.85990095 1.76659966
v -2.44981527 0.33745813 -5.31434822
v -2.42556906 -0.12134695 -5.09580564
v -3.04240394 0.33745813 -5.01240873
v -2.87985110 -0.12134695 -4.86433792
v 3.15248775 0.33745718 -1.85595441
v 2.93714905 -0.12134790 -1.90042830
v 3.04844666 0.33745718 -2.51284361
v 2.85739064 -0.12134790 -2.40400362
v 2.85935426 0.33745623 -0.00517914
v 2.55741501 0.33745623 0.58740926
v 2.64081144 -0.12134886 -0.02942559
v 2.40934277 -0.12134886 0.42485625
v 0.63981736 0.33745527 2.21435714
v 0.61557114 -0.12134981 1.99581468
v 1.23240614 0.33745527 1.91241813
v 1.06985331 -0.12134981 1.76434624
v -3.56077528 -2.88080454 0.37953755
v -3.55754113 -3.20958471 0.37718761
v -2.83453369 -2.88080454 1.10577941
v -2.83218336 -3.20958471 1.10254502
v -3.57047772 -2.55383635 0.38658708
v -2.84158278 -2.55383635 1.11548209
v -4.62265396 -0.96977186 -1.55280066
v -4.35831070 -1.60076380 -1.55039418
v -4.43983269 -0.96977282 -0.39851031
v -4.18917084 -1.60076475 -0.48248595
v -1.91941524 -2.88080549 1.57205534
v -1.91817987 -3.20958567 1.56825328
v -0.90499896 -2.88080549 1.73272300
v -0.90499896 -3.20958567 1.72872531
v -1.92312133 -2.55383730 1.58346176
v -0.90499896 -2.55383730 1.74471641
v -3.91099644 -0.96977186 -3.73744750
v -3.69855285 -1.60076380 -3.58012390
v -4.44156551 -0.96977186 -2.69614697
v -4.18941689 -1.60076380 -2.61674976
v -1.86784720 0.33745527 2.40344977
v -1.75900698 -0.12134981 2.21239376
v -1.21095777 0.33745527 2.50749087
v -1.25543153 -0.12134981 2.29215193
v -4.85844517 0.33745623 -0.58714741
v -4.96248579 0.33745623 -1.24403667
v -4.66738892 -0.12134886 -0.69598782
v -4.74714661 -0.12134886 -1.19956315
v -4.00773668 0.33745623 1.08246088
v -3.80738282 -0.12134886 0.99186796
v -3.53745556 0.33745527 1.55274177
v -3.44686270 -0.12134981 1.35238814
v -4.36741257 0.33745718 -3.68740034
v -4.21934128 -0.12134790 -3.52484798
v -4.66935158 0.33745718 -3.09481215
v -4.45080948 -0.12134790 -3.07056594
v -0.91205281 0.09913874 2.82077956
v -1.21095777 0.33745527 2.50749087
v -0.90173823 -0.59571123 2.39130092
v -1.25543153 -0.12134981 2.29215193
v -2.24893427 0.09913874 2.60903859
v -2.24893427 0.09913874 2.60903859
v -2.12602758 -0.59571123 2.19739270
v -1.86784720 0.33745527 2.40344977
v -1.75900698 -0.12134981 2.21239376
v -4.02705193 -2.88080359 -2.56441283
v -4.02324963 -3.20958376 -2.56317735
v -4.18771887 -2.88080359 -1.54999673
v -4.18372154 -3.20958376 -1.54999673
v -4.03845787 -2.55383539 -2.56811857
v -4.19971228 -2.55383539 -1.54999661
v -3.91429353 -0.96977282 0.63291740
v -3.69902039 -1.60076475 0.47948736
v -3.08791256 -0.96977377 1.45929813
v -2.93448257 -1.60076475 1.24402511
v -4.02705193 -2.88080454 -0.53558058
v -4.02324963 -3.20958471 -0.53681606
v -4.03845787 -2.55383635 -0.53187436
v -2.05648470 -0.96977377 1.98483694
v -1.97250938 -1.60076571 1.73417509
v -0.90219438 -0.96977377 2.16765809
v -0.90460110 -1.60076571 1.90331495
v 0.10941726 -2.88080549 1.57205558
v 0.10818201 -3.20958567 1.56825328
v 1.02453589 -2.88080454 1.10577929
v 1.02218592 -3.20958471 1.10254502
v 0.11312342 -2.55383730 1.58346176
v 1.03158498 -2.55383635 1.11548209
v 0.24115205 -0.96977377 1.98657012
v 0.16175461 -1.60076571 1.73442078
v 1.28245282 -0.96977377 1.45600104
v 1.12512875 -1.60076475 1.24355745
v 1.75077748 -2.88080454 0.37953755
v 1.74754357 -3.20958471 0.37718761
v 2.21705365 -2.88080454 -0.53558058
v 2.21325159 -3.20958471 -0.53681606
v 1.76048040 -2.55383635 0.38658708
v 2.22845960 -2.55383635 -0.53187436
v 2.10099840 -0.96977282 0.63745528
v 1.88855505 -1.60076475 0.48013115
v 2.63156748 -0.96977282 -0.40384501
v 2.37941861 -1.60076475 -0.48324275
v 4.35736513 7.36404276 -3.25132108
v 3.99517441 3.85990286 -3.44510484
v 3.56454468 7.36404276 -4.80731821
v 3.50842714 3.85990381 -4.40039873
v 3.56454468 7.36404276 -4.80731821
v 3.56454468 7.36404276 -4.80731821
v 3.24370241 3.83218622 -4.57608843
v -1.26523423 4.13503027 3.26298118
v -1.36712492 6.04476023 3.51827025
v -2.04968643 4.13503027 3.13873649
v -2.03167081 6.04476023 3.41301703
v -2.60632753 7.36403894 3.71237016
v -2.48267484 3.83218336 3.33671308
v -0.91309941 7.36403894 3.98055124
v -0.91461563 3.83218145 3.58506918
v -3.47978282 0.09913874 1.98188972
v -3.53745556 0.33745527 1.55274177
v -3.21899700 -0.59571123 1.64049709
v -3.44686270 -0.12134981 1.35238814
v -4.02543163 4.13503027 2.13204360
v -4.25791740 6.04476213 2.27868724
v -4.58703709 4.13503027 1.57043827
v -4.73368073 6.04476213 1.80292499
v -4.43688488 0.09913969 1.02478814
v -4.09549236 -0.59571028 0.76400238
v -4.00773668 0.33745623 1.08246088
v -3.80738282 -0.12134886 0.99186796
v 2.81265593 -0.96977186 -1.54719150
v 2.54831290 -1.60076380 -1.54959846
v 2.62983418 -0.96977186 -2.70148182
v 2.37917280 -1.60076380 -2.61750674
v 2.10429573 -0.96977186 -3.73290968
v 1.88902283 -1.60076380 -3.57947969
v 1.27791476 -0.96977091 -4.55929041
v 1.12448502 -1.60076284 -4.34401751
v 2.37772107 -2.88080359 -1.54999673
v 2.37372351 -3.20958376 -1.54999673
v 2.21705389 -2.88080359 -2.56441283
v 2.21325159 -3.20958376 -2.56317735
v 2.38971424 -2.55383539 -1.54999661
v 2.22845960 -2.55383539 -2.56811857
v -0.90780360 -0.96977091 -5.26765013
v 0.24648690 -0.96977091 -5.08482838
v -0.90539688 -1.60076284 -5.00330734
v 0.16251147 -1.60076284 -4.83416796
v 1.75077748 -2.88080359 -3.47953153
v 1.74754357 -3.20958376 -3.47718143
v 1.02453589 -2.88080263 -4.20577240
v 1.02218592 -3.20958281 -4.20253897
v 1.76048017 -2.55383539 -3.48658061
v 1.03158522 -2.55383444 -4.21547508
v -3.09245038 -0.96977091 -4.55599308
v -2.05115008 -0.96977091 -5.08656168
v -2.93512654 -1.60076284 -4.34354973
v -1.97175264 -1.60076284 -4.83441305
v 2.19773889 0.33745813 -4.18245220
v 1.99738526 -0.12134695 -4.09185934
v 1.72745776 0.33745813 -4.65273285
v 1.63686490 -0.12134695 -4.45237970
v 2.35232735 7.36404276 -6.01953602
v 2.44792008 6.04476404 -5.37867403
v 2.12109566 3.83218431 -5.69869471
v 2.21543384 4.13503313 -5.23203182
v 2.77703977 4.13503313 -4.67042637
v 2.92368293 6.04476404 -4.90291119
v 2.33922029 7.36403894 2.92907286
v 1.70018458 6.04476023 2.82194901
v 2.10553598 3.83218145 2.61001182
v 1.63256073 4.13503027 2.55552578
v 0.79632938 7.36404276 -6.81235600
v 2.35232735 7.36404276 -6.01953602
v 0.99011159 3.85990477 -6.45016718
v 1.94540620 3.85990381 -5.96341991
v -0.59904015 0.33745813 -5.60748196
v 0.05784929 0.33745813 -5.50344086
v -0.55456644 -0.12134695 -5.39214325
v -0.05099112 -0.12134695 -5.31238508
v -0.89689857 7.36404276 -7.08053684
v -1.19311953 3.85990477 -6.79595661
v -2.62173533 7.36404276 -6.80734921
v -2.25207186 3.85990477 -6.62823439
v -0.54476380 4.13503313 -6.36296940
v -0.44287306 6.04476404 -6.61825657
v 0.23968828 4.13503313 -6.23872423
v 0.22167277 6.04476404 -6.51300192
v -5.37454271 7.36404085 1.70733285
v -5.05370092 3.83218336 1.47610021
v 2.28549433 -0.59570837 -3.86399412
v 2.84584403 0.00084162 -3.97362304
v 2.84239030 -0.59570932 -2.77102470
v 3.26044703 0.00084066 -3.15991831
v 3.04367518 0.53127813 -4.07973576
v 2.84584403 0.00084162 -3.97362304
v 2.77879262 0.62761641 -4.23443365
v 2.62688684 0.09914160 -4.12477875
v 3.22487164 1.37040377 -4.18760490
v 2.93702054 1.45048475 -4.34920692
v 3.38220072 2.48951387 -4.29517746
v 3.09438562 2.53094339 -4.46459389
v 2.37772107 -2.88080359 -1.54999673
v 2.37372351 -3.20958376 -1.54999673
v 2.38971424 -2.55383539 -1.54999661
v 0.10941732 -2.88080263 -4.67204809
v 0.10818201 -3.20958281 -4.66824675
v -0.90499896 -2.88080263 -4.83271551
v -0.90499896 -3.20958281 -4.82871866
v 0.11312354 -2.55383444 -4.68345499
v -0.90499896 -2.55383444 -4.84470892
v -1.91941524 -2.88080263 -4.67204809
v -1.91817987 -3.20958281 -4.66824675
v -2.83453321 -2.88080263 -4.20577240
v -2.83218336 -3.20958281 -4.20253897
v -1.92312121 -2.55383444 -4.68345499
v -2.84158278 -2.55383444 -4.21547508
v 0.81173754 7.36403894 3.70736456
v 0.69096887 3.83218336 3.33077002
v 1.10068882 6.04476023 3.12740755
v 0.92489624 4.13503027 2.91609907
v -4.16232491 7.36403894 2.91955018
v -3.93109345 3.83218145 2.59870648
v 0.45235336 0.09913874 2.60467887
v 0.30982757 -0.59571123 2.19940805
v 0.63981736 0.33745527 2.21435714
v 0.61557114 -0.12134981 1.99581468
v -0.90825975 -0.59570837 -5.49129248
v -1.14893317 0.00084162 -6.00906324
v -0.89794523 0.09914160 -5.92077065
v 1.73261118 1.37040377 -5.67986536
v 1.89421344 1.45048475 -5.39201403
v 1.62474108 0.53127813 -5.49866867
v 1.77943969 0.62761641 -5.23378611
v 1.51862836 0.00084162 -5.30083704
v 1.66978526 0.09914160 -5.08188009
v 0.31603003 -0.59570837 -5.29738379
v 0.70492387 0.00084162 -5.71544027
v 1.40899920 -0.59570837 -4.74048853
v 1.51862836 0.00084162 -5.30083704
v 2.81265593 -0.96977186 -1.54719150
v 2.54831290 -1.60076380 -1.54959846
v -3.56077528 -2.88080359 -3.47953153
v -3.55754113 -3.20958376 -3.47718143
v -3.57047772 -2.55383539 -3.48658085
v -1.19860482 1.37040472 -6.44147921
v -0.89867085 1.45048475 -6.30358887
v -1.17936826 0.53127813 -6.23148346
v -0.89852053 0.62761641 -6.10811806
v -5.05967426 0.09914064 -2.90734792
v -4.66935158 0.33745718 -3.09481215
v -4.65440321 -0.59570932 -2.76482201
v -4.45080948 -0.12134790 -3.07056594
v -4.44517708 0.09914160 -4.11336565
v -4.09165955 -0.59570837 -3.86926985
v -4.36741257 0.33745718 -3.68740034
v -4.21934128 -0.12134790 -3.52484798
v 1.65837193 0.09913874 1.99018204
v 1.23240614 0.33745527 1.91241813
v 1.41427541 -0.59571123 1.63666368
v 1.06985331 -0.12134981 1.76434624
v 4.35235929 7.36404085 0.16674322
v 3.77240229 6.04476213 0.45569408
v 3.97576571 3.83218241 0.04597355
v 3.56109476 4.13503122 0.27990118
v -5.38406515 7.36404276 -4.79421186
v -5.06500578 3.83218622 -4.56052828
v -5.27694225 6.04476404 -4.15517616
v -5.01051950 4.13503313 -4.08755350
v -0.59904015 0.33745813 -5.60748196
v -0.55456644 -0.12134695 -5.39214325
v 0.43893635 0.09914160 -5.70902920
v 0.31603003 -0.59570837 -5.29738379
v 0.05784929 0.33745813 -5.50344086
v -0.05099112 -0.12134695 -5.31238508
v 0.67267692 3.83218718 -6.43670082
v 0.79632938 7.36404276 -6.81235600
v 0.79632938 7.36404276 -6.81235600
v 0.61741233 2.53094339 -6.25873375
v 0.21449053 2.86667395 -6.04911041
v 0.55792403 1.45048475 -6.07288790
v 0.17118680 1.75457239 -5.85301447
v -0.89781761 2.53094435 -6.49872303
v -0.57939345 2.86667395 -6.17484951
v -0.59880632 1.75457239 -5.97496939
v -0.89538240 3.83218527 -6.68505716
v -0.57939345 2.86667395 -6.17484951
v -6.16235733 7.36404276 -3.26672888
v -5.58240080 6.04476404 -3.55568051
v -5.78576374 3.83218336 -3.14596176
v -5.37109232 4.13503218 -3.37988877
v 3.57406712 7.36404085 1.69422615
v 3.25500774 3.83218336 1.46054029
v 3.46694469 6.04476213 1.05518961
v 3.20052195 4.13503122 0.98756540
v 2.63517880 0.09913969 1.01337492
v 2.28166103 -0.59571028 0.76927841
v 2.55741501 0.33745623 0.58740926
v 2.40934277 -0.12134886 0.42485625
v -5.06403399 0.09913969 -0.20606036
v -5.06403399 0.09913969 -0.20606036
v -4.85844517 0.33745623 -0.58714741
v -4.65238857 -0.59571028 -0.32896698
v -4.66738892 -0.12134886 -0.69598782
v -5.27577448 0.09914064 -1.54294169
v -5.27577448 0.09914064 -1.54294169
v -4.84629631 -0.59570932 -1.55325663
v -4.96248579 0.33745623 -1.24403667
v -4.74714661 -0.12134886 -1.19956315
v -0.89689857 7.36404276 -7.08053684
v -2.13731503 1.37040377 -6.29280138
v -2.09071779 0.53127813 -6.08713961
v -2.05093145 0.00084162 -5.86620045
v -2.11982560 -0.59570837 -5.29939938
v -2.11982560 -0.59570837 -5.29939938
v -5.60930061 2.53094244 -3.08606553
v -5.20288038 2.86667299 -3.28882241
v 0.49737716 0.62761641 -5.88702965
v 0.11667401 0.88330698 -5.66595268
v 3.24967575 0.09913969 -0.19264327
v 2.85935426 0.33745623 -0.00517914
v 2.84440541 -0.59571028 -0.33516935
v 2.64081144 -0.12134886 -0.02942559
v 4.35736513 7.36404276 -3.25132108
v 4.05801201 6.04476404 -2.67666507
v 3.98170900 3.83218336 -3.12766981
v 3.78373194 4.13503218 -2.69468117
v -6.43554354 7.36404085 -1.54189253
v -6.04006243 3.83218527 -1.54037762
v -5.97326326 6.04476213 -1.08786762
v -5.71797419 4.13503122 -1.18975890
v -6.16736364 7.36404085 0.15133527
v -5.86801004 6.04476213 -0.42332155
v -5.79170704 3.83218241 0.02768167
v -5.59372997 4.13503122 -0.40530697
v -3.44255853 4.13503313 -5.65551376
v -3.51018238 6.04476404 -5.92193556
v -2.73489451 4.13503313 -6.01608706
v -2.91068649 6.04476404 -6.22739363
v 4.62554502 7.36404085 -1.55809331
v 4.23006439 3.83218527 -1.55961084
v 4.16326523 6.04476213 -2.01211905
v 3.90797663 4.13503218 -1.91022956
v 3.46577644 0.09914064 -1.55704951
v 3.03629827 -0.59570932 -1.54673517
v 3.15248775 0.33745718 -1.85595441
v 2.93714905 -0.12134790 -1.90042830
v -4.68971539 1.37040377 -4.66266870
v -4.01767349 1.37040377 -5.33471107
v -4.53113270 0.53127813 -4.52367449
v -3.87867832 0.53127813 -5.17612839
v -4.36908054 0.00084162 -4.36831665
v -3.72332001 0.00084162 -5.01407623
v -3.22427368 -0.59570837 -4.73665571
v -4.09165955 -0.59570837 -3.86926985
v -5.42398119 1.45048380 -3.02495503
v -5.01878119 1.75457144 -3.20859385
v -3.46836948 0.09914160 -5.09017324
v -3.04240394 0.33745813 -5.01240873
v -3.22427368 -0.59570837 -4.73665571
v -2.87985110 -0.12134695 -4.86433792
v 3.25403595 0.09914064 -2.89393091
v 3.04844666 0.33745718 -2.51284361
v 2.84239030 -0.59570932 -2.77102470
v 2.85739064 -0.12134790 -2.40400362
v -2.26235127 0.09914160 -5.70466995
v -2.11982560 -0.59570837 -5.29939938
v -2.44981527 0.33745813 -5.31434822
v -2.42556906 -0.12134695 -5.09580564
v -4.14921856 7.36404276 -6.02905846
v -4.22159290 3.85990381 -5.62471390
v -5.38406515 7.36404276 -4.79421186
v -4.97971964 3.85990381 -4.86658812
v -6.16235733 7.36404276 -3.26672888
v -5.98324060 3.85990286 -2.89706659
v -6.43554354 7.36404085 -1.54189253
v -6.15096188 3.85990286 -1.83811486
v -3.22427368 -0.59570837 -4.73665571
v -3.69397187 1.45048475 -5.39945269
v -3.57895517 0.62761641 -5.24140215
v 0.88578820 1.37040377 -6.11134291
v 0.80260086 0.53127813 -5.91757011
v 1.51862836 0.00084162 -5.30083704
v 1.40899920 -0.59570837 -4.74048853
v 0.31603003 -0.59570837 -5.29738379
v -5.61373901 2.53094149 -0.02758351
v -5.40411568 2.86667204 -0.43050513
v -5.37454271 7.36404085 1.70733285
v -6.16736364 7.36404085 0.15133527
v -5.31842518 3.85990095 1.30041075
v -5.80517244 3.85990191 0.34511620
v 3.65634966 1.37040281 -3.34078169
v 3.46257639 0.53127718 -3.25759482
v 2.84584403 0.00084162 -3.97362304
v 3.26044703 0.00084066 -3.15991831
v 2.84239030 -0.59570932 -2.77102470
v 2.28549433 -0.59570837 -3.86399412
v -0.91309941 7.36403894 3.98055124
v -0.61687851 3.85990095 3.69596815
v 0.81173754 7.36403894 3.70736456
v 0.44207370 3.85990095 3.52824688
v -2.60632753 7.36403894 3.71237016
v -4.16232491 7.36403894 2.91955018
v -2.80010939 3.85990095 3.35017848
v -3.75540400 3.85990095 2.86343145
v 3.03629827 -0.59570932 -1.54673517
v 3.46577644 0.09914064 -1.55704951
v 3.55406904 0.00084066 -1.30606151
v 3.98648453 1.37040186 -1.25638938
v 3.83780766 1.37040186 -0.31767926
v 3.77648926 0.53127623 -1.27562618
v 3.63214588 0.53127623 -0.36427683
v 3.41120625 0.00083971 -0.40406317
v 2.84440541 -0.59571028 -0.33516935
v 3.03629827 -0.59570932 -1.54673517
v 1.94365144 1.75457239 -4.94989920
v 1.82435632 0.88330698 -4.79584551
v 1.72745776 0.33745813 -4.65273285
v 3.84859562 1.45048380 -1.55632329
v 3.65312433 0.62761545 -1.55647397
v 4.35736513 7.36404276 -3.25132108
v 4.35736513 7.36404276 -3.25132108
v -4.84629631 -0.59570932 -1.55325663
v -5.36406755 0.00084066 -1.79392993
v -4.65440321 -0.59570932 -2.76482201
v -5.22120476 0.00084066 -2.69592810
v 2.28166103 -0.59571028 0.76927841
v 2.55908203 0.00083971 1.26832509
v -0.60476708 0.88330698 -5.78021765
v 2.49490523 1.75457239 -4.39864492
v 2.34085107 0.88330698 -4.27935028
v 2.87971735 1.37040091 1.56267869
v 2.72113442 0.53127527 1.42368340
v 2.94445944 1.45048285 1.23897791
v 2.78640771 0.62761450 1.12396073
v 2.84440541 -0.59571028 -0.33516935
v 3.61398315 1.45048285 -0.07503527
v 3.42803192 0.62761450 -0.13529660
v -2.62173533 7.36404276 -6.80734921
v -2.50096679 3.83218718 -6.43075752
v -4.09549236 -0.59571028 0.76400238
v -4.65584230 0.00083971 0.87363154
v -4.65238857 -0.59571028 -0.32896698
v -5.07044506 0.00083971 0.05992708
v 2.20767522 1.37040091 2.23472095
v 2.06868029 0.53127527 2.07613730
v 1.91332221 0.00083876 1.91408479
v 1.41427541 -0.59571123 1.63666368
v 2.28166103 -0.59571028 0.76927841
v -5.42789173 1.45048285 -0.08707214
v -5.20801878 1.75457048 -0.47380924
v 2.19773889 0.33745813 -4.18245220
v 0.30982757 -0.59571123 2.19940805
v 0.24093354 0.00083876 2.76620936
v 0.32731700 1.37040091 3.19281149
v 0.28071964 0.53127527 2.98714876
v 0.56996095 1.45048189 2.96898651
v 0.50969982 0.62761354 2.78303528
v 1.41427541 -0.59571123 1.63666368
v 1.88397408 1.45048189 2.29946280
v 1.76895714 0.62761354 2.14141130
v -4.14921856 7.36404276 -6.02905846
v -3.91553354 3.83218431 -5.71000004
v -0.61139333 1.37040091 3.34148860
v -0.63062978 0.53127527 3.13149238
v -0.66106492 0.00083876 2.90907216
v -0.90173823 -0.59571123 2.39130092
v 0.30982757 -0.59571123 2.19940805
v -3.80797863 2.53094339 -5.55782080
v -3.35999990 2.86667395 -5.48296690
v -3.25821853 1.75457239 -5.30984974
v -5.52985382 2.86667204 -1.22438908
v -5.32997370 1.75457048 -1.24380231
v -5.20801878 1.75457048 -0.47380924
v -3.21899700 -0.59571123 1.64049709
v -2.12602758 -0.59571123 2.19739270
v -3.32862616 0.00083876 2.20084667
v -2.51492167 0.00083876 2.61544991
v -2.12602758 -0.59571123 2.19739270
v -2.51492167 0.00083876 2.61544991
v -2.51492167 0.00083876 2.61544991
v -2.69578600 1.37040091 3.01135302
v -2.61259890 0.53127527 2.81757927
v -2.36792207 1.45048189 2.97289729
v -2.30737495 0.62761354 2.78703904
v -2.51492167 0.00083876 2.61544991
v -0.90173823 -0.59571123 2.39130092
v -0.91132718 1.45048189 3.20359921
v -0.91147751 0.62761354 3.00812745
v -3.54260874 1.37040091 2.57987499
v -3.43473911 0.53127527 2.39867783
v -3.32862616 0.00083876 2.20084667
v -3.21899700 -0.59571123 1.64049709
v -2.12602758 -0.59571123 2.19739270
v -0.90173823 -0.59571123 2.39130092
v 0.30982757 -0.59571123 2.19940805
v -4.09549236 -0.59571028 0.76400238
v -4.65584230 0.00083971 0.87363154
v -5.03487015 1.37040186 1.08761466
v -4.85367346 0.53127623 0.97974473
v -4.74701834 1.45048285 1.24921691
v -4.58879042 0.62761450 1.13444304
v -4.65584230 0.00083971 0.87363154
v -3.21899700 -0.59571123 1.64049709
v -3.70421124 1.45048189 2.29202366
v -3.58943748 0.62761354 2.13379526
v -3.32862616 0.00083876 2.20084667
v 1.41427541 -0.59571123 1.63666368
v 2.28166103 -0.59571028 0.76927841
v -5.46634769 1.37040186 0.24079199
v -5.27257442 0.53127623 0.15760450
v -5.07044506 0.00083971 0.05992708
v -5.07044506 0.00083971 0.05992708
v -4.65238857 -0.59571028 -0.32896698
v -4.09549236 -0.59571028 0.76400238
v 2.64520168 2.86667395 -4.53183651
v 2.64520168 2.86667395 -4.53183651
v -4.84629631 -0.59570932 -1.55325663
v -5.36406755 0.00084066 -1.79392993
v -5.79648304 1.37040281 -1.84360099
v -5.58648777 0.53127718 -1.82436478
v -5.65859413 1.45048380 -1.54366696
v -5.46312237 0.62761545 -1.54351699
v -5.36406755 0.00084066 -1.79392993
v -4.65238857 -0.59571028 -0.32896698
v -5.24203444 0.62761450 -0.14761938
v -5.07044506 0.00083971 0.05992708
v -4.09165955 -0.59570837 -3.86926985
v -4.75445747 1.45048475 -4.33896780
v -4.59640598 0.62761641 -4.22395182
v -5.64780569 1.37040281 -2.78231049
v -5.44214439 0.53127718 -2.73571396
v -5.22120476 0.00084066 -2.69592810
v -4.65440321 -0.59570932 -2.76482201
v -4.84629631 -0.59570932 -1.55325663
v -2.44106984 2.53094339 -6.25429535
v -2.64382696 2.86667395 -5.84787512
v -2.37995911 1.45048475 -6.06897640
v -2.56359768 1.75457239 -5.66377687
v 0.83382928 2.86667109 2.74788642
v 0.75359988 1.75456953 2.56378722
v 1.55000210 2.86667109 2.38297749
v 1.44822097 1.75456953 2.20985985
v 2.28549433 -0.59570837 -3.86399412
v -4.65440321 -0.59570932 -2.76482201
v -5.23803043 0.62761545 -2.96469402
v -5.22120476 0.00084066 -2.69592810
v 2.84440541 -0.59571028 -0.33516935
v 3.03629827 -0.59570932 -1.54673517
v -6.95395422 14.36441231 -1.54999101
v -7.21606541 14.33506584 -1.54999018
v -6.65789700 14.36441231 0.31924009
v -6.90718031 14.33506584 0.40023637
v -6.43554354 7.36404085 -1.54189253
v -6.16736364 7.36404085 0.15133527
v -6.16736364 7.36404085 0.15133527
v -7.21606541 14.33506584 -1.54999018
v -6.90718031 14.33506584 0.40023637
v -6.90718031 14.33506584 0.40023637
v -2.60632753 7.36403894 3.71237016
v -2.60632753 7.36403894 3.71237016
v -2.75983810 2.48951101 3.19085717
v -3.65018153 2.48951101 2.73720407
v 3.02797389 2.86667204 0.90500647
v 2.85485601 1.75457048 0.80322456
v 3.39288235 2.86667204 0.18883348
v 3.20878363 1.75457048 0.10860383
v -2.42741013 2.53094053 3.15874505
v 3.56454468 7.36404276 -4.80731821
v 2.28549433 -0.59570837 -3.86399412
v 1.99738526 -0.12134695 -4.09185934
v 1.40899920 -0.59570837 -4.74048853
v 1.63686490 -0.12134695 -4.45237970
v 2.65048790 14.36441040 3.34371591
v 2.80455327 14.33506393 3.55576992
v 3.98870850 14.36441231 2.00549626
v 4.20076180 14.33506584 2.15956140
v 4.20076180 14.33506584 2.15956140
v 2.80455327 14.33506393 3.55576992
v 0.38100755 2.48951101 3.37568188
v -0.60594606 2.48951101 3.53200006
v 3.71985579 2.86667299 -1.87560022
v 3.51997566 1.75457144 -1.85618794
v 3.59411764 2.86667299 -2.66948414
v 3.39802074 1.75457144 -2.62618065
v -0.91309941 7.36403894 3.98055124
v 0.79632938 7.36404276 -6.81235600
v 0.94984019 2.48951387 -6.29084635
v 1.84018397 2.48951387 -5.83719349
v 2.00960064 2.53094339 -5.54937840
v 1.40899920 -0.59570837 -4.74048853
v 0.96423006 14.36441040 4.20290709
v 1.04522800 14.33506393 4.45219040
v 0.81173754 7.36403894 3.70736456
v 2.33922029 7.36403894 2.92907286
v 1.04522800 14.33506393 4.45219040
v 1.04522800 14.33506393 4.45219040
v -0.91218042 2.53094053 3.39873338
v -5.19219875 2.48951197 1.19518793
v -5.64585161 2.48951197 0.30484429
v 2.64520168 2.86667395 -4.53183651
v 2.49490523 1.75457239 -4.39864492
v 2.07684326 2.86667395 -5.10019445
v 1.94365144 1.75457239 -4.94989920
v -2.62173533 7.36404276 -6.80734921
v -5.37454271 7.36404085 1.70733285
v -5.37454271 7.36404085 1.70733285
v -4.90438366 2.53094053 1.36460447
v -5.98699427 2.48951292 -1.84904802
v -5.83067656 2.48951292 -2.83600092
v -0.89689857 7.36404276 -7.08053684
v -1.20405197 2.48951483 -6.63198996
v 4.84397268 14.36439133 0.33249286
v 5.09718180 14.33506584 0.40023637
v 4.35235929 7.36404085 0.16674322
v 5.09718180 14.33506584 0.40023637
v 5.09718180 14.33506584 0.40023637
v 3.57406712 7.36404085 1.69422615
v -4.84064102 2.48951387 -4.77905464
v -4.13405991 2.48951387 -5.48563528
v 3.03629827 -0.59570932 -1.54673517
v 0.17118680 1.75457239 -5.85301447
v -0.57939345 2.86667395 -6.17484951
v -0.59880632 1.75457239 -5.97496939
v 0.31603003 -0.59570837 -5.29738379
v 2.07684326 2.86667395 -5.10019445
v 2.07684326 2.86667395 -5.10019445
v -2.31969786 0.62761641 -5.88302612
v -2.49774718 0.88330698 -5.48039913
v -4.16232491 7.36403894 2.91955018
v -4.16232491 7.36403894 2.91955018
v -3.81959820 2.53094053 2.44938922
v 3.61789370 1.45048380 -3.01291800
v 3.39802074 1.75457144 -2.62618065
v 3.43203592 0.62761545 -2.95237112
v 3.21095848 0.88330603 -2.57166815
v -3.14856863 0.88330698 -5.14878893
v 3.84859562 1.45048380 -1.55632329
v 3.65312433 0.62761545 -1.55647397
v 3.51997566 1.75457144 -1.85618794
v 3.32522345 0.88330603 -1.85022759
v -3.22427368 -0.59570837 -4.73665571
v -4.09165955 -0.59570837 -3.86926985
v 4.04372883 2.53094244 -1.55717611
v 3.71985579 2.86667299 -1.87560022
v 3.71985579 2.86667299 -1.87560022
v -2.56359768 1.75457239 -5.66377687
v -3.25821853 1.75457239 -5.30984974
v -5.85372734 2.53094244 -1.54281330
v 3.80374098 2.53094244 -3.07240582
v 3.59411764 2.86667299 -2.66948414
v 3.59411764 2.86667299 -2.66948414
v -5.52985382 2.86667204 -1.22438908
v -5.52985382 2.86667204 -1.22438908
v -5.32997370 1.75457048 -1.24380231
v -5.13522100 0.88330507 -1.24976349
v 3.20878363 1.75457048 0.10860383
v 3.02540517 0.88330507 0.04275277
v -5.38406515 7.36404276 -4.79421186
v -4.91282606 2.53094339 -4.45297432
v 2.85485601 1.75457048 0.80322456
v 2.69379473 0.88330507 0.69357419
v -5.02095652 0.88330507 -0.52832228
v -4.65238857 -0.59571028 -0.32896698
v -4.84629631 -0.59570932 -1.55325663
v -6.16235733 7.36404276 -3.26672888
v 3.10282803 2.53094053 1.35298491
v 3.02797389 2.86667204 0.90500647
v 3.02797389 2.86667204 0.90500647
v -4.83797216 2.86667395 -4.00499487
v -4.66485405 1.75457239 -3.90321445
v -5.01878119 1.75457144 -3.20859385
v -2.19100571 2.48951483 -6.47567177
v 3.79930305 2.53094149 -0.01392373
v 3.39288235 2.86667204 0.18883348
v 3.39288235 2.86667204 0.18883348
v -4.83797216 2.86667395 -4.00499487
v -4.83797216 2.86667395 -4.00499487
v -4.66485405 1.75457239 -3.90321445
v -4.50379276 0.88330603 -3.79356456
v -4.14921856 7.36404276 -6.02905846
v 1.44822097 1.75456953 2.20985985
v 1.33857083 0.88330412 2.04879832
v 0.75359988 1.75456953 2.56378722
v 0.68774915 0.88330412 2.38040853
v -2.11982560 -0.59570837 -5.29939938
v -4.83540344 0.88330603 -3.14274359
v -4.65440321 -0.59570932 -2.76482201
v -4.09165955 -0.59570837 -3.86926985
v -3.88684082 2.86667109 2.00020528
v -3.75364876 1.75456953 1.84990883
v 0.63107204 2.53094053 3.15430665
v 0.83382928 2.86667109 2.74788642
v 0.83382928 2.86667109 2.74788642
v 3.26044703 0.00084066 -3.15991831
v -4.45519924 2.86667109 1.43184721
v -4.30490303 1.75456953 1.29865456
v 1.99798083 2.53094053 2.45783162
v 1.55000210 2.86667109 2.38297749
v 1.55000210 2.86667109 2.38297749
v -4.15084934 0.88330507 1.17935956
v 4.62554502 7.36404085 -1.55809331
v 4.34096384 3.85990191 -1.26187372
v 4.23006439 3.83218527 -1.55961084
v -4.30490303 1.75456953 1.29865456
v -3.75364876 1.75456953 1.84990883
v 4.17699623 2.48951197 -1.25094175
v 4.04372883 2.53094244 -1.55717611
v 0.30982757 -0.59571123 2.19940805
v 1.41427541 -0.59571123 1.63666368
v -3.63435364 0.88330412 1.69585431
v 2.28166103 -0.59571028 0.76927841
v 2.84440541 -0.59571028 -0.33516935
v -1.23060465 2.86667109 3.07486010
v 4.62554502 7.36404085 -1.55809331
v -1.21119177 1.75456953 2.87497926
v 2.84239030 -0.59570932 -2.77102470
v 3.03629827 -0.59570932 -1.54673517
v 2.84239030 -0.59570932 -2.77102470
v 2.35232735 7.36404276 -6.01953602
v 2.35232735 7.36404276 -6.01953602
v 3.83585358 2.48951292 -3.40483379
v -2.02448845 2.86667109 2.94912148
v -1.98118484 1.75456953 2.75302434
v -1.21119177 1.75456953 2.87497926
v 1.40899920 -0.59570837 -4.74048853
v 2.28549433 -0.59570837 -3.86399412
v -2.02448845 2.86667109 2.94912148
v 0.31603003 -0.59570837 -5.29738379
v -2.02448845 2.86667109 2.94912148
v -1.98118484 1.75456953 2.75302434
v -1.92667198 0.88330412 2.56596184
v -2.11982560 -0.59570837 -5.29939938
v -3.22427368 -0.59570837 -4.73665571
v 3.03064275 2.48951101 1.67906582
v -3.21899700 -0.59571123 1.64049709
v -4.09549236 -0.59571028 0.76400238
v -1.20523095 0.88330412 2.68022680
v -2.12602758 -0.59571123 2.19739270
v -0.90173823 -0.59571123 2.39130092
v 4.84789848 14.36441422 -3.41922069
v 5.09718180 14.33506775 -3.50021720
v 3.98870945 14.36441422 -5.10547590
v 4.20076180 14.33506775 -5.25954247
v 5.09718180 14.33506775 -3.50021720
v 5.09718180 14.33506775 -3.50021720
v 4.20076180 14.33506775 -5.25954247
v 4.20076180 14.33506775 -5.25954247
v -4.83540344 0.88330603 -3.14274359
v -4.50379276 0.88330603 -3.79356456
v 5.14431763 14.36439133 -1.56380868
v 5.40606785 14.33506584 -1.54999018
v 5.40606785 14.33506584 -1.54999018
v 4.17324257 3.85990191 -0.20292160
v -4.15084934 0.88330507 1.17935956
v -3.63435364 0.88330412 1.69585431
v 2.65048695 14.36441422 -6.44369745
v 2.80455327 14.33506775 -6.65575027
v 0.96423173 14.36441422 -7.30288744
v 1.04522800 14.33506775 -7.55217123
v 2.80455327 14.33506775 -6.65575027
v 2.80455327 14.33506775 -6.65575027
v 1.04522800 14.33506775 -7.55217123
v 1.04522800 14.33506775 -7.55217123
v 4.02067852 2.48951197 -0.26398826
v -5.02095652 0.88330507 -0.52832228
v -5.13522100 0.88330507 -1.24976349
v -1.20523095 0.88330412 2.68022680
v -1.92667198 0.88330412 2.56596184
v 0.68774915 0.88330412 2.38040853
v 1.33857083 0.88330412 2.04879832
v -0.90499979 14.36441422 -7.59894371
v -0.90499896 14.33506966 -7.86105680
v -2.77422762 14.36441422 -7.30288744
v -2.85522556 14.33506775 -7.55217123
v -2.85522556 14.33506775 -7.55217123
v -2.85522556 14.33506775 -7.55217123
v -0.90499896 14.33506966 -7.86105680
v 2.69379473 0.88330507 0.69357419
v 3.02540517 0.88330507 0.04275277
v -4.46048641 14.36441422 -6.44369602
v -4.61455154 14.33506775 -6.65575027
v -4.61455154 14.33506775 -6.65575027
v 3.21095848 0.88330603 -2.57166815
v 3.32522345 0.88330603 -1.85022759
v -5.79870605 14.36441422 -5.10547733
v -6.01076031 14.33506775 -5.25954247
v -6.65789700 14.36441422 -3.41921926
v -6.90718031 14.33506775 -3.50021720
v -6.90718031 14.33506775 -3.50021720
v -6.90718031 14.33506775 -3.50021720
v -6.01076031 14.33506775 -5.25954247
v -5.79870749 14.36441231 2.00549483
v -6.01076031 14.33506584 2.15956140
v -4.46048546 14.36441040 3.34371710
v -4.61455154 14.33506393 3.55576992
v -4.61455154 14.33506393 3.55576992
v -4.61455154 14.33506393 3.55576992
v -6.01076031 14.33506584 2.15956140
v 2.34085107 0.88330698 -4.27935028
v 1.82435632 0.88330698 -4.79584551
v -2.77422929 14.36441040 4.20290709
v -2.85522556 14.33506393 4.45219040
v -0.90499812 14.36441040 4.49896383
v -0.90499896 14.33506393 4.76107550
v -2.85522556 14.33506393 4.45219040
v -2.85522556 14.33506393 4.45219040
v -0.90499896 14.33506393 4.76107550
v -0.60476708 0.88330698 -5.78021765
v 0.11667401 0.88330698 -5.66595268
v 2.32406163 2.48951101 2.38564634
v -2.49774718 0.88330698 -5.48039913
v -3.14856863 0.88330698 -5.14878893
v 4.35235929 7.36404085 0.16674322
v 5.40606785 14.33506584 -1.54999018
v 4.62554502 7.36404085 -1.55809331
v 5.58675051 14.57626343 -1.54999709
v 5.17575216 14.59734917 -1.56373787
v 5.26901960 14.57626343 0.45607701
v 4.87389040 14.59734917 0.34213933
v -4.72075510 14.57626534 3.70194650
v -2.91106009 14.57626534 4.62403154
v -4.47895956 14.59737396 3.36914515
v -2.78394175 14.59737396 4.23279953
v -0.90499896 14.57626534 4.94176054
v 1.10106242 14.57626534 4.62403154
v -0.90499812 14.59737396 4.53039455
v 0.97394264 14.59737396 4.23279953
v -6.15693665 14.57626724 2.26576519
v -5.82413578 14.59737587 2.02396965
v -7.07902145 14.57626724 0.45607096
v -6.68778944 14.59737587 0.32895288
v -7.39675045 14.57626724 -1.54999006
v -6.98538494 14.59737587 -1.54999089
v -7.07902145 14.57626915 -3.55605173
v -6.68778944 14.59737778 -3.42893171
v -4.72075510 14.57626915 -6.80192661
v -6.15693665 14.57626915 -5.36574602
v -4.47896099 14.59737778 -6.46912479
v -5.82413483 14.59737778 -5.12395191
v -2.91106009 14.57627106 -7.72401142
v -2.78394032 14.59737778 -7.33278084
v -0.90499896 14.57627106 -8.04174042
v -0.90499979 14.59737778 -7.63037539
v 1.10106242 14.57627106 -7.72401142
v 0.97394431 14.59737778 -7.33278084
v 2.91075683 14.57626915 -6.80192661
v 2.66896176 14.59737778 -6.46912575
v 4.34693861 14.57626915 -5.36574602
v 4.01413774 14.59737778 -5.12395096
v 5.26902342 14.57626915 -3.55605173
v 4.87776423 14.59737778 -3.42898846
v 4.34693861 14.57626724 2.26576519
v 4.01409388 14.59737587 2.02401471
v 2.91075683 14.57626534 3.70194650
v 2.66896272 14.59737396 3.36914396
v -7.46535301 14.21373940 -1.54999030
v -7.14426565 14.21373940 0.47727028
v -7.39675045 14.57626724 -1.54999006
v -7.07902145 14.57626724 0.45607096
v -6.21243763 14.21373940 2.30608869
v -6.15693665 14.57626724 2.26576519
v -4.76107836 14.21373749 3.75744748
v -4.72075510 14.57626534 3.70194650
v -2.93225956 14.21373749 4.68927670
v -2.91106009 14.57626534 4.62403154
v -0.90499896 14.21373749 5.01036263
v -0.90499896 14.57626534 4.94176054
v 1.12226188 14.21373749 4.68927670
v 1.10106242 14.57626534 4.62403154
v 2.95108008 14.21373749 3.75744748
v 2.91075683 14.57626534 3.70194650
v 4.40243959 14.21373940 2.30608869
v 4.34693861 14.57626724 2.26576519
v 5.33426809 14.21373940 0.47727028
v 5.26901960 14.57626343 0.45607701
v 5.65535545 14.21373940 -1.54999030
v 5.58675051 14.57626343 -1.54999709
v 5.33426809 14.21374130 -3.57725096
v 5.26902342 14.57626915 -3.55605173
v 4.40243959 14.21374130 -5.40606928
v 4.34693861 14.57626915 -5.36574602
v 2.95108008 14.21374130 -6.85742712
v 2.91075683 14.57626915 -6.80192661
v 1.12226188 14.21374321 -7.78925753
v 1.10106242 14.57627106 -7.72401142
v -0.90499896 14.21374321 -8.11034393
v -0.90499896 14.57627106 -8.04174042
v -2.93225956 14.21374321 -7.78925753
v -2.91106009 14.57627106 -7.72401142
v -4.76107836 14.21374130 -6.85742712
v -4.72075510 14.57626915 -6.80192661
v -6.21243763 14.21374130 -5.40606928
v -6.15693665 14.57626915 -5.36574602
v -7.14426565 14.21374130 -3.57725096
v -7.07902145 14.57626915 -3.55605173
v -6.60036802 14.36968613 0.30054778
v -6.89346457 14.36968613 -1.54999101
v -6.68778944 14.59737587 0.32895288
v -6.98538494 14.59737587 -1.54999089
v -6.60036802 14.36968803 -3.40052676
v -6.68778944 14.59737778 -3.42893171
v -5.74976921 14.36968803 -5.06992292
v -5.82413483 14.59737778 -5.12395191
v -4.42493153 14.36968803 -6.39475918
v -4.47896099 14.59737778 -6.46912479
v -2.75553536 14.36968803 -7.24535799
v -2.78394032 14.59737778 -7.33278084
v -0.90499973 14.36968803 -7.53845453
v -0.90499979 14.59737778 -7.63037539
v 0.94553936 14.36968803 -7.24535799
v 0.97394431 14.59737778 -7.33278084
v 2.61493230 14.36968803 -6.39476061
v 2.66896176 14.59737778 -6.46912575
v 3.93977213 14.36968803 -5.06992149
v 4.01413774 14.59737778 -5.12395096
v 4.79036951 14.36968803 -3.40052843
v 4.87776423 14.59737778 -3.42898846
v 5.08382416 14.36966324 -1.56367052
v 5.17575216 14.59734917 -1.56373787
v 4.78648281 14.36966324 0.31366804
v 4.87389040 14.59734917 0.34213933
v 3.93977118 14.36968613 1.96994150
v 4.01409388 14.59737587 2.02401471
v 2.61493349 14.36968422 3.29477859
v 2.66896272 14.59737396 3.36914396
v 0.94553769 14.36968422 4.14537859
v 0.97394264 14.59737396 4.23279953
v -0.90499812 14.36968422 4.43847466
v -0.90499812 14.59737396 4.53039455
v -2.75553703 14.36968422 4.14537811
v -2.78394175 14.59737396 4.23279953
v -4.42493010 14.36968422 3.29478002
v -4.47895956 14.59737396 3.36914515
v -5.74977064 14.36968613 1.96994030
v -5.82413578 14.59737587 2.02396965
v -6.89346457 14.36968613 -1.54999101
v -4.69806433 15.06101990 -1.54999065
v -6.60036802 14.36968803 -3.40052676
v -4.51241875 15.06102180 -2.72211075
v -5.74976921 14.36968803 -5.06992292
v -3.97365284 15.06102180 -3.77949858
v -4.42493153 14.36968803 -6.39475918
v -3.13450813 15.06102180 -4.61864233
v -2.75553536 14.36968803 -7.24535799
v -2.07711959 15.06102180 -5.15740824
v -0.90499973 14.36968803 -7.53845453
v -0.90499896 15.06102180 -5.34305477
v 0.94553936 14.36968803 -7.24535799
v 0.26712430 15.06102562 -5.15740824
v 2.61493230 14.36968803 -6.39476061
v 1.32450986 15.06102562 -4.61864376
v 3.93977213 14.36968803 -5.06992149
v 2.16365719 15.06102562 -3.77949739
v 4.79036951 14.36968803 -3.40052843
v 2.70316625 15.06100464 -2.72080803
v 5.08382416 14.36966324 -1.56367052
v 2.88811898 15.06102371 -1.56219828
v 4.78648281 14.36966324 0.31366804
v 2.69869804 15.06102371 -0.36624151
v 3.93977118 14.36968613 1.96994150
v 2.16476822 15.06100273 0.67850763
v 2.61493349 14.36968422 3.29477859
v 1.32451057 15.06102371 1.51866364
v 0.94553769 14.36968422 4.14537859
v 0.26712239 15.06102371 2.05742955
v -0.90499812 14.36968422 4.43847466
v -0.90499765 15.06102371 2.24307513
v -2.75553703 14.36968422 4.14537811
v -2.07712078 15.06101990 2.05742931
v -4.42493010 14.36968422 3.29478002
v -3.13450623 15.06101990 1.51866472
v -5.74977064 14.36968613 1.96994030
v -3.97365403 15.06101990 0.67951727
v -6.60036802 14.36968613 0.30054778
v -4.51241827 15.06101990 -0.37786734
v 1.23754930 15.29814148 -2.24351382
v 0.91665101 15.29813194 -2.87349463
v 1.34672856 15.29812813 -1.56116486
v 0.41850734 15.29812050 -3.37163806
v -0.20918924 15.29810143 -3.69146538
v -0.90499848 15.29807854 -3.80167031
v -1.60080552 15.29806137 -3.69146538
v -2.22850537 15.29804802 -3.37163687
v -2.72664642 15.29803467 -2.87349582
v -3.04647446 15.29802513 -2.24579716
v -3.15667987 15.29802513 -1.54999042
v -3.04647398 15.29803276 -0.85418087
v -2.72664738 15.29804611 -0.22648543
v -2.22850323 15.29805946 0.27165866
v -1.60080695 15.29807663 0.59148598
v -0.90499753 15.29809952 0.70169127
v -0.20919138 15.29811859 0.59148645
v 0.41850781 15.29813004 0.27165774
v 0.91837549 15.29814148 -0.22832656
v 1.23306775 15.29812813 -0.84353995
v -7.14426565 14.21373940 0.47727028
v -7.46535301 14.21373940 -1.54999030
v -6.36814022 14.21373940 0.22509180
v -6.64928627 14.21373940 -1.54999030
v -7.14426565 14.21374130 -3.57725096
v -6.36814022 14.21374130 -3.32507253
v -6.21243763 14.21374130 -5.40606928
v -5.55222559 14.21374130 -4.92639685
v -4.76107836 14.21374130 -6.85742712
v -4.28140640 14.21374130 -6.19721508
v -2.93225956 14.21374321 -7.78925753
v -2.68008089 14.21374130 -7.01313114
v -0.90499896 14.21374321 -8.11034393
v -0.90499896 14.21374130 -7.29427671
v 1.12226188 14.21374321 -7.78925753
v 0.87008321 14.21374130 -7.01313114
v 2.95108008 14.21374130 -6.85742712
v 2.47140837 14.21374130 -6.19721508
v 4.40243959 14.21374130 -5.40606928
v 3.74222708 14.21374130 -4.92639685
v 5.33426809 14.21374130 -3.57725096
v 4.55814266 14.21374130 -3.32507253
v 5.65535545 14.21373940 -1.54999030
v 4.83928776 14.21373940 -1.54999030
v 5.33426809 14.21373940 0.47727028
v 4.55814266 14.21373940 0.22509180
v 4.40243959 14.21373940 2.30608869
v 3.74222708 14.21373940 1.82641673
v 2.95108008 14.21373749 3.75744748
v 2.47140837 14.21373749 3.09723496
v 1.12226188 14.21373749 4.68927670
v 0.87008345 14.21373749 3.91315103
v -0.90499896 14.21373749 5.01036263
v -0.90499896 14.21373749 4.19429588
v -2.93225956 14.21373749 4.68927670
v -2.68008089 14.21373749 3.91315103
v -4.76107836 14.21373749 3.75744748
v -4.28140640 14.21373749 3.09723496
v -6.21243763 14.21373940 2.30608869
v -5.55222559 14.21373940 1.82641673
v -4.50289536 -7.22505522 3.64958119
v -7.18304777 -9.22508240 8.11027336
v -3.61503744 -7.52167797 4.31114340
v -5.50020599 -8.92845917 7.44871044
v 5.43899059 -9.22508240 8.11027336
v 2.75883770 -7.22505522 3.64958119
v 3.75614929 -8.92845917 7.44871044
v 1.87097979 -7.52167797 4.31114340
v 5.50437164 -11.52683067 8.11460114
v 2.31617141 -11.52683067 8.11460114
v 2.31617141 -11.52683067 8.11460114
v 5.67437172 -11.70790863 8.30462933
v 5.67437172 -11.70790863 8.30462933
v 2.40117145 -11.70790863 8.30462933
v 2.40117145 -11.70790863 8.30462933
v -0.87202883 -11.52683067 8.11460114
v -0.87202883 -11.52683067 8.11460114
v -0.87202883 -11.70790863 8.30462933
v -0.87202883 -11.70790863 8.30462933
v -4.06022930 -11.52683067 8.11460114
v -4.06022930 -11.52683067 8.11460114
v -4.14522934 -11.70790863 8.30462933
v -4.14522934 -11.70790863 8.30462933
v -7.24842930 -11.52683067 8.11460114
v -7.24842930 -11.52683067 8.11460114
v -7.41842937 -11.70790863 8.30462933
v -4.50289536 -7.22505522 3.64958119
v -2.68746209 -7.22505522 3.64958119
v -4.60489082 -6.87393761 3.57484412
v -2.73846006 -6.87393761 3.57484412
v -0.87202883 -7.22505522 3.64958119
v -0.87202883 -6.87393761 3.57484412
v 0.94340444 -7.22505522 3.64958119
v 0.99440229 -6.87393761 3.57484412
v 2.75883770 -7.22505522 3.64958119
v 2.86083341 -6.87393761 3.57484412
v -0.87202883 -9.40972519 8.21278763
v -0.87202883 -10.68790817 8.15350723
v -2.73846006 -6.87393761 3.57484412
v -2.71391940 -6.87393761 3.35989881
v -0.87202883 -6.87393761 3.57484412
v -0.87202883 -6.87393761 3.35989881
v 0.99440229 -6.87393761 3.57484412
v 0.96986175 -6.87393761 3.35989881
v -7.41842937 -10.62794876 8.34433460
v -0.87202883 -11.52683067 8.11460114
v 5.67437172 -10.62794876 8.34433460
v 0.49947548 -7.52167797 4.31114340
v 1.44206047 -8.92845917 7.44871044
v -0.87202871 -7.52167797 4.31114340
v -0.87202847 -8.92845917 7.44871044
v -2.24353313 -7.52167797 4.31114340
v -3.18611741 -8.92845917 7.44871044
v 2.28348136 -9.22508240 8.11027336
v 5.48633814 -9.29788589 8.18733692
v 2.30715466 -9.29788589 8.18733692
v -0.87202847 -9.22508240 8.11027336
v -0.87202883 -9.29788589 8.18733692
v -4.02753830 -9.22508240 8.11027336
v -4.05121231 -9.29788589 8.18733692
v -7.23039579 -9.29788589 8.18733692
v -2.68746209 -7.22505522 3.64958119
v -0.87202883 -7.22505522 3.64958119
v 0.94340444 -7.22505522 3.64958119
v -3.31036234 -8.30978966 7.49522066
v -3.31036234 -9.08539581 7.14746475
v -2.46975279 -7.05520296 4.69709492
v -2.46975279 -7.83080912 4.34933901
v -5.16848183 -8.30978966 7.49522066
v -5.16848183 -9.08539581 7.14746475
v -3.31036234 -8.30978966 7.49522066
v -3.31036234 -9.08539581 7.14746475
v -3.48726273 -7.05520296 4.69709492
v -3.48726273 -7.83080912 4.34933901
v -5.16848183 -8.30978966 7.49522066
v -5.16848183 -9.08539581 7.14746475
v -2.46975279 -7.05520296 4.69709492
v -2.46975279 -7.83080912 4.34933901
v -3.48726273 -7.05520296 4.69709492
v -3.48726273 -7.83080912 4.34933901
v -1.04285419 -8.30766296 7.48997450
v -1.04285419 -9.08326912 7.14221859
v -1.04285443 -7.05307674 4.69184971
v -1.04285443 -7.82868242 4.34409380
v -2.92709374 -8.30766296 7.48997450
v -2.92709374 -9.08326912 7.14221859
v -1.04285419 -8.30766296 7.48997450
v -1.04285419 -9.08326912 7.14221859
v -2.08648443 -7.05307674 4.69184971
v -2.08648443 -7.82868242 4.34409380
v -2.92709374 -8.30766296 7.48997450
v -2.92709374 -9.08326912 7.14221859
v -1.04285443 -7.05307674 4.69184971
v -1.04285443 -7.82868242 4.34409380
v -2.08648443 -7.05307674 4.69184971
v -2.08648443 -7.82868242 4.34409380
v 1.18303680 -8.30766296 7.48997450
v 1.18303680 -9.08326912 7.14221859
v 0.34242678 -7.05307674 4.69184971
v 0.34242678 -7.82868242 4.34409380
v -0.70120275 -8.30766296 7.48997450
v -0.70120275 -9.08326912 7.14221859
v 1.18303680 -8.30766296 7.48997450
v 1.18303680 -9.08326912 7.14221859
v -0.70120299 -7.05307674 4.69184971
v -0.70120299 -7.82868242 4.34409380
v -0.70120275 -8.30766296 7.48997450
v -0.70120275 -9.08326912 7.14221859
v 0.34242678 -7.05307674 4.69184971
v 0.34242678 -7.82868242 4.34409380
v -0.70120299 -7.05307674 4.69184971
v -0.70120299 -7.82868242 4.34409380
v 3.42442465 -8.30978966 7.49522066
v 3.42442465 -9.08539581 7.14746475
v 1.74320555 -7.05520296 4.69709492
v 1.74320555 -7.83080912 4.34933901
v 1.56630564 -8.30978966 7.49522066
v 1.56630564 -9.08539581 7.14746475
v 3.42442465 -8.30978966 7.49522066
v 3.42442465 -9.08539581 7.14746475
v 0.72569549 -7.05520296 4.69709492
v 0.72569549 -7.83080912 4.34933901
v 1.56630564 -8.30978966 7.49522066
v 1.56630564 -9.08539581 7.14746475
v 1.74320555 -7.05520296 4.69709492
v 1.74320555 -7.83080912 4.34933901
v 0.72569549 -7.05520296 4.69709492
v 0.72569549 -7.83080912 4.34933901
v 0.85213280 -7.00341177 4.82600927
v 1.63986826 -8.17908478 7.44813204
v 1.69127965 -6.99982977 4.81801939
v 3.27635098 -8.18266678 7.45612144
v -0.60120296 -7.00274134 4.82400990
v -0.60120273 -8.17550278 7.43963909
v 0.26886404 -7.00128555 4.82076359
v 1.05659962 -8.17695808 7.44288588
v -2.01292157 -7.00128555 4.82076359
v -2.80065656 -8.17695808 7.44288588
v -1.14285445 -7.00274134 4.82400990
v -1.14285421 -8.17550278 7.43963909
v -3.43533683 -6.99982977 4.81801939
v -5.02040768 -8.18266678 7.45612144
v -2.59619021 -7.00341177 4.82600927
v -3.38392520 -8.17908478 7.44813204
v -3.43533683 -6.99982977 4.81801939
v -2.59619021 -7.00341177 4.82600927
v -3.48726273 -7.05520296 4.69709492
v -2.46975279 -7.05520296 4.69709492
v -5.02040768 -8.18266678 7.45612144
v -3.43533683 -6.99982977 4.81801939
v -5.16848183 -8.30978966 7.49522066
v -3.48726273 -7.05520296 4.69709492
v -3.38392520 -8.17908478 7.44813204
v -5.02040768 -8.18266678 7.45612144
v -3.31036234 -8.30978966 7.49522066
v -5.16848183 -8.30978966 7.49522066
v -2.59619021 -7.00341177 4.82600927
v -3.38392520 -8.17908478 7.44813204
v -3.38392520 -8.17908478 7.44813204
v -2.46975279 -7.05520296 4.69709492
v -2.46975279 -7.05520296 4.69709492
v -3.31036234 -8.30978966 7.49522066
v -2.01292157 -7.00128555 4.82076359
v -1.14285445 -7.00274134 4.82400990
v -2.08648443 -7.05307674 4.69184971
v -1.04285443 -7.05307674 4.69184971
v -2.80065656 -8.17695808 7.44288588
v -2.01292157 -7.00128555 4.82076359
v -2.92709374 -8.30766296 7.48997450
v -2.08648443 -7.05307674 4.69184971
v -1.14285421 -8.17550278 7.43963909
v -2.80065656 -8.17695808 7.44288588
v -1.04285419 -8.30766296 7.48997450
v -2.92709374 -8.30766296 7.48997450
v -1.14285445 -7.00274134 4.82400990
v -1.14285421 -8.17550278 7.43963909
v -1.04285443 -7.05307674 4.69184971
v -1.04285419 -8.30766296 7.48997450
v -0.60120296 -7.00274134 4.82400990
v 0.26886404 -7.00128555 4.82076359
v -0.70120299 -7.05307674 4.69184971
v 0.34242678 -7.05307674 4.69184971
v -0.60120273 -8.17550278 7.43963909
v -0.60120296 -7.00274134 4.82400990
v -0.70120275 -8.30766296 7.48997450
v -0.70120299 -7.05307674 4.69184971
v 1.05659962 -8.17695808 7.44288588
v -0.60120273 -8.17550278 7.43963909
v 1.18303680 -8.30766296 7.48997450
v -0.70120275 -8.30766296 7.48997450
v 0.26886404 -7.00128555 4.82076359
v 1.05659962 -8.17695808 7.44288588
v 0.34242678 -7.05307674 4.69184971
v 1.18303680 -8.30766296 7.48997450
v 0.85213280 -7.00341177 4.82600927
v 1.69127965 -6.99982977 4.81801939
v 0.72569549 -7.05520296 4.69709492
v 1.74320555 -7.05520296 4.69709492
v 1.63986826 -8.17908478 7.44813204
v 0.85213280 -7.00341177 4.82600927
v 0.85213280 -7.00341177 4.82600927
v 1.56630564 -8.30978966 7.49522066
v 1.56630564 -8.30978966 7.49522066
v 0.72569549 -7.05520296 4.69709492
v 3.27635098 -8.18266678 7.45612144
v 1.63986826 -8.17908478 7.44813204
v 3.42442465 -8.30978966 7.49522066
v 1.56630564 -8.30978966 7.49522066
v 1.69127965 -6.99982977 4.81801939
v 3.27635098 -8.18266678 7.45612144
v 1.74320555 -7.05520296 4.69709492
v 3.42442465 -8.30978966 7.49522066
v 1.88140321 -7.58555651 4.23947334
v 1.87097979 -7.44167805 4.31114340
v 3.77373648 -8.99768448 7.38896275
v 3.75614929 -8.84845924 7.44871044
v 3.60083628 -8.95579338 7.29553652
v 3.58390379 -8.80672836 7.35563755
v 1.82077146 -7.62744570 4.33289957
v 1.81057763 -7.48340845 4.40421629
v 3.75614929 -8.84845924 7.44871044
v 1.87097979 -7.44167805 4.31114340
v 3.58390379 -8.80672836 7.35563755
v 1.81057763 -7.48340845 4.40421629
v 0.50468719 -7.58555651 4.23947334
v 0.49947548 -7.44167805 4.31114340
v 1.88140321 -7.58555651 4.23947334
v 1.87097979 -7.44167805 4.31114340
v 1.82077146 -7.62744570 4.33289957
v 1.81057763 -7.48340845 4.40421629
v 0.63891935 -7.62744570 4.33289957
v 0.63319945 -7.48340845 4.40421629
v 0.49947548 -7.44167805 4.31114340
v 0.63319945 -7.48340845 4.40421629
v 0.63891935 -7.62744570 4.33289957
v 0.63319945 -7.48340845 4.40421629
v 1.52895164 -8.95579338 7.29553652
v 1.51986265 -8.80672836 7.35563755
v 1.44206047 -8.84845924 7.44871044
v 1.51986265 -8.80672836 7.35563755
v 3.77373648 -8.99768448 7.38896275
v 3.75614929 -8.84845924 7.44871044
v 1.45085406 -8.99768448 7.38896275
v 1.44206047 -8.84845924 7.44871044
v 1.52895164 -8.95579338 7.29553652
v 1.51986265 -8.80672836 7.35563755
v 3.60083628 -8.95579338 7.29553652
v 3.58390379 -8.80672836 7.35563755
v 1.31662202 -8.95579338 7.29553652
v 1.30833673 -8.80672836 7.35563755
v 0.42658949 -7.62744570 4.33289957
v 0.42167342 -7.48340845 4.40421629
v 1.30833673 -8.80672836 7.35563755
v 0.42167342 -7.48340845 4.40421629
v -0.87202871 -7.58555651 4.23947334
v -0.87202871 -7.44167805 4.31114340
v 0.42658949 -7.62744570 4.33289957
v 0.42167342 -7.48340845 4.40421629
v -0.76964116 -7.62744570 4.33289957
v -0.77002871 -7.48340845 4.40421629
v -0.87202871 -7.44167805 4.31114340
v -0.77002871 -7.48340845 4.40421629
v -0.76964116 -7.62744570 4.33289957
v -0.77002871 -7.48340845 4.40421629
v -0.76964080 -8.95579338 7.29553652
v -0.77002847 -8.80672836 7.35563755
v -0.87202847 -8.84845924 7.44871044
v -0.77002847 -8.80672836 7.35563755
v -0.87202847 -8.99768448 7.38896275
v -0.87202847 -8.84845924 7.44871044
v -0.76964080 -8.95579338 7.29553652
v -0.77002847 -8.80672836 7.35563755
v 1.31662202 -8.95579338 7.29553652
v 1.30833673 -8.80672836 7.35563755
v -0.97441608 -8.95579338 7.29553652
v -0.97402847 -8.80672836 7.35563755
v -0.97441632 -7.62744570 4.33289957
v -0.97402871 -7.48340845 4.40421629
v -0.97402847 -8.80672836 7.35563755
v -0.97402871 -7.48340845 4.40421629
v -2.24874473 -7.58555651 4.23947334
v -2.24353313 -7.44167805 4.31114340
v -0.97441632 -7.62744570 4.33289957
v -0.97402871 -7.48340845 4.40421629
v -2.17064691 -7.62744570 4.33289957
v -2.16573095 -7.48340845 4.40421629
v -2.24353313 -7.44167805 4.31114340
v -2.16573095 -7.48340845 4.40421629
v -2.17064691 -7.62744570 4.33289957
v -2.16573095 -7.48340845 4.40421629
v -3.06067896 -8.95579338 7.29553652
v -3.05239344 -8.80672836 7.35563755
v -3.18611741 -8.84845924 7.44871044
v -3.05239344 -8.80672836 7.35563755
v -3.19491076 -8.99768448 7.38896275
v -3.18611741 -8.84845924 7.44871044
v -3.18611741 -8.84845924 7.44871044
v -3.06067896 -8.95579338 7.29553652
v -3.05239344 -8.80672836 7.35563755
v -0.97441608 -8.95579338 7.29553652
v -0.97402847 -8.80672836 7.35563755
v -3.27300858 -8.95579338 7.29553652
v -3.26391935 -8.80672836 7.35563755
v -2.38297653 -7.62744570 4.33289957
v -2.37725687 -7.48340845 4.40421629
v -3.26391935 -8.80672836 7.35563755
v -2.37725687 -7.48340845 4.40421629
v -3.62546062 -7.58555651 4.23947334
v -3.61503744 -7.44167805 4.31114340
v -2.38297653 -7.62744570 4.33289957
v -2.37725687 -7.48340845 4.40421629
v -3.56482911 -7.62744570 4.33289957
v -3.55463505 -7.48340845 4.40421629
v -3.61503744 -7.44167805 4.31114340
v -3.55463505 -7.48340845 4.40421629
v -5.51779318 -8.99768448 7.38896275
v -5.50020599 -8.84845924 7.44871044
v -3.62546062 -7.58555651 4.23947334
v -3.61503744 -7.44167805 4.31114340
v -3.56482911 -7.62744570 4.33289957
v -3.55463505 -7.48340845 4.40421629
v -5.34489346 -8.95579338 7.29553652
v -5.32796049 -8.80672836 7.35563755
v -5.50020599 -8.84845924 7.44871044
v -5.32796049 -8.80672836 7.35563755
v -5.51779318 -8.99768448 7.38896275
v -5.51779318 -8.99768448 7.38896275
v -5.50020599 -8.84845924 7.44871044
v -5.34489346 -8.95579338 7.29553652
v -5.32796049 -8.80672836 7.35563755
v -3.27300858 -8.95579338 7.29553652
v -3.26391935 -8.80672836 7.35563755
v 6.50043821 -10.68624496 8.24754715
v 6.84613848 -10.68624496 8.16764450
v 6.50017452 -10.68624496 8.24754620
v 6.84586763 -10.68624496 8.16773796
v 7.13073301 -10.68624496 7.96808624
v 7.13050222 -10.68624496 7.96830988
v 7.31998110 -10.68624496 7.67624712
v 7.31990480 -10.68624496 7.67643499
v -7.45756340 -10.68624496 8.25174332
v -7.35680532 -10.68624496 8.13962364
v -7.45895004 -10.68624496 8.25219250
v -7.35676241 -10.68624496 8.13910675
v 5.71350574 -10.68624496 8.25174332
v 5.71489239 -10.68624496 8.25219250
v 5.61274767 -10.68624496 8.13962364
v 5.61270475 -10.68624496 8.13910675
v -8.24449539 -10.68624496 8.24754715
v -8.24423218 -10.68624496 8.24754620
v -8.59019661 -10.68624496 8.16764450
v -8.58992577 -10.68624496 8.16773796
v -8.87479019 -10.68624496 7.96808624
v -8.87455940 -10.68624496 7.96830988
v -9.06403923 -10.68624496 7.67624712
v -9.06396294 -10.68624496 7.67643499
v -7.45756340 -10.68624496 8.25174332
v -7.45895004 -10.68624496 8.25219250
v -8.24449539 -10.68624496 8.24754715
v -8.24423218 -10.68624496 8.24754620
v 5.71350574 -10.68624496 8.25174332
v 6.50043821 -10.68624496 8.24754715
v 5.71489239 -10.68624496 8.25219250
v 6.50017452 -10.68624496 8.24754620
v 5.67437172 -10.74786758 8.33992577
v 6.51075315 -10.74790382 8.33681583
v 6.88323498 -10.74790573 8.25101852
v 7.19654512 -10.74790764 8.03162384
v 7.40494394 -10.74790764 7.71055698
v -9.14900208 -10.74790764 7.71055698
v -8.94060326 -10.74790764 8.03162384
v -8.62729263 -10.74790573 8.25101852
v -8.25481033 -10.74790382 8.33681583
v -7.41842937 -10.74786758 8.33992577
v -7.24842930 -10.74784279 8.15072823
v -7.24842930 -10.74784279 8.15072823
v -7.24842930 -10.62797165 8.15628719
v -7.35680532 -10.68624496 8.13962364
v -7.35676241 -10.68624496 8.13910675
v -7.24842930 -10.62797165 8.15628719
v -7.41842937 -10.62794876 8.34433460
v -7.35676241 -10.68624496 8.13910675
v -7.45895004 -10.68624496 8.25219250
v -8.25492668 -10.62791061 8.33815289
v -8.24423218 -10.68624496 8.24754620
v -8.62746048 -10.62790871 8.25185871
v -8.58992577 -10.68624496 8.16773796
v -8.94071388 -10.62790871 8.03208542
v -8.87455940 -10.68624496 7.96830988
v -9.14903641 -10.62790680 7.71075392
v -9.06396294 -10.68624496 7.67643499
v 7.40497828 -10.62790680 7.71075392
v 7.19665670 -10.62790871 8.03208542
v 7.31990480 -10.68624496 7.67643499
v 7.13050222 -10.68624496 7.96830988
v 6.88340330 -10.62790871 8.25185871
v 6.84586763 -10.68624496 8.16773796
v 6.51086903 -10.62791061 8.33815289
v 6.50017452 -10.68624496 8.24754620
v 5.67437172 -10.62794876 8.34433460
v 5.71489239 -10.68624496 8.25219250
v 5.67437172 -10.62794876 8.34433460
v 5.50437164 -10.62797165 8.15628719
v 5.71489239 -10.68624496 8.25219250
v 5.61270475 -10.68624496 8.13910675
v 5.50437164 -10.62797165 8.15628719
v 5.50437164 -10.74784279 8.15072823
v 5.61270475 -10.68624496 8.13910675
v 5.61274767 -10.68624496 8.13962364
v 5.50437164 -10.74784279 8.15072823
v 7.38797140 -10.68624496 7.32597351
v -9.13202858 -10.68624496 7.32597351
v 7.47797060 -10.74790764 7.33462954
v 7.47797060 -10.74790192 -7.42536879
v 7.38797140 -10.68623924 -7.41650486
v 7.40413427 -10.74790192 -7.79657173
v 7.31935644 -10.68623924 -7.76145554
v 7.19386530 -10.74790192 -8.11126232
v 7.12897921 -10.68623924 -8.04637623
v 6.87917376 -10.74790192 -8.32153130
v 6.84405756 -10.68623924 -8.23675346
v 6.50797081 -10.74790192 -8.39536858
v 6.49910688 -10.68623924 -8.30536842
v -8.25202847 -10.74790192 -8.39536858
v -8.24316406 -10.68623924 -8.30536842
v -8.62323189 -10.74790192 -8.32153130
v -8.58811569 -10.68623924 -8.23675346
v -8.93792343 -10.74790192 -8.11126232
v -8.87303734 -10.68623924 -8.04637623
v -9.14819145 -10.74790192 -7.79657173
v -9.06341362 -10.68623924 -7.76145554
v -9.22202873 -10.74790192 -7.42536879
v -9.13202858 -10.68623924 -7.41650486
v -9.22202873 -10.74790764 7.33462954
v -9.22202873 -10.62790680 7.33463001
v -9.13202858 -10.68624496 7.32597351
v -9.22202873 -10.62790108 -7.42536831
v -9.13202858 -10.68623924 -7.41650486
v -9.14819145 -10.62790108 -7.79657125
v -9.06341362 -10.68623924 -7.76145554
v -8.93792343 -10.62790108 -8.11126232
v -8.87303734 -10.68623924 -8.04637623
v -8.62323189 -10.62790108 -8.32153130
v -8.58811569 -10.68623924 -8.23675346
v -8.25202847 -10.62790108 -8.39536858
v -8.24316406 -10.68623924 -8.30536842
v 6.50797081 -10.62790108 -8.39536858
v 6.49910688 -10.68623924 -8.30536842
v 6.87917376 -10.62790108 -8.32153130
v 6.84405756 -10.68623924 -8.23675346
v 7.19386530 -10.62790108 -8.11126232
v 7.12897921 -10.68623924 -8.04637623
v 7.40413427 -10.62790108 -7.79657125
v 7.31935644 -10.68623924 -7.76145554
v 7.47797060 -10.62790108 -7.42536831
v 7.38797140 -10.68623924 -7.41650486
v 7.47797060 -10.62790680 7.33463001
v 7.38797140 -10.68624496 7.32597351
v -7.43973207 -15.28177452 6.08869839
v -7.41285419 -15.29814148 -6.22577333
v -7.40419579 -15.28185463 6.26735067
v -7.37711716 -15.29806328 -6.40543652
v -7.30171442 -15.29797173 -6.51828432
v -7.18886662 -15.29791069 -6.59368706
v -7.00970888 -15.29789543 -6.62932396
v 5.26565123 -15.29789543 -6.62932396
v 5.44480896 -15.29791069 -6.59368706
v 5.55765676 -15.29797173 -6.51828432
v 5.63305950 -15.29806328 -6.40543652
v 5.66879654 -15.29814148 -6.22577333
v 5.69567442 -15.28177452 6.08869839
v 5.66013813 -15.28185463 6.26735067
v 5.58473539 -15.28194618 6.38019848
v 5.47188711 -15.28200722 6.45560122
v 5.29272985 -15.28202248 6.49123812
v -7.03678751 -15.28202248 6.49123812
v -7.21594477 -15.28200722 6.45560122
v -7.32879305 -15.28194618 6.38019848
v -7.43973207 -15.28177452 6.08869839
v -7.41285419 -15.29814148 -6.22577333
v -7.41285419 -15.29814148 -6.22577333
v -7.18886662 -15.29791069 -6.59368706
v -7.18886662 -15.29791069 -6.59368706
v -7.00970888 -15.29789543 -6.62932396
v 5.26565123 -15.29789543 -6.62932396
v 5.44480896 -15.29791069 -6.59368706
v 5.44480896 -15.29791069 -6.59368706
v 5.63305950 -15.29806328 -6.40543652
v 5.63305950 -15.29806328 -6.40543652
v 5.66879654 -15.29814148 -6.22577333
v 5.69567442 -15.28177452 6.08869839
v 5.66013813 -15.28185463 6.26735067
v 5.66013813 -15.28185463 6.26735067
v 5.47188711 -15.28200722 6.45560122
v 5.47188711 -15.28200722 6.45560122
v 5.29272985 -15.28202248 6.49123812
v -7.03678751 -15.28202248 6.49123812
v -7.03678751 -15.28202248 6.49123812
v -7.43973207 -15.28177452 6.08869839
vn 0.00000208 -0.04632427 0.99892645
vn 0.00000189 -0.04632421 0.99892646
vn 0.00000001 -0.04632766 0.99892630
vn 0.00000015 -0.04632705 0.99892633
vn 0.00000000 -0.04632648 0.99892635
vn -0.00000218 -0.04632357 0.99892649
vn -0.00000004 -0.04632764 0.99892630
vn -0.00000181 -0.04632416 0.99892646
vn -0.00000007 -0.04632653 0.99892635
vn 0.00000000 -0.04632717 0.99892632
vn 0.00000000 0.08151693 0.99667196
vn 0.00000213 -0.04632857 0.99892626
vn 0.00000000 0.08858824 0.99606833
vn 0.00000000 0.08858824 0.99606833
vn -0.00000005 0.08151686 0.99667196
vn -0.00000424 -0.04632771 0.99892630
vn 0.11476914 -0.01118154 0.99332926
vn -0.01210789 -0.01594083 0.99979962
vn 0.10081734 -0.14255824 0.98463852
vn -0.04627466 -0.02068523 0.99871456
vn 0.00000000 0.00084510 0.99999964
vn 0.00000000 0.00084510 0.99999964
vn 0.00000000 0.00084510 0.99999964
vn 0.01029064 -0.00992094 0.99989783
vn -0.00371419 -0.03674048 0.99931794
vn -0.10810069 -0.01819990 0.99397334
vn -0.10088221 -0.14215801 0.98468974
vn -0.74361393 -0.02456519 0.66815782
vn -0.74622086 -0.02549936 0.66520990
vn -0.75500184 -0.02867561 0.65509537
vn -0.75906124 -0.03015988 0.65032024
vn 0.75906124 -0.03015988 0.65032024
vn 0.74622086 -0.02549936 0.66520990
vn 0.75500184 -0.02867561 0.65509537
vn 0.74361393 -0.02456519 0.66815782
vn 0.12452782 -0.01959432 0.99202262
vn 0.40877087 -0.00863891 0.91259616
vn 0.13791798 0.12602258 0.98239347
vn 0.40838577 0.14317752 0.90151054
vn 0.38287437 -0.15367041 0.91092954
vn 0.40519344 -0.00880538 0.91418857
vn 0.69753496 -0.15165035 0.70031933
vn 0.71861268 -0.00467343 0.69539483
vn 0.72071833 -0.00455396 0.69321307
vn 0.71032788 0.14752247 0.68823791
vn 0.91247935 -0.13098952 0.38758636
vn 0.92697635 -0.00168607 0.37511598
vn 0.92765172 -0.00161778 0.37344300
vn 0.91609475 0.13077026 0.37903766
vn 0.98921154 -0.10290209 0.10426740
vn 0.99538404 -0.00026914 0.09597153
vn 0.99542824 -0.00024845 0.09551212
vn 0.98944504 0.10318448 0.10174224
vn 0.72712950 -0.00841280 0.68644877
vn 0.74045690 0.01590294 0.67191568
vn 0.73879377 -0.02551286 0.67344848
vn 0.74157979 -0.02464862 0.67041171
vn -0.72745305 -0.00942548 0.68609272
vn -0.73879377 -0.02551286 0.67344848
vn -0.73865741 0.01532039 0.67390691
vn -0.74157979 -0.02464862 0.67041171
vn -0.38282559 -0.15390993 0.91090960
vn -0.40519298 -0.00880538 0.91418877
vn -0.12452796 -0.01959432 0.99202261
vn -0.13783218 0.12645321 0.98235018
vn -0.40877095 -0.00863901 0.91259612
vn -0.40823696 0.14348022 0.90152982
vn -0.72071764 -0.00455404 0.69321378
vn -0.71024795 0.14769748 0.68828286
vn -0.69747356 -0.15181510 0.70034478
vn -0.71861250 -0.00467359 0.69539502
vn -0.92765140 -0.00161743 0.37344379
vn -0.91605002 0.13085693 0.37911584
vn -0.91244331 -0.13108596 0.38763860
vn -0.92697632 -0.00168620 0.37511606
vn -0.99542822 -0.00024819 0.09551231
vn -0.98944742 0.10324838 0.10165421
vn -0.98919955 -0.10288531 0.10439764
vn -0.99538404 -0.00026914 0.09597153
vn -0.91512689 0.13203686 -0.38093181
vn -0.92388008 0.00000012 -0.38268212
vn -0.98721919 0.12376697 -0.10039925
vn -0.99518467 0.00000003 -0.09801769
vn -0.91512711 -0.13203628 -0.38093148
vn -0.98721624 -0.12370806 -0.10050078
vn -0.92387997 0.00000013 -0.38268237
vn -0.99518467 0.00000003 -0.09801768
vn -0.70421395 0.12832192 -0.69829521
vn -0.70710720 0.00000037 -0.70710636
vn -0.70421334 -0.12831910 -0.69829634
vn -0.70710705 0.00000025 -0.70710651
vn -0.38941177 0.10704682 -0.91482209
vn -0.38268259 0.00000058 -0.92387988
vn -0.38941197 -0.10704495 -0.91482222
vn -0.38268263 0.00000032 -0.92387986
vn -0.10439746 0.07937198 -0.99136333
vn -0.09801756 0.00000062 -0.99518469
vn -0.10439737 -0.07937021 -0.99136348
vn -0.09801757 0.00000034 -0.99518468
vn 0.91512696 -0.13203940 -0.38093076
vn 0.92388004 0.00000013 -0.38268220
vn 0.98721922 -0.12376729 -0.10039856
vn 0.99518479 0.00000003 -0.09801645
vn 0.91512686 0.13203921 -0.38093106
vn 0.98721638 0.12370805 -0.10049948
vn 0.92388015 0.00000012 -0.38268194
vn 0.99518479 0.00000003 -0.09801646
vn 0.70421308 -0.12831680 -0.69829703
vn 0.70710631 0.00000025 -0.70710725
vn 0.70421306 0.12831944 -0.69829657
vn 0.70710646 0.00000037 -0.70710711
vn 0.38941166 -0.10704390 -0.91482247
vn 0.38268274 0.00000032 -0.92387982
vn 0.38941185 0.10704617 -0.91482213
vn 0.38268270 0.00000058 -0.92387984
vn 0.10439739 -0.07936998 -0.99136350
vn 0.09801769 0.00000034 -0.99518467
vn 0.10439748 0.07937175 -0.99136335
vn 0.09801768 0.00000062 -0.99518467
vn 0.05623698 0.99097881 0.12164864
vn 0.08347753 0.98231037 0.16762411
vn 0.00000004 1.00000000 0.00000014
vn -0.00000017 1.00000000 0.00000055
vn 0.11942294 0.98354208 0.13558442
vn 0.00000009 1.00000000 0.00000145
vn 0.16490888 0.98153434 0.09692991
vn 0.00000011 1.00000000 0.00000007
vn 0.22245806 0.97369241 0.04935089
vn 0.00000014 1.00000000 0.00000005
vn 0.26070934 0.96538357 0.00807483
vn 0.00000012 1.00000000 0.00000016
vn 0.26539840 0.96394023 -0.01956836
vn -0.00000014 1.00000000 0.00000046
vn 0.24250094 0.96537274 -0.09617048
vn -0.00000084 1.00000000 0.00000075
vn 0.18384472 0.96283994 -0.19783926
vn 0.00000031 1.00000000 0.00000102
vn 0.10058636 0.94308674 -0.31696970
vn 0.00000000 1.00000000 0.00000000
vn 0.00000000 1.00000000 0.00000000
vn 0.00000000 1.00000000 0.00000000
vn 0.00000000 1.00000000 0.00000000
vn -0.00000002 1.00000000 0.00000023
vn -0.10058637 0.94308673 -0.31696971
vn 0.00000000 1.00000000 0.00000000
vn -0.18384469 0.96283988 -0.19783955
vn 0.00000055 1.00000000 0.00000134
vn -0.24250109 0.96537274 -0.09617016
vn 0.00000044 1.00000000 0.00000120
vn -0.26541413 0.96393620 -0.01955367
vn -0.00000017 1.00000000 0.00000023
vn -0.26083430 0.96534787 0.00830352
vn -0.00000079 1.00000000 0.00000022
vn -0.22396942 0.97330140 0.05022042
vn -0.00000036 1.00000000 0.00000014
vn -0.16771476 0.98083829 0.09913629
vn -0.00000023 1.00000000 0.00000046
vn -0.12238741 0.98260746 0.13965635
vn -0.00000023 1.00000000 0.00000098
vn -0.08707689 0.98335213 0.15948734
vn 0.00000042 1.00000000 0.00000035
vn -0.04652144 0.99207205 0.11674246
vn -0.00000003 1.00000000 0.00000017
vn 0.49656172 0.84298627 0.20688309
vn 0.62083811 0.78184881 0.05720571
vn 0.32372989 0.87422816 0.36183432
vn 0.15349998 0.86323102 0.48090536
vn 0.01301183 0.83237269 0.55406353
vn -0.15114611 0.86531800 0.47789080
vn -0.01509047 0.83484815 0.55027343
vn -0.32130174 0.87581079 0.36016752
vn -0.49445437 0.84434427 0.20639193
vn -0.62007834 0.78246601 0.05700707
vn 0.54590208 0.80745434 -0.22362561
vn 0.61050112 0.78990891 -0.05772613
vn 0.42197340 0.79819731 -0.42990639
vn 0.24722546 0.73524878 -0.63110126
vn 0.12017194 0.78775766 -0.60414946
vn 0.07160039 0.63537445 -0.76887755
vn -0.54590161 0.80745439 -0.22362658
vn -0.61062631 0.78982539 -0.05754436
vn -0.42197437 0.79819683 -0.42990634
vn -0.24722436 0.73524871 -0.63110178
vn -0.07160077 0.63537440 -0.76887756
vn -0.12017195 0.78775766 -0.60414947
vn 0.79020863 0.16726646 0.58956954
vn 0.79182433 0.18545559 0.58191104
vn 0.73467281 0.33376068 0.59064343
vn 0.73183225 0.33848771 0.59147919
vn -0.73625382 0.33858695 0.58590885
vn -0.73781487 0.33557280 0.58567919
vn -0.78747129 0.17059706 0.59227156
vn -0.79230715 0.17760135 0.58370125
vn 0.00000000 0.69258535 -0.72133593
vn 0.00000000 0.69258535 -0.72133593
vn 0.03882822 0.83895243 0.54281783
vn -0.03715285 0.84175042 0.53858695
vn 0.08836992 0.51895840 0.85021935
vn 0.00011334 0.53050301 0.84768304
vn 0.03256394 0.10849541 0.99356345
vn -0.03320886 0.10904847 0.99348156
vn -0.08868487 0.51879913 0.85028375
vn -0.00046192 0.52993187 0.84804009
vn -0.89072765 -0.44461631 0.09444890
vn -0.87155132 -0.48219705 -0.08879360
vn -0.71781043 -0.69365464 0.05992848
vn -0.68829431 -0.72225885 -0.06777234
vn 0.08548796 -0.53666629 0.83945286
vn -0.08575241 -0.53664111 0.83944199
vn 0.06211535 -0.75515880 0.65259242
vn -0.06216632 -0.75514235 0.65260661
vn 0.87158936 -0.48217161 -0.08855807
vn 0.89079441 -0.44454317 0.09416305
vn 0.68841116 -0.72216335 -0.06760296
vn 0.71805673 -0.69342315 0.05965634
vn -0.10075768 -0.34735778 -0.93230385
vn 0.10075843 -0.34735861 -0.93230346
vn -0.06441091 -0.62647408 -0.77677633
vn 0.06441147 -0.62647527 -0.77677532
vn 0.88950278 0.44687151 0.09534496
vn 0.87155254 0.48219492 -0.08879318
vn -0.87158827 0.48217372 -0.08855732
vn -0.88955409 0.44681754 0.09511892
vn 0.10075772 0.34735900 -0.93230339
vn -0.10075796 0.34735953 -0.93230316
vn -0.76530481 0.08358739 0.63821759
vn -0.76670051 0.09419782 0.63505677
vn 0.76859852 0.09270554 0.63297867
vn 0.76354088 0.08577919 0.64003692
vn -0.35230974 0.43269545 -0.82985088
vn -0.61812987 0.49003195 -0.61464148
vn -0.80004139 0.49942831 -0.33242314
vn 0.35231083 0.43269458 -0.82985088
vn 0.61812995 0.49003044 -0.61464261
vn 0.80004024 0.49943141 -0.33242124
vn -0.78669579 0.51892202 0.33440944
vn -0.58128250 0.55946532 0.59085464
vn -0.31747800 0.55133189 0.77151855
vn 0.31767391 0.55141443 0.77137891
vn 0.30866835 0.79826920 0.51719449
vn 0.50673493 0.78189500 0.36312522
vn 0.54061856 0.30142347 0.78541420
vn 0.50634882 0.78238106 0.36261653
vn 0.79363950 0.46955367 0.38685358
vn 0.80191747 0.28235974 0.52649914
vn 0.95671808 0.22317872 0.18676663
vn 0.25283228 -0.70151814 -0.66629433
vn 0.35231047 -0.43269260 -0.82985207
vn 0.45603103 -0.75465878 -0.47172643
vn 0.61813109 -0.49002909 -0.61464253
vn 0.60520350 -0.75474068 -0.25317035
vn 0.80004024 -0.49943126 -0.33242146
vn -0.25283282 -0.70151453 -0.66629793
vn -0.35231092 -0.43269409 -0.82985110
vn -0.45603509 -0.75465152 -0.47173412
vn -0.61812933 -0.49003022 -0.61464340
vn -0.60521228 -0.75473309 -0.25317201
vn -0.80004173 -0.49942876 -0.33242163
vn 0.60702960 -0.75982260 0.23277605
vn 0.79043858 -0.51497655 0.33167154
vn 0.42948360 -0.79972061 0.41951254
vn 0.58562334 -0.55994492 0.58609469
vn 0.23217059 -0.79233996 0.56417569
vn 0.33209493 -0.80172402 0.49694220
vn 0.12325110 -0.77641655 0.61805057
vn 0.52858465 -0.30934060 0.79051038
vn 0.18802907 -0.28753233 0.93913270
vn -0.23216247 -0.79227983 0.56426347
vn -0.31852165 -0.55956733 0.76513290
vn -0.42951733 -0.79967863 0.41955804
vn -0.33229283 -0.80145836 0.49723835
vn -0.52056287 -0.77984253 0.34764913
vn -0.52895975 -0.30725807 0.79107146
vn -0.60706148 -0.75979211 0.23279240
vn -0.52074384 -0.77960090 0.34791996
vn -0.79255566 -0.46840742 0.39044848
vn -0.79680154 -0.28693013 0.53176912
vn -0.95581904 -0.22435673 0.18993165
vn 0.00001090 0.65399538 -0.75649854
vn -0.00000003 0.72230671 -0.69157286
vn -0.23378146 0.65399490 -0.71946987
vn -0.21370787 0.72230666 -0.65772489
vn -0.45399041 0.00000000 -0.89100657
vn -0.45399041 0.00000000 -0.89100657
vn -0.45399041 0.00000000 -0.89100657
vn -0.45399041 0.00000000 -0.89100657
vn -0.44465013 0.65399503 -0.61202676
vn -0.40649663 0.72230640 -0.55949438
vn -0.89100630 0.00000072 -0.45399093
vn -0.89100630 0.00000072 -0.45399093
vn -0.89100630 0.00000072 -0.45399093
vn -0.89100630 0.00000072 -0.45399093
vn -0.61202727 0.65399463 -0.44465002
vn -0.55949471 0.72230626 -0.40649642
vn -0.98768832 0.00000000 0.15643459
vn -0.98768832 -0.00000001 0.15643459
vn -0.98768832 -0.00000006 0.15643460
vn -0.98768832 -0.00000006 0.15643460
vn -0.71947016 0.65399460 -0.23378142
vn -0.65772543 0.72230619 -0.21370780
vn -0.70710678 -0.00000028 0.70710678
vn -0.70710678 -0.00000025 0.70710678
vn -0.70710681 -0.00000003 0.70710675
vn -0.70710681 0.00000000 0.70710675
vn -0.75649912 0.65399471 0.00001123
vn -0.69157348 0.72230611 0.00000031
vn -0.15643459 -0.00000157 0.98768832
vn -0.15643459 -0.00000157 0.98768832
vn -0.15643459 -0.00000157 0.98768832
vn -0.15643459 -0.00000157 0.98768832
vn -0.71947691 0.65399445 0.23376109
vn -0.65772555 0.72230591 0.21370838
vn 0.45399072 -0.00000142 0.89100641
vn 0.45399070 -0.00000127 0.89100642
vn 0.45399053 -0.00000015 0.89100651
vn 0.45399051 0.00000000 0.89100652
vn -0.61201422 0.65399453 0.44466813
vn -0.55949477 0.72230597 0.40649686
vn 0.89100656 -0.00000018 0.45399043
vn 0.89100656 -0.00000018 0.45399043
vn 0.89100656 -0.00000018 0.45399043
vn 0.89100656 -0.00000018 0.45399043
vn -0.44466783 0.65399439 0.61201459
vn -0.40649683 0.72230547 0.55949543
vn 0.98768832 0.00000000 -0.15643461
vn 0.98768832 0.00000003 -0.15643460
vn 0.98768832 0.00000022 -0.15643457
vn 0.98768832 0.00000025 -0.15643457
vn -0.23376068 0.65399468 0.71947683
vn -0.21370809 0.72230559 0.65772599
vn 0.70710665 0.00000113 -0.70710691
vn 0.70710664 0.00000101 -0.70710693
vn 0.70710653 0.00000012 -0.70710703
vn 0.70710652 0.00000000 -0.70710704
vn -0.00001088 0.65399453 0.75649927
vn 0.00000001 0.72230558 0.69157403
vn 0.15643510 0.00000000 -0.98768824
vn 0.15643510 0.00000000 -0.98768824
vn 0.15643510 0.00000000 -0.98768824
vn 0.15643510 0.00000000 -0.98768824
vn 0.00000000 1.00000000 0.00000000
vn 0.00000013 1.00000000 0.00000091
vn 0.00000003 1.00000000 0.00000024
vn 0.00000017 1.00000000 0.00000115
vn -0.00000017 1.00000000 0.00000033
vn -0.00000017 1.00000000 0.00000033
vn -0.00000017 1.00000000 0.00000033
vn -0.00000017 1.00000000 0.00000033
vn 0.00000006 1.00000000 0.00000037
vn 0.00000006 1.00000000 0.00000037
vn 0.00000006 1.00000000 0.00000037
vn 0.00000006 1.00000000 0.00000037
vn -0.00000078 1.00000000 0.00000078
vn 0.00000005 1.00000000 0.00000037
vn -0.00000056 1.00000000 0.00000067
vn 0.00000026 1.00000000 0.00000026
vn -0.00000017 1.00000000 0.00000109
vn 0.00000026 1.00000000 0.00000027
vn -0.00000006 1.00000000 0.00000087
vn 0.00000037 1.00000000 0.00000006
vn -0.00000033 1.00000000 0.00000017
vn -0.00000033 1.00000000 0.00000017
vn -0.00000033 1.00000000 0.00000017
vn -0.00000033 1.00000000 0.00000017
vn 0.00000081 1.00000000 0.00000083
vn 0.00000017 1.00000000 0.00000017
vn 0.00000064 1.00000000 0.00000066
vn 0.00000000 1.00000000 0.00000000
vn 0.00000006 1.00000000 0.00000037
vn 0.00000006 1.00000000 0.00000037
vn 0.00000006 1.00000000 0.00000037
vn 0.00000006 1.00000000 0.00000037
vn 0.00000026 1.00000000 0.00000026
vn 0.00000026 1.00000000 0.00000026
vn 0.00000026 1.00000000 0.00000026
vn 0.00000026 1.00000000 0.00000026
vn 0.00000000 1.00000000 0.00000000
vn 0.00000000 1.00000000 0.00000000
vn 0.00000000 1.00000000 0.00000000
vn 0.00000000 1.00000000 0.00000000
vn 0.70710719 -0.00000027 0.70710637
vn 0.70710719 -0.00000027 0.70710637
vn 0.70710719 -0.00000027 0.70710637
vn -0.15643450 0.00000036 -0.98768834
vn -0.15643450 0.00000036 -0.98768834
vn -0.15643450 0.00000036 -0.98768834
vn -0.93194185 0.07110131 0.35556855
vn -0.83544251 0.07110135 0.54495909
vn -0.98768834 -0.00000006 0.15643445
vn -0.86989294 0.21640484 0.44323268
vn -0.80478427 0.11259662 0.58279008
vn 0.15643470 -0.00000032 0.98768830
vn 0.15643470 -0.00000032 0.98768830
vn 0.15643470 -0.00000032 0.98768830
vn -0.98768834 -0.00000005 0.15643446
vn -0.98768834 -0.00000005 0.15643445
vn -0.99363953 0.11259693 -0.00155315
vn 0.45399060 0.00000034 -0.89100647
vn 0.45399060 0.00000034 -0.89100647
vn 0.45399060 0.00000034 -0.89100647
vn -0.96295463 0.07110130 -0.26012110
vn -0.99620612 0.07110123 -0.05017956
vn -0.94548729 0.11259708 -0.30557434
vn -0.45399039 -0.00000034 0.89100658
vn -0.45399039 -0.00000034 0.89100658
vn -0.45399039 -0.00000034 0.89100658
vn -0.89100649 0.00000017 -0.45399056
vn -0.89100649 0.00000017 -0.45399056
vn -0.80295842 0.11259714 -0.58530305
vn 0.89100669 0.00000023 -0.45399018
vn 0.89100669 0.00000023 -0.45399018
vn 0.89100669 0.00000023 -0.45399018
vn -0.62615125 0.07110114 -0.77645298
vn -0.77645274 0.07110160 -0.62615151
vn -0.58530307 0.11259724 -0.80295839
vn -0.89100658 -0.00000023 0.45399039
vn -0.89100658 -0.00000023 0.45399039
vn -0.89100658 -0.00000023 0.45399039
vn -0.45399008 0.00000046 -0.89100674
vn -0.45399008 0.00000046 -0.89100674
vn -0.30557437 0.11259742 -0.94548724
vn 0.98768832 -0.00000008 0.15643457
vn 0.98768832 -0.00000008 0.15643457
vn 0.98768832 -0.00000008 0.15643457
vn -0.05017960 0.07110147 -0.99620610
vn -0.26012122 0.07110169 -0.96295457
vn -0.00155316 0.11259747 -0.99363947
vn -0.70710706 0.00000023 -0.70710651
vn -0.70710706 0.00000023 -0.70710651
vn -0.70710706 0.00000023 -0.70710651
vn -0.70710687 -0.00000027 0.70710669
vn -0.70710686 -0.00000025 0.70710671
vn -0.58279012 0.11259660 0.80478424
vn 0.98768832 -0.00000005 0.15643460
vn 0.98768832 -0.00000005 0.15643460
vn 0.98768832 -0.00000005 0.15643460
vn -0.54495898 0.07110102 0.83544261
vn -0.35556836 0.07110130 0.93194192
vn -0.44323249 0.21640470 0.86989308
vn -0.15643450 -0.00000036 0.98768834
vn -0.98768831 0.00000006 -0.15643465
vn -0.98768831 0.00000006 -0.15643465
vn -0.98768831 0.00000006 -0.15643465
vn -0.15643444 -0.00000032 0.98768834
vn -0.15643447 -0.00000034 0.98768834
vn 0.00155313 0.11259648 0.99363958
vn 0.89100630 0.00000015 -0.45399094
vn 0.89100630 0.00000015 -0.45399094
vn 0.89100630 0.00000015 -0.45399094
vn 0.05017966 0.07110094 0.99620613
vn 0.26012100 0.07110098 0.96295468
vn 0.30557439 0.11259651 0.94548734
vn 0.45399072 0.00000034 -0.89100641
vn 0.45399072 0.00000034 -0.89100641
vn 0.45399072 0.00000034 -0.89100641
vn -0.89100664 -0.00000015 0.45399028
vn -0.89100664 -0.00000015 0.45399028
vn -0.89100664 -0.00000015 0.45399028
vn 0.45399060 -0.00000029 0.89100648
vn 0.45399060 -0.00000029 0.89100648
vn 0.58530324 0.11259665 0.80295835
vn 0.62615135 0.07110087 0.77645293
vn 0.77645276 0.07110117 0.62615153
vn 0.80295831 0.11259665 0.58530330
vn -0.45399066 -0.00000033 0.89100644
vn -0.45399066 -0.00000033 0.89100644
vn -0.45399066 -0.00000033 0.89100644
vn 0.89100647 -0.00000017 0.45399060
vn 0.89100647 -0.00000017 0.45399060
vn 0.94548730 0.11259674 0.30557445
vn -0.15643433 0.00000032 -0.98768836
vn -0.15643433 0.00000032 -0.98768836
vn -0.15643433 0.00000032 -0.98768836
vn 0.96295472 0.07110142 0.26012074
vn 0.99620609 0.07110145 0.05017972
vn 0.99363955 0.11259680 0.00155322
vn 0.15643398 -0.00000038 0.98768842
vn 0.15643398 -0.00000038 0.98768842
vn 0.15643398 -0.00000038 0.98768842
vn 0.98768835 0.00000005 -0.15643442
vn 0.98768835 0.00000005 -0.15643443
vn 0.86989278 0.21640527 -0.44323279
vn 0.98768834 0.00000006 -0.15643444
vn -0.70710706 0.00000027 -0.70710651
vn -0.70710706 0.00000027 -0.70710651
vn -0.70710706 0.00000027 -0.70710651
vn 0.93194197 0.07110130 -0.35556823
vn 0.83544241 0.07110129 -0.54495925
vn 0.80478402 0.11259720 -0.58279032
vn 0.70710706 -0.00000036 0.70710651
vn 0.70710706 -0.00000036 0.70710651
vn 0.70710706 -0.00000036 0.70710651
vn 0.70710678 0.00000027 -0.70710678
vn 0.70710675 0.00000031 -0.70710682
vn 0.58279002 0.11259738 -0.80478421
vn -0.98768826 0.00000008 -0.15643497
vn -0.98768826 0.00000008 -0.15643497
vn -0.98768826 0.00000008 -0.15643497
vn 0.15643482 0.00000051 -0.98768828
vn 0.15643482 0.00000051 -0.98768828
vn 0.15643482 0.00000051 -0.98768828
vn 0.44323239 0.21640566 -0.86989289
vn 0.54495902 0.07110171 -0.83544253
vn 0.35556815 0.07110129 -0.93194200
vn 0.00000000 1.00000000 0.00000000
vn 0.00000000 1.00000000 0.00000000
vn 0.00000011 1.00000000 0.00000027
vn 0.00000000 1.00000000 0.00000000
vn 0.00000002 1.00000000 0.00000114
vn -0.00000016 1.00000000 0.00000022
vn -0.00000019 1.00000000 -0.00000005
vn 0.00000008 1.00000000 0.00000047
vn -0.00000008 1.00000000 0.00000036
vn 0.00000008 1.00000000 0.00000045
vn 0.00000008 1.00000000 0.00000053
vn -0.00000013 1.00000000 0.00000038
vn -0.00000001 1.00000000 0.00000043
vn 0.00000013 1.00000000 0.00000046
vn -0.00000006 1.00000000 0.00000049
vn -0.00000053 1.00000000 0.00000045
vn 0.00000029 1.00000000 0.00000037
vn -0.00000076 1.00000000 0.00000070
vn 0.00000097 1.00000000 -0.00000020
vn 0.00000215 1.00000000 -0.00000110
vn 0.23378133 0.65399472 0.71947008
vn 0.21370806 0.72230560 0.65772600
vn 0.44465037 0.65399433 0.61202734
vn 0.40649695 0.72230554 0.55949525
vn 0.15643628 -0.00000012 -0.98768805
vn 0.15643120 -0.00000037 -0.98768886
vn 0.61202694 0.65399470 0.44465039
vn 0.55949451 0.72230610 0.40649697
vn 0.71947005 0.65399463 0.23378166
vn 0.65772564 0.72230589 0.21370818
vn 0.75649912 0.65399471 -0.00001068
vn 0.69157346 0.72230614 0.00000035
vn 0.70710586 0.00000017 -0.70710771
vn 0.70710563 -0.00000019 -0.70710794
vn 0.71947672 0.65399483 -0.23376059
vn 0.65772542 0.72230622 -0.21370772
vn 0.61201431 0.65399472 -0.44466774
vn 0.55949461 0.72230637 -0.40649636
vn 0.44466769 0.65399500 -0.61201404
vn 0.40649654 0.72230646 -0.55949436
vn 0.98768849 0.00000000 -0.15643353
vn 0.98768885 0.00000038 -0.15643125
vn 0.23376081 0.65399496 -0.71947653
vn 0.21370798 0.72230673 -0.65772478
vn -0.30768336 0.10159058 -0.94604984
vn -0.45254965 0.09920030 -0.88620433
vn -0.45226177 0.09987736 -0.88627524
vn -0.45398962 0.00000013 -0.89100697
vn -0.45398852 0.00000026 -0.89100753
vn 0.89100791 0.00000007 0.45398778
vn 0.89100594 -0.00000006 0.45399164
vn -0.58459926 0.10159791 -0.80493576
vn -0.45092090 0.09921133 -0.88703295
vn -0.45398589 0.00000002 -0.89100888
vn -0.45398068 0.00000012 -0.89101153
vn -0.45106094 0.09987720 -0.88688701
vn -0.80492572 0.10159102 -0.58461427
vn -0.88698355 0.09920270 -0.45101996
vn -0.88684426 0.09987605 -0.45114525
vn -0.89100550 0.00000020 -0.45399250
vn -0.89100565 0.00000050 -0.45399221
vn 0.45398841 -0.00000047 0.89100759
vn 0.45398828 -0.00000036 0.89100766
vn -0.94605067 0.10159842 -0.30767821
vn -0.88624227 0.09921930 -0.45247118
vn -0.89100612 -0.00000000 -0.45399129
vn -0.89100808 0.00000033 -0.45398744
vn -0.88631297 0.09988971 -0.45218510
vn -0.99482626 0.10159073 0.00021286
vn -0.98268504 0.09920172 0.15649002
vn -0.98265367 0.09987673 0.15625751
vn -0.98768796 0.00000014 0.15643689
vn -0.98768809 -0.00000024 0.15643607
vn -0.15643521 -0.00000020 0.98768822
vn -0.15644084 -0.00000003 0.98768733
vn -0.94621108 0.10159789 0.30718474
vn -0.98295593 0.09921359 0.15477180
vn -0.98768806 -0.00000000 0.15643624
vn -0.98768794 -0.00000009 0.15643701
vn -0.98284976 0.09988170 0.15501611
vn -0.80471636 0.10159055 0.58490250
vn -0.70299049 0.09920102 0.70424678
vn -0.70309120 0.09987491 0.70405097
vn -0.70711013 -0.00000051 0.70710343
vn -0.70710952 0.00000016 0.70710404
vn -0.70710668 -0.00000018 0.70710688
vn -0.58492663 0.10159766 0.80469793
vn -0.70422053 0.09921546 0.70301475
vn -0.70710646 -0.00000031 0.70710710
vn -0.70400408 0.09988358 0.70313692
vn -0.30722503 0.10158970 0.94619888
vn -0.15481658 0.09920095 0.98295015
vn -0.15501973 0.09987549 0.98284982
vn -0.15643809 -0.00000041 0.98768777
vn -0.00020785 0.10159720 0.99482560
vn -0.15653907 0.09921291 0.98267610
vn -0.15644098 -0.00000058 0.98768731
vn -0.15631022 0.09988011 0.98264494
vn 0.30765131 0.10158980 0.94606035
vn 0.45252057 0.09920039 0.88621917
vn 0.45226169 0.09987645 0.88627539
vn 0.45399056 -0.00000025 0.89100649
vn 0.58456296 0.10159744 0.80496218
vn 0.45097995 0.09921474 0.88700255
vn 0.45398855 -0.00000025 0.89100752
vn 0.45116055 0.09988280 0.88683572
vn 0.80496572 0.10159014 0.58455935
vn 0.88701379 0.09920044 0.45096099
vn 0.88684428 0.09987560 0.45114530
vn 0.89100568 -0.00000028 0.45399215
vn 0.94606287 0.10159782 0.30764091
vn 0.88622122 0.09921531 0.45251328
vn 0.89100823 -0.00000025 0.45398714
vn 0.88627420 0.09988362 0.45226244
vn -0.74129709 0.00000000 -0.67117704
vn -0.74129709 0.00000000 -0.67117704
vn -0.74129709 0.00000000 -0.67117704
vn -0.74129709 0.00000000 -0.67117704
vn 0.07133934 0.88996346 -0.45041728
vn 0.07133940 0.88996338 -0.45041743
vn 0.07133935 0.88996346 -0.45041730
vn 0.07133942 0.88996336 -0.45041747
vn 0.91242097 0.00000000 -0.40925295
vn 0.91242097 0.00000000 -0.40925295
vn 0.91242097 0.00000000 -0.40925295
vn 0.91242097 0.00000000 -0.40925295
vn 0.07133937 -0.88996338 -0.45041745
vn 0.07133938 -0.88996346 -0.45041729
vn 0.07133937 -0.88996339 -0.45041743
vn 0.07133938 -0.88996348 -0.45041725
vn -0.20521404 0.00000000 -0.97871712
vn -0.20521344 0.00000056 -0.97871724
vn -0.20521341 0.00000059 -0.97871725
vn -0.20521238 0.00000156 -0.97871747
vn 0.32246378 0.88996330 -0.32246307
vn 0.32246318 0.88996365 -0.32246270
vn 0.32246371 0.88996334 -0.32246303
vn 0.32246303 0.88996374 -0.32246261
vn 0.97871700 0.00000000 0.20521462
vn 0.97871700 0.00000000 0.20521462
vn 0.97871700 0.00000000 0.20521462
vn 0.97871700 0.00000000 0.20521462
vn 0.32246246 -0.88996388 -0.32246279
vn 0.32246305 -0.88996332 -0.32246375
vn 0.32246253 -0.88996381 -0.32246291
vn 0.32246320 -0.88996318 -0.32246398
vn 0.40925326 0.00000031 -0.91242083
vn 0.40925315 0.00000020 -0.91242088
vn 0.40925314 0.00000020 -0.91242088
vn 0.40925295 0.00000000 -0.91242097
vn 0.45041725 0.88996353 -0.07133877
vn 0.45041764 0.88996333 -0.07133874
vn 0.45041730 0.88996350 -0.07133876
vn 0.45041773 0.88996329 -0.07133873
vn 0.67117688 -0.00000051 0.74129724
vn 0.67117708 -0.00000075 0.74129706
vn 0.67117708 -0.00000076 0.74129705
vn 0.67117742 -0.00000118 0.74129675
vn 0.45041716 -0.88996351 -0.07133951
vn 0.45041751 -0.88996333 -0.07133965
vn 0.45041720 -0.88996349 -0.07133952
vn 0.45041759 -0.88996328 -0.07133968
vn 0.86740072 0.00000017 -0.49761029
vn 0.86740072 0.00000018 -0.49761028
vn 0.86740072 0.00000018 -0.49761028
vn 0.86740073 0.00000020 -0.49761026
vn 0.40632851 0.88996266 0.20703527
vn 0.40632711 0.88996358 0.20703408
vn 0.40632834 0.88996277 0.20703512
vn 0.40632677 0.88996380 0.20703379
vn 0.10726894 -0.00000034 0.99423004
vn 0.10726896 -0.00000036 0.99423004
vn 0.10726896 -0.00000036 0.99423004
vn 0.10726900 -0.00000040 0.99423003
vn 0.40632672 -0.88996389 0.20703353
vn 0.40632599 -0.88996426 0.20703335
vn 0.40632663 -0.88996393 0.20703350
vn 0.40632582 -0.88996435 0.20703331
vn 0.99422999 -0.00000007 0.10726942
vn 0.99422999 -0.00000011 0.10726938
vn 0.99422999 -0.00000011 0.10726938
vn 0.99423000 -0.00000017 0.10726932
vn 0.20703362 0.88996366 0.40632715
vn 0.20703371 0.88996348 0.40632751
vn 0.20703363 0.88996364 0.40632720
vn 0.20703373 0.88996344 0.40632760
vn -0.49761073 -0.00000030 0.86740046
vn -0.49761083 -0.00000019 0.86740041
vn -0.49761083 -0.00000019 0.86740040
vn -0.49761101 0.00000000 0.86740030
vn 0.20703422 -0.88996377 0.40632661
vn 0.20703459 -0.88996348 0.40632705
vn 0.20703426 -0.88996374 0.40632666
vn 0.20703468 -0.88996341 0.40632716
vn 0.74129790 -0.00000046 0.67117615
vn 0.74129806 -0.00000068 0.67117598
vn 0.74129806 -0.00000069 0.67117597
vn 0.74129834 -0.00000107 0.67117567
vn -0.07133886 0.88996382 0.45041666
vn -0.07133911 0.88996350 0.45041726
vn -0.07133889 0.88996378 0.45041673
vn -0.07133917 0.88996342 0.45041740
vn -0.91242092 -0.00000028 0.40925306
vn -0.91242086 -0.00000042 0.40925319
vn -0.91242086 -0.00000042 0.40925319
vn -0.91242076 -0.00000065 0.40925342
vn -0.07133897 -0.88996347 0.45041734
vn -0.07133902 -0.88996379 0.45041669
vn -0.07133897 -0.88996351 0.45041726
vn -0.07133903 -0.88996387 0.45041653
vn 0.20521473 -0.00000034 0.97871697
vn 0.20521475 -0.00000036 0.97871697
vn 0.20521475 -0.00000036 0.97871697
vn 0.20521478 -0.00000039 0.97871696
vn -0.32246267 0.88996379 0.32246284
vn -0.32246308 0.88996355 0.32246309
vn -0.32246272 0.88996376 0.32246287
vn -0.32246318 0.88996349 0.32246315
vn -0.97871692 0.00000007 -0.20521501
vn -0.97871692 0.00000005 -0.20521498
vn -0.97871692 0.00000004 -0.20521498
vn -0.97871693 0.00000000 -0.20521493
vn -0.32246292 -0.88996361 0.32246309
vn -0.32246271 -0.88996381 0.32246274
vn -0.32246290 -0.88996363 0.32246305
vn -0.32246265 -0.88996386 0.32246265
vn -0.40925351 -0.00000031 0.91242072
vn -0.40925362 -0.00000020 0.91242067
vn -0.40925363 -0.00000020 0.91242067
vn -0.40925382 0.00000000 0.91242058
vn -0.45041752 0.88996334 0.07133938
vn -0.45041652 0.88996384 0.07133945
vn -0.45041740 0.88996340 0.07133938
vn -0.45041628 0.88996396 0.07133947
vn -0.67117561 0.00000032 -0.74129839
vn -0.67117561 0.00000031 -0.74129839
vn -0.67117561 0.00000031 -0.74129839
vn -0.67117562 0.00000030 -0.74129838
vn -0.45041693 -0.88996371 0.07133854
vn -0.45041719 -0.88996357 0.07133864
vn -0.45041697 -0.88996369 0.07133855
vn -0.45041725 -0.88996353 0.07133867
vn -0.86740063 -0.00000034 0.49761043
vn -0.86740055 -0.00000051 0.49761058
vn -0.86740054 -0.00000051 0.49761059
vn -0.86740039 -0.00000079 0.49761085
vn -0.40632714 0.88996367 -0.20703361
vn -0.40632744 0.88996348 -0.20703387
vn -0.40632718 0.88996365 -0.20703365
vn -0.40632751 0.88996343 -0.20703393
vn -0.10726979 0.00000069 -0.99422995
vn -0.10726944 0.00000101 -0.99422999
vn -0.10726943 0.00000102 -0.99422999
vn -0.10726883 0.00000158 -0.99423005
vn -0.40632752 -0.88996326 -0.20703463
vn -0.40632644 -0.88996382 -0.20703437
vn -0.40632739 -0.88996333 -0.20703460
vn -0.40632618 -0.88996395 -0.20703430
vn -0.99423000 0.00000000 -0.10726928
vn -0.99423000 0.00000000 -0.10726928
vn -0.99423000 0.00000000 -0.10726928
vn -0.99423000 0.00000000 -0.10726928
vn -0.20703409 0.88996372 -0.40632680
vn -0.20703431 0.88996325 -0.40632771
vn -0.20703412 0.88996366 -0.40632691
vn -0.20703437 0.88996313 -0.40632793
vn 0.49760989 0.00000000 -0.86740095
vn 0.49760989 0.00000000 -0.86740095
vn 0.49760989 0.00000000 -0.86740095
vn 0.49760989 0.00000000 -0.86740095
vn -0.20703454 -0.88996320 -0.40632769
vn -0.20703394 -0.88996367 -0.40632697
vn -0.20703447 -0.88996326 -0.40632760
vn -0.20703379 -0.88996379 -0.40632680
vn 0.99482626 0.10159071 -0.00021289
vn 0.98268503 0.09920183 -0.15649003
vn 0.98265369 0.09987683 -0.15625730
vn 0.98768877 0.00000004 -0.15643178
vn 0.94620955 0.10159818 -0.30718934
vn 0.98294747 0.09921616 -0.15482383
vn 0.98768827 0.00000011 -0.15643490
vn 0.98284187 0.09988490 -0.15506404
vn 0.80469561 0.10159106 -0.58493096
vn 0.70300361 0.09920158 -0.70423360
vn 0.70312782 0.09987692 -0.70401411
vn 0.70710438 0.00000035 -0.70710918
vn 0.58495558 0.10159812 -0.80467682
vn 0.70425763 0.09921412 -0.70297777
vn 0.70710679 0.00000008 -0.70710677
vn 0.70401666 0.09988300 -0.70312441
vn 0.30717752 0.10159057 -0.94621421
vn 0.15476841 0.09920043 -0.98295779
vn 0.15501970 0.09987627 -0.98284975
vn 0.15642951 0.00000040 -0.98768913
vn 0.00030558 0.10159817 -0.99482547
vn 0.15658702 0.09921363 -0.98266839
vn 0.15643715 0.00000017 -0.98768792
vn 0.15626334 0.09988358 -0.98265204
vn 0.00763698 0.39964431 -0.91663848
vn -0.29063961 0.39967481 -0.86936107
vn -0.53284022 0.39963166 -0.74590605
vn -0.74609001 0.39967174 -0.53255253
vn -0.86948395 0.39963488 -0.29032674
vn -0.91662715 0.39966996 0.00765429
vn -0.87412723 0.39964239 0.27602090
vn -0.73698652 0.39967644 0.54507762
vn -0.54489563 0.39964019 0.73714074
vn -0.27617844 0.39965938 0.87406971
vn -0.00764457 0.39964408 0.91663851
vn 0.29048943 0.39966728 0.86941472
vn 0.53277354 0.39963484 0.74595198
vn 0.74611255 0.39967319 0.53251987
vn 0.86943422 0.39964144 0.29046661
vn 0.91662717 0.39966992 -0.00765421
vn 0.87412518 0.39964272 -0.27602693
vn 0.73715998 0.39966232 -0.54485337
vn 0.54484611 0.39963750 -0.73717880
vn 0.27600708 0.39966752 -0.87412011
vn 0.13650837 0.38899816 -0.91106855
vn 0.15172030 0.38897501 -0.90866902
vn 0.64588093 0.38898682 -0.65690721
vn 0.65683696 0.38897597 -0.64595890
vn 0.90865982 0.38899763 -0.15171742
vn 0.91104739 0.38899322 -0.13666355
vn 0.82427962 0.38900152 0.41138902
vn 0.81734990 0.38898464 0.42500598
vn 0.42496834 0.38901095 0.81735695
vn 0.41137902 0.38897709 0.82429614
vn -0.13650830 0.38899807 0.91106860
vn -0.15154917 0.38899397 0.90868946
vn -0.64594186 0.38899666 0.65684146
vn -0.65679536 0.38898257 0.64599722
vn -0.90866171 0.38899893 0.15170278
vn -0.91107992 0.38897446 0.13649999
vn -0.82435595 0.38898468 -0.41125198
vn -0.81729399 0.38896918 -0.42512764
vn -0.42482855 0.38902791 -0.81742155
vn -0.41124171 0.38896060 -0.82437243
vn 0.15929262 0.38779489 -0.90787719
vn -0.43189050 0.38783585 -0.81428125
vn -0.40488295 0.38782228 -0.82804811
vn -0.82817951 0.38783735 -0.40459966
vn -0.81428341 0.38781624 -0.43190404
vn -0.90785711 0.38784379 0.15928797
vn -0.91266183 0.38779721 0.12908023
vn -0.64074321 0.38782971 0.66259810
vn -0.66239536 0.38780502 0.64096774
vn -0.12924768 0.38786557 0.91260908
vn -0.15912561 0.38779678 0.90790567
vn 0.43189252 0.38785027 0.81427331
vn 0.40495914 0.38781631 0.82801365
vn 0.82812594 0.38783542 0.40471115
vn 0.81428552 0.38780221 0.43191266
vn 0.90785453 0.38784350 -0.15930339
vn 0.91263500 0.38780175 -0.12925621
vn 0.64086442 0.38785847 -0.66246404
vn 0.66239155 0.38781177 -0.64096760
vn 0.12907809 0.38784700 -0.91264098
vn 0.17091076 0.03612368 -0.98462409
vn 0.16616427 0.03597212 -0.98544175
vn 0.17093289 0.03604222 -0.98462323
vn 0.16619608 0.03581962 -0.98544194
vn -0.03109331 -0.99865352 -0.04152543
vn -0.03109331 -0.99865352 -0.04152544
vn -0.12799642 -0.99004579 -0.05853412
vn -0.12862017 -0.98995858 -0.05864187
vn 0.12804159 0.99003964 0.05853936
vn 0.12864183 0.98995564 0.05864393
vn 0.03115955 0.99865099 0.04153664
vn 0.03115966 0.99865096 0.04153722
vn 0.17582429 0.03543133 -0.98378374
vn 0.17582412 0.03543149 -0.98378376
vn -0.40695498 -0.90734571 -0.10541069
vn -0.40695539 -0.90734552 -0.10541067
vn 0.40695637 0.90734519 0.10540980
vn 0.40695497 0.90734598 0.10540837
vn 0.17582378 0.03543225 -0.98378379
vn 0.17582391 0.03543220 -0.98378377
vn -0.71900381 -0.67797408 -0.15292045
vn -0.71900296 -0.67797487 -0.15292098
vn 0.71900311 0.67797482 0.15292050
vn 0.71900228 0.67797587 0.15291975
vn 0.17582353 0.03543116 -0.98378388
vn 0.17582355 0.03543142 -0.98378387
vn -0.92158821 -0.34538872 -0.17714910
vn -0.92158805 -0.34538904 -0.17714930
vn 0.92158751 0.34539201 0.17714630
vn 0.92158773 0.34539110 0.17714695
vn 0.17582391 0.03543205 -0.98378378
vn 0.17582379 0.03543187 -0.98378381
vn -0.98442043 0.00494017 -0.17576122
vn -0.98442042 0.00493995 -0.17576131
vn 0.98441556 -0.00277379 0.17583602
vn 0.98441558 -0.00277411 0.17583591
vn 0.17582359 0.03543206 -0.98378384
vn 0.17582324 0.03543193 -0.98378390
vn -0.96577160 0.19981140 -0.16541044
vn -0.96577151 0.19981224 -0.16540995
vn 0.96618290 -0.19768720 0.16556078
vn 0.96618325 -0.19768630 0.16555984
vn 0.17582478 0.03543203 -0.98378362
vn 0.17582445 0.03543185 -0.98378369
vn -0.89636743 0.41888806 -0.14511450
vn -0.89636759 0.41888784 -0.14511415
vn 0.89636543 -0.41889094 0.14511858
vn 0.89636500 -0.41889188 0.14511850
vn 0.17582433 0.03543178 -0.98378371
vn 0.17582443 0.03543181 -0.98378369
vn -0.67240287 0.73422701 -0.09372873
vn -0.67240287 0.73422702 -0.09372863
vn 0.67239982 -0.73422955 0.09373071
vn 0.67239834 -0.73423072 0.09373221
vn 0.17582421 0.03543189 -0.98378373
vn 0.17582434 0.03543173 -0.98378371
vn -0.34606369 0.93779094 -0.02807281
vn -0.34606482 0.93779047 -0.02807432
vn 0.34606877 -0.93778904 0.02807340
vn 0.34606724 -0.93778957 0.02807454
vn 0.17582367 0.03543266 -0.98378380
vn 0.17582393 0.03543239 -0.98378376
vn -0.06363948 0.99767080 0.02455601
vn -0.06364117 0.99767073 0.02455452
vn 0.06364356 -0.99767042 -0.02456073
vn 0.06364299 -0.99767047 -0.02456027
vn 0.17582415 0.03543324 -0.98378369
vn 0.17582417 0.03543314 -0.98378369
vn 0.03295348 0.99858022 0.04185236
vn 0.03295362 0.99858019 0.04185298
vn -0.03295255 -0.99858003 -0.04185743
vn -0.03295255 -0.99858003 -0.04185743
vn -0.17582426 -0.03543261 0.98378370
vn -0.17582441 -0.03543242 0.98378368
vn -0.17582398 -0.03543183 0.98378377
vn -0.17582401 -0.03543170 0.98378377
vn -0.17582390 -0.03543256 0.98378376
vn -0.17582356 -0.03543261 0.98378382
vn -0.17582443 -0.03543167 0.98378370
vn -0.17582385 -0.03543177 0.98378380
vn -0.17582503 -0.03543222 0.98378357
vn -0.17582514 -0.03543233 0.98378355
vn -0.17582440 -0.03543223 0.98378368
vn -0.17582464 -0.03543237 0.98378364
vn -0.17582461 -0.03543222 0.98378365
vn -0.17582453 -0.03543212 0.98378367
vn -0.17582499 -0.03543251 0.98378357
vn -0.17582489 -0.03543233 0.98378359
vn -0.17582485 -0.03543249 0.98378359
vn -0.17582479 -0.03543288 0.98378359
vn -0.17582418 -0.03543178 0.98378374
vn -0.17582419 -0.03543206 0.98378373
vn -0.17093279 -0.03604172 0.98462327
vn -0.17091055 -0.03612346 0.98462413
vn -0.16619610 -0.03581919 0.98544195
vn -0.16616429 -0.03597167 0.98544176
vn -0.09569667 0.68083382 0.72615939
vn -0.03129197 0.67461964 0.73750197
vn -0.09567241 0.68091282 0.72608851
vn -0.03061181 0.67498978 0.73719178
vn -0.21175238 -0.72602154 0.65425810
vn -0.13929257 -0.73158367 0.66737015
vn -0.21182849 -0.72548875 0.65482423
vn -0.13929399 -0.73147041 0.66749399
vn 0.16310327 0.61623057 0.77049154
vn 0.16343001 0.61652986 0.77018281
vn -0.41300371 -0.66621833 0.62095175
vn -0.41288887 -0.66581336 0.62146227
vn 0.38409131 0.45435022 0.80376598
vn 0.38409200 0.45435001 0.80376576
vn -0.63274089 -0.50445657 0.58750534
vn -0.63274221 -0.50445646 0.58750402
vn 0.52766282 0.21826973 0.82093257
vn 0.52710511 0.21838824 0.82125926
vn -0.77552121 -0.26933983 0.57098415
vn -0.77598411 -0.26928114 0.57038262
vn 0.57310421 -0.03082261 0.81890264
vn 0.57228997 -0.02442311 0.81968757
vn -0.82077162 -0.02553839 0.57068532
vn -0.82143100 -0.01884078 0.56999661
vn 0.55977796 -0.16479804 0.81209004
vn 0.56028648 -0.16362186 0.81197718
vn -0.80828831 0.11579428 0.57728823
vn -0.80780239 0.11689091 0.57774718
vn 0.50915305 -0.32100485 0.79857314
vn 0.50950297 -0.32125421 0.79824962
vn -0.75773593 0.27206782 0.59314026
vn -0.75740023 0.27184998 0.59366866
vn 0.35113568 -0.54423591 0.76191273
vn 0.35113447 -0.54423603 0.76191320
vn -0.59978946 0.49413256 0.62935333
vn -0.59978922 0.49413224 0.62935382
vn 0.11948673 -0.68850041 0.71532517
vn 0.11954450 -0.68802144 0.71577622
vn -0.36915753 0.63748535 0.67626558
vn -0.36903264 0.63806473 0.67578718
vn -0.07947034 -0.73087909 0.67786446
vn -0.07943531 -0.73045768 0.67832265
vn -0.17038262 0.68028405 0.71286981
vn -0.17021157 0.68083518 0.71238436
vn -0.14762710 -0.73124271 0.66595071
vn -0.14762884 -0.73114934 0.66605282
vn -0.10124799 0.68104792 0.72520519
vn -0.10121403 0.68115141 0.72511273
vn 0.16859052 -0.68085522 -0.71275059
vn 0.10080294 -0.68114665 -0.72517447
vn 0.16842677 -0.68040648 -0.71321767
vn 0.10081103 -0.68104566 -0.72526819
vn 0.14762909 0.73114844 -0.66605376
vn 0.07922858 0.73045670 -0.67834787
vn 0.14760165 0.73124582 -0.66595292
vn 0.07887949 0.73096608 -0.67783967
vn 0.36903198 -0.63806271 -0.67578945
vn 0.36885659 -0.63774274 -0.67618712
vn -0.12106606 0.68739244 -0.71612474
vn -0.12131745 0.68781317 -0.71567809
vn 0.59978631 -0.49412637 -0.62936119
vn 0.59978573 -0.49412724 -0.62936106
vn -0.35114208 0.54423355 -0.76191147
vn -0.35114071 0.54423423 -0.76191161
vn 0.75812133 -0.27034825 -0.59343396
vn 0.75854084 -0.27026878 -0.59293388
vn -0.50949296 0.32125326 -0.79825639
vn -0.50884931 0.32126672 -0.79866143
vn 0.80820668 -0.11445455 -0.57766956
vn 0.80820700 -0.11581843 -0.57739721
vn -0.55968679 0.16818109 -0.81145907
vn -0.55947075 0.16683792 -0.81188521
vn 0.82122074 0.02515007 -0.57005612
vn 0.82097944 0.01869522 -0.57065159
vn -0.57257793 0.03186768 -0.81923071
vn -0.57304241 0.02511351 -0.81914083
vn 0.77598758 0.26928093 -0.57037800
vn 0.77575170 0.26905381 -0.57080587
vn -0.52646037 -0.21994120 -0.82125839
vn -0.52697233 -0.22012797 -0.82087992
vn 0.63273913 0.50446025 -0.58750408
vn 0.63274048 0.50445866 -0.58750399
vn -0.38408977 -0.45435669 -0.80376306
vn -0.38409248 -0.45435578 -0.80376227
vn 0.41139141 0.66656150 -0.62165334
vn 0.41122250 0.66704724 -0.62124394
vn -0.16343859 -0.61654076 -0.77017227
vn -0.16334661 -0.61596039 -0.77065601
vn 0.21147591 0.72553417 -0.65488786
vn 0.21157448 0.72593579 -0.65441078
vn 0.02921483 -0.67486840 -0.73735957
vn 0.02890458 -0.67427427 -0.73791512
vn 0.13959226 0.73145983 -0.66744327
vn 0.13956343 0.73156980 -0.66732876
vn 0.09514535 -0.68088783 -0.72618120
vn 0.09515130 -0.68080567 -0.72625744
vn 0.70428304 -0.08927998 0.70428296
vn 0.51132014 -0.10291993 0.85320525
vn 0.70428300 -0.08927998 0.70428300
vn 0.85320532 -0.10291980 0.51132006
vn -0.42531356 -0.34977773 -0.83472385
vn -0.44998836 -0.13248332 -0.88315268
vn -0.42531342 -0.34977754 -0.83472401
vn -0.44998785 -0.13248329 -0.88315294
vn 0.92529878 -0.34977761 -0.14655303
vn 0.97898208 -0.13248356 -0.15505542
vn 0.92529880 -0.34977760 -0.14655294
vn 0.97898214 -0.13248328 -0.15505528
vn 0.83472380 -0.34977787 0.42531356
vn 0.83472373 -0.34977798 0.42531359
vn 0.88315202 -0.13248439 0.44998933
vn 0.88315221 -0.13248383 0.44998913
vn 0.42531308 -0.34977787 0.83472404
vn 0.44998869 -0.13248423 0.88315237
vn 0.42531311 -0.34977792 0.83472400
vn 0.44998881 -0.13248415 0.88315232
vn -0.80877528 -0.02443835 0.58760984
vn -0.80895716 -0.01215855 0.58774185
vn -0.58760977 -0.02443885 0.80877531
vn -0.58774154 -0.01215958 0.80895737
vn -0.80484661 -0.10125421 0.58478159
vn -0.58478148 -0.10125416 0.80484670
vn -0.89111069 -0.45378599 -0.00009609
vn -0.95992726 -0.28024921 0.00015780
vn -0.84746686 -0.45378648 0.27545917
vn -0.91299384 -0.28024931 0.29648368
vn -0.30892466 -0.02443888 0.95077247
vn -0.30899416 -0.01215835 0.95098622
vn -0.00000007 -0.02443876 0.99970133
vn -0.00000010 -0.01215832 0.99992608
vn -0.30740886 -0.10125469 0.94617508
vn -0.00002095 -0.10125472 0.99486053
vn -0.72086734 -0.45378568 -0.52385955
vn -0.77669014 -0.28024882 -0.56410374
vn -0.84752628 -0.45378577 -0.27527746
vn -0.91289636 -0.28024884 -0.29678414
vn -0.14655297 -0.34977782 0.92529871
vn -0.15505527 -0.13248419 0.97898202
vn -0.14655277 -0.34977793 0.92529870
vn -0.15505486 -0.13248392 0.97898213
vn -0.92529899 -0.34977735 0.14655233
vn -0.92529894 -0.34977756 0.14655217
vn -0.97898220 -0.13248359 0.15505470
vn -0.97898241 -0.13248278 0.15505402
vn -0.66244075 -0.34977793 0.66244068
vn -0.70087390 -0.13248376 0.70087362
vn -0.66244105 -0.34977767 0.66244052
vn -0.70087391 -0.13248345 0.70087367
vn -0.83472408 -0.34977726 -0.42531351
vn -0.88315256 -0.13248293 -0.44998870
vn -0.83472394 -0.34977754 -0.42531356
vn -0.88315264 -0.13248337 -0.44998842
vn -0.62567434 -0.33505674 0.70446334
vn -0.76061067 -0.24323202 0.60192158
vn -0.71575874 -0.31479509 0.62337267
vn -0.59988185 -0.29155103 0.74507702
vn 0.19584929 -0.47395087 0.85849498
vn 0.42935552 -0.28871235 0.85574472
vn 0.48809441 -0.31479482 0.81404427
vn 0.53738007 -0.24323195 0.80750287
vn 0.34027978 -0.29155069 0.89398426
vn -0.95077250 -0.02443841 -0.30892460
vn -0.95098629 -0.01215897 -0.30899390
vn -0.99970134 -0.02443827 -0.00000007
vn -0.99992610 -0.01215735 -0.00000022
vn -0.94616221 -0.10125380 -0.30744877
vn -0.99486055 -0.10125459 0.00002103
vn -0.72097969 -0.45378652 0.52370419
vn -0.77650447 -0.28024946 0.56435897
vn -0.52370432 -0.45378638 0.72097968
vn -0.56435889 -0.28024967 0.77650445
vn -0.95077247 -0.02443849 0.30892470
vn -0.95098614 -0.01215908 0.30899437
vn -0.94617514 -0.10125408 0.30740887
vn -0.27545925 -0.45378623 0.84746697
vn -0.29648368 -0.28024935 0.91299383
vn 0.00009574 -0.45378639 0.89111049
vn -0.00015784 -0.28024919 0.95992727
vn 0.30892461 -0.02443875 0.95077249
vn 0.30899415 -0.01215893 0.95098621
vn 0.58760975 -0.02443861 0.80877533
vn 0.58774176 -0.01215868 0.80895722
vn 0.30744880 -0.10125435 0.94616214
vn 0.58474728 -0.10125433 0.80487153
vn 0.27527714 -0.45378647 0.84752601
vn 0.29678401 -0.28024935 0.91289625
vn 0.52385914 -0.45378633 0.72086723
vn 0.56410325 -0.28024961 0.77669021
vn 0.80877534 -0.02443860 0.58760974
vn 0.80895717 -0.01215792 0.58774185
vn 0.95077251 -0.02443824 0.30892461
vn 0.95098627 -0.01215842 0.30899398
vn 0.80487149 -0.10125467 0.58474728
vn 0.94616218 -0.10125412 0.30744873
vn 0.72086741 -0.45378636 0.52385887
vn 0.77669034 -0.28024914 0.56410331
vn 0.84752611 -0.45378630 0.27527711
vn 0.91289634 -0.28024908 0.29678397
vn 0.88744832 -0.08927945 -0.45217768
vn 0.96945295 -0.10291944 -0.22264000
vn 0.88744832 -0.08927947 -0.45217768
vn 0.74796848 -0.10681670 -0.65508270
vn 0.55751615 -0.10456401 -0.82355456
vn 0.69500784 -0.18419701 -0.69500760
vn 0.36121347 -0.11683145 -0.92513525
vn -0.47055030 -0.13970229 0.87124376
vn -0.34944931 -0.16826985 0.92172145
vn 0.17829108 -0.13970232 0.97401004
vn 0.04751862 -0.16826975 0.98459498
vn 0.28695832 -0.09137802 0.95357484
vn 0.25503567 -0.11188605 0.96043653
vn -0.56758536 -0.09137794 0.81822792
vn -0.53934448 -0.11188612 0.83461909
vn -0.92025423 -0.33505659 0.20216141
vn -0.96914768 -0.24323160 0.03988942
vn -0.94547025 -0.31479499 0.08360693
vn -0.92325979 -0.29155081 0.25017890
vn -0.89278731 -0.13970204 0.42826879
vn -0.82448471 -0.16826990 0.54028715
vn -0.42826855 -0.13970223 0.89278740
vn -0.54028650 -0.16826978 0.82448516
vn -0.20216095 -0.33505670 0.92025429
vn -0.08360668 -0.31479493 0.94547029
vn -0.03988908 -0.24323209 0.96914757
vn -0.25017819 -0.29155079 0.92325999
vn 0.88246065 -0.44914152 -0.13976797
vn 0.94906373 -0.27691668 -0.15031697
vn 0.84746696 -0.45378610 -0.27545947
vn 0.91299390 -0.28024903 -0.29648377
vn 0.72098010 -0.45378538 -0.52370462
vn 0.77650459 -0.28024902 -0.56435902
vn 0.52370404 -0.45378558 -0.72098040
vn 0.56435881 -0.28024888 -0.77650480
vn 0.98740063 -0.02413736 -0.15638857
vn 0.98761719 -0.01200846 -0.15642275
vn 0.95077253 -0.02443802 -0.30892454
vn 0.95098623 -0.01215904 -0.30899410
vn 0.98273785 -0.09999642 -0.15565035
vn 0.94617526 -0.10125354 -0.30740869
vn -0.00009570 -0.45378575 -0.89111081
vn 0.27545932 -0.45378538 -0.84746740
vn 0.00015764 -0.28024875 -0.95992740
vn 0.29648358 -0.28024831 -0.91299418
vn 0.80877519 -0.02443815 -0.58760996
vn 0.80895726 -0.01215797 -0.58774172
vn 0.58760959 -0.02443776 -0.80877547
vn 0.58774149 -0.01215670 -0.80895745
vn 0.80484675 -0.10125367 -0.58478150
vn 0.58478131 -0.10125404 -0.80484684
vn -0.52385879 -0.45378626 -0.72086753
vn -0.27527723 -0.45378597 -0.84752625
vn -0.56410313 -0.28024884 -0.77669057
vn -0.29678402 -0.28024859 -0.91289648
vn 0.66244068 -0.34977756 -0.66244094
vn 0.70087371 -0.13248341 -0.70087388
vn 0.66244049 -0.34977780 -0.66244101
vn 0.70087365 -0.13248354 -0.70087391
vn 0.94012838 -0.09137775 -0.32834241
vn 0.82448478 -0.16826945 -0.54028719
vn 0.92513538 -0.11683182 -0.36121303
vn 0.89278728 -0.13970184 -0.42826892
vn 0.42826878 -0.13970148 -0.89278740
vn 0.54028706 -0.16826923 -0.82448491
vn 0.02175616 -0.09137810 0.99557858
vn 0.25906372 -0.16826999 0.95108948
vn 0.05423803 -0.11188623 0.99223974
vn 0.13142115 -0.13970241 0.98143350
vn 0.45217730 -0.08927930 -0.88744853
vn 0.45217733 -0.08927932 -0.88744852
vn 0.22263804 -0.10291937 -0.96945341
vn 0.65508272 -0.10681686 -0.74796844
vn 0.14655293 -0.34977766 -0.92529878
vn 0.14655284 -0.34977756 -0.92529883
vn 0.15505507 -0.13248330 -0.97898218
vn 0.15505527 -0.13248381 -0.97898208
vn -0.15580992 -0.08927933 -0.98374411
vn 0.08783492 -0.10291898 -0.99080407
vn -0.15580999 -0.08927935 -0.98374410
vn -0.38971148 -0.10291891 -0.91516811
vn 0.47055020 -0.13970140 -0.87124395
vn 0.34945003 -0.16826934 -0.92172127
vn -0.17829013 -0.13970122 -0.97401037
vn -0.04751859 -0.16826954 -0.98459502
vn -0.32834217 -0.09137806 0.94012843
vn -0.35820244 -0.11188613 0.92691559
vn 0.65559877 -0.67720321 -0.33404499
vn 0.65559884 -0.67720316 -0.33404497
vn 0.65559887 -0.67720314 -0.33404496
vn 0.65559895 -0.67720307 -0.33404492
vn 0.66455775 -0.30771268 -0.68093752
vn 0.42634300 -0.30826143 -0.85041551
vn 0.22730970 -0.21810186 -0.94908476
vn 0.20353341 -0.33860524 -0.91865153
vn 0.69253569 -0.20204630 -0.69251109
vn 0.24344705 -0.15885493 -0.95681693
vn 0.71463402 -0.14497071 -0.68431112
vn 0.28994701 -0.12887216 -0.94832626
vn 0.98740061 -0.02413763 0.15638863
vn 0.98761715 -0.01200822 0.15642304
vn 0.98273313 -0.10004428 0.15564938
vn 0.30892429 -0.02443845 -0.95077260
vn 0.30899378 -0.01215619 -0.95098637
vn 0.00000012 -0.02443761 -0.99970136
vn 0.00000006 -0.01215575 -0.99992612
vn 0.30740845 -0.10125520 -0.94617516
vn 0.00002096 -0.10125460 -0.99486055
vn -0.30892467 -0.02443833 -0.95077248
vn -0.30899393 -0.01215628 -0.95098632
vn -0.58760939 -0.02443765 -0.80877562
vn -0.58774135 -0.01215670 -0.80895755
vn -0.30744856 -0.10125478 -0.94616217
vn -0.58474719 -0.10125434 -0.80487160
vn 0.79265197 -0.09137804 0.60278762
vn 0.77085849 -0.11188613 0.62710341
vn 0.61717387 -0.16826996 0.76862321
vn 0.71674918 -0.13970229 0.68319388
vn -0.94012865 -0.09137788 0.32834160
vn -0.92691567 -0.11188599 0.35820226
vn 0.81079378 -0.33860592 0.47745101
vn 0.87335966 -0.31479491 0.37168139
vn 0.91235806 -0.24869355 0.32519885
vn 0.80076277 -0.29155082 0.52323714
vn 0.13405958 -0.46737621 -0.87383494
vn 0.13944759 -0.49985761 -0.85480801
vn 0.62567414 -0.33505634 -0.70446371
vn 0.69251081 -0.20204654 -0.69253590
vn 0.95681684 -0.15885533 -0.24344715
vn 0.68093679 -0.30771329 -0.66455821
vn 0.94908447 -0.21810231 -0.22731045
vn 0.85041393 -0.30826175 -0.42634592
vn 0.91865119 -0.33860575 -0.20353411
vn 0.33404437 -0.67720291 -0.65559941
vn 0.13152828 -0.49985778 -0.85606221
vn 0.33404454 -0.67720278 -0.65559945
vn 0.33404470 -0.67720266 -0.65559950
vn 0.88227093 -0.44952350 0.13973773
vn 0.94897909 -0.27721396 0.15030335
vn -0.80877510 -0.02443815 -0.58761008
vn -0.80895713 -0.01215875 -0.58774189
vn -0.80487118 -0.10125385 -0.58474784
vn 0.15182974 -0.20420322 -0.96708261
vn 0.63272404 -0.16122516 -0.75740790
vn 0.16027256 -0.30771282 -0.93788354
vn 0.63861923 -0.22123003 -0.73703646
vn -0.47664100 -0.33505657 -0.81274255
vn -0.33742012 -0.24323186 -0.90938766
vn -0.37168142 -0.31479496 -0.87335964
vn -0.52323765 -0.29155064 -0.80076251
vn -0.93768520 -0.33505594 0.09210850
vn -0.92503174 -0.31479430 0.21265189
vn -0.93404040 -0.24323172 0.26154705
vn -0.95538197 -0.29155008 0.04736925
vn -0.09030609 -0.33860603 0.93658463
vn -0.27317934 -0.24869369 0.92926019
vn -0.21265172 -0.31479522 0.92503147
vn -0.04736930 -0.29155114 0.95538164
vn 0.60278712 -0.09137799 0.79265235
vn 0.76862332 -0.16826977 0.61717378
vn 0.62710359 -0.11188609 0.77085835
vn 0.68319404 -0.13970219 0.71674905
vn -0.99557861 -0.09137769 -0.02175681
vn -0.99223984 -0.11188578 -0.05423727
vn -0.95108946 -0.16826951 -0.25906411
vn -0.98143360 -0.13970192 -0.13142098
vn 0.76061052 -0.24323171 -0.60192189
vn 0.59988195 -0.29155073 -0.74507706
vn -0.37735926 -0.33505678 -0.86332899
vn -0.48809348 -0.31479486 -0.81404481
vn -0.53737924 -0.24323194 -0.80750342
vn -0.34027855 -0.29155060 -0.89398476
vn -0.25503677 -0.11188529 -0.96043632
vn -0.03303636 -0.10456393 -0.99396931
vn 0.15375787 -0.18419714 -0.97078830
vn -0.32747528 -0.13038163 -0.93582080
vn -0.20612311 -0.14882764 -0.96714197
vn -0.36770305 -0.16122516 -0.91586075
vn -0.56413808 -0.12876944 -0.81557750
vn 0.60063255 -0.13038196 -0.78882259
vn 0.77230622 -0.11736144 -0.62431514
vn 0.78855373 -0.12876962 -0.60133302
vn 0.53934475 -0.11188528 -0.83461903
vn 0.76528257 -0.11483394 -0.63336858
vn -0.60278732 -0.09137741 -0.79265227
vn -0.76862313 -0.16826941 -0.61717411
vn -0.62710318 -0.11188557 -0.77085875
vn -0.68319375 -0.13970172 -0.71674941
vn 0.99557858 -0.09137773 0.02175761
vn 0.99223979 -0.11188583 0.05423794
vn 0.95108955 -0.16826946 0.25906381
vn 0.98143353 -0.13970207 0.13142131
vn 0.93658485 -0.33860529 -0.09030659
vn 0.92503144 -0.31479485 -0.21265241
vn 0.92926038 -0.24869309 -0.27317923
vn 0.95538156 -0.29155106 -0.04737152
vn -0.85849530 -0.47395064 -0.19584841
vn -0.85574493 -0.28871202 -0.42935532
vn -0.80750318 -0.24323115 -0.53737995
vn -0.81404413 -0.31479452 -0.48809483
vn -0.89398382 -0.29155053 -0.34028110
vn -0.75595590 -0.47395025 0.45155490
vn -0.68118306 -0.28871230 0.67278142
vn -0.62337269 -0.31479537 0.71575860
vn -0.60192201 -0.24323190 0.76061037
vn -0.74507636 -0.29155135 0.59988251
vn 0.56758559 -0.09137739 -0.81822782
vn -0.44324299 -0.20420316 -0.87283259
vn -0.44224980 -0.30771296 -0.84245347
vn -0.39677259 -0.49985767 -0.76987909
vn -0.26514888 -0.51315396 -0.81631433
vn -0.11510383 -0.67720309 -0.72673729
vn -0.56460949 -0.13038202 -0.81499488
vn -0.66127784 -0.14882782 -0.73522915
vn -0.37960593 -0.22123065 -0.89830748
vn -0.56839118 -0.16008596 -0.80703405
vn 0.47745119 -0.33860605 0.81079363
vn 0.32519890 -0.24869374 0.91235799
vn 0.37168114 -0.31479521 0.87335967
vn 0.52323616 -0.29155120 0.80076327
vn 0.95357460 -0.09137772 0.28695923
vn 0.98459499 -0.16826965 0.04751871
vn 0.96043646 -0.11188596 0.25503596
vn 0.97401002 -0.13970205 0.17829141
vn -0.81822822 -0.09137802 0.56758492
vn -0.83461875 -0.11188596 0.53934505
vn -0.92172158 -0.16826990 0.34944895
vn -0.87124403 -0.13970217 0.47054984
vn -0.95357446 -0.09137766 -0.28695971
vn -0.98459495 -0.16826971 -0.04751927
vn -0.96043650 -0.11188581 -0.25503589
vn -0.97400999 -0.13970194 -0.17829164
vn -0.13142131 -0.13970156 -0.98143360
vn -0.25906344 -0.16826920 -0.95108970
vn -0.71674870 -0.13970161 -0.68319453
vn -0.61717354 -0.16826925 -0.76862363
vn 0.81822843 -0.09137751 -0.56758470
vn 0.69537543 -0.10717118 -0.71061055
vn 0.92172161 -0.16826936 -0.34944914
vn 0.87124413 -0.13970180 -0.47054975
vn 0.54613994 -0.27464216 -0.79139298
vn 0.62337283 -0.31479459 -0.71575881
vn 0.59121656 -0.24869322 -0.76721226
vn 0.74507711 -0.29155051 -0.59988199
vn -0.87162918 -0.20420311 -0.44560482
vn -0.44560436 -0.20420303 -0.87162944
vn -0.85296963 -0.30771258 -0.42161094
vn -0.42161104 -0.30771265 -0.85296955
vn -0.77351967 -0.49985741 -0.38962789
vn -0.38962804 -0.49985739 -0.77351960
vn -0.50456113 -0.51315455 -0.69432735
vn -0.69432771 -0.51315353 -0.50456168
vn -0.52481667 -0.16122507 -0.83580736
vn -0.32822421 -0.12876938 -0.93578166
vn 0.09210775 -0.33505609 -0.93768522
vn 0.26154694 -0.24323142 -0.93404051
vn 0.21265157 -0.31479402 -0.92503191
vn 0.04736788 -0.29154959 -0.95538219
vn 0.85858739 -0.34264087 0.38134619
vn 0.79936155 -0.24869327 0.54696689
vn 0.81404392 -0.31479468 0.48809509
vn 0.89398393 -0.29155049 0.34028082
vn -0.81274255 -0.33505663 -0.47664096
vn -0.87335979 -0.31479475 -0.37168123
vn -0.90938770 -0.24323183 -0.33742006
vn -0.80076317 -0.29155071 -0.52323659
vn -0.70428301 -0.08927952 -0.70428305
vn -0.51131990 -0.10291938 -0.85320546
vn -0.70428299 -0.08927951 -0.70428307
vn -0.85320539 -0.10291948 -0.51132000
vn -0.98374417 -0.08927967 -0.15580931
vn -0.91516845 -0.10291940 -0.38971054
vn -0.98374418 -0.08927964 -0.15580931
vn -0.99080396 -0.10291960 0.08783547
vn -0.07902583 -0.47395007 -0.87699843
vn 0.06669083 -0.16122498 -0.98466179
vn 0.08343420 -0.22122976 -0.97164609
vn 0.15444799 -0.20420301 -0.96666796
vn 0.13739385 -0.30771340 -0.94150698
vn 0.63076183 -0.45093834 -0.63150148
vn 0.50442689 -0.51315274 -0.69442622
vn 0.26530740 -0.51315331 -0.81626323
vn -0.93582052 -0.13038232 -0.32747581
vn -0.96714177 -0.14882803 -0.20612378
vn -0.88744826 -0.08927986 0.45217773
vn -0.88744823 -0.08927983 0.45217778
vn -0.74994931 -0.10291980 0.65343978
vn -0.96945297 -0.10291967 0.22263981
vn 0.96667550 -0.20406564 -0.15458234
vn 0.94207019 -0.30363313 -0.14251555
vn 0.63150109 -0.45093730 -0.63076297
vn 0.88148447 -0.45093792 -0.14014323
vn 0.81626256 -0.51315431 -0.26530754
vn 0.69442596 -0.51315268 -0.50442731
vn 0.15580939 -0.08928004 0.98374413
vn -0.08783453 -0.10291994 0.99080401
vn 0.15580941 -0.08928004 0.98374412
vn 0.38971075 -0.10292004 0.91516829
vn -0.45217739 -0.08928001 0.88744841
vn -0.45217739 -0.08928002 0.88744841
vn -0.22263942 -0.10291990 0.96945303
vn -0.65343994 -0.10291993 0.74994915
vn 0.75595645 -0.47395019 -0.45155406
vn 0.81553907 -0.38058587 -0.43594772
vn 0.85480788 -0.49985775 -0.13944789
vn 0.96708270 -0.20420332 -0.15182905
vn 0.87283279 -0.20420372 0.44324233
vn 0.93788346 -0.30771312 -0.16027244
vn 0.84245335 -0.30771341 0.44224973
vn 0.76987902 -0.49985798 0.39677235
vn 0.81631408 -0.51315446 0.26514869
vn 0.85040333 -0.50859877 0.13469027
vn 0.99140802 -0.12876980 -0.02298865
vn 0.98810214 -0.15334478 -0.01181303
vn 0.96819611 -0.24869334 -0.02734818
vn 0.87451452 -0.18071850 -0.45007242
vn 0.85375062 -0.25428264 -0.45436793
vn 0.97078841 -0.18419693 -0.15375743
vn 0.99396940 -0.10456423 0.03303269
vn -0.72673678 -0.67720363 -0.11510380
vn -0.72673685 -0.67720354 -0.11510390
vn -0.72673688 -0.67720350 -0.11510395
vn -0.72673697 -0.67720338 -0.11510409
vn 0.87699843 -0.47395019 0.07902508
vn 0.77351967 -0.49985762 0.38962762
vn 0.78995957 -0.16008591 -0.59189220
vn 0.02298881 -0.12876953 -0.99140805
vn 0.01181334 -0.15334421 -0.98810222
vn 0.87162914 -0.20420372 0.44560463
vn 0.85296961 -0.30771352 0.42161028
vn 0.98466166 -0.16122567 -0.06669114
vn 0.97287575 -0.21810192 -0.07709941
vn 0.57941981 -0.47395047 0.66305628
vn 0.52481625 -0.16122586 0.83580747
vn 0.50946780 -0.21810263 0.83239042
vn -0.79265191 -0.09137754 -0.60278778
vn -0.77085834 -0.11188540 -0.62710372
vn -0.65559873 -0.67720348 0.33404454
vn -0.65559897 -0.67720329 0.33404444
vn -0.65559908 -0.67720320 0.33404440
vn -0.65559940 -0.67720296 0.33404428
vn 0.44560444 -0.20420388 0.87162920
vn 0.42161135 -0.30771338 0.85296914
vn 0.38962859 -0.49985792 0.77351899
vn 0.50456147 -0.51315394 0.69432756
vn 0.69432750 -0.51315435 0.50456113
vn -0.91586042 -0.16122516 -0.36770387
vn -0.81557763 -0.12876957 -0.56413786
vn 0.02734931 -0.24869328 -0.96819609
vn 0.66305640 -0.47395052 0.57941963
vn 0.39677263 -0.49985779 0.76987900
vn 0.44324279 -0.20420395 0.87283250
vn 0.44224955 -0.30771345 0.84245342
vn 0.83580772 -0.16122577 0.52481587
vn 0.83239023 -0.21810250 0.50946816
vn 0.07902618 -0.47395105 0.87699787
vn -0.06669081 -0.16122581 0.98466165
vn -0.07709831 -0.21810237 0.97287574
vn -0.02175605 -0.09137734 -0.99557865
vn -0.05423775 -0.11188553 -0.99223984
vn -0.15182923 -0.20420394 0.96708254
vn -0.16027205 -0.30771329 0.93788347
vn -0.13944768 -0.49985782 0.85480788
vn 0.00008328 -0.51315436 0.85829633
vn 0.26514889 -0.51315440 0.81631405
vn 0.02226262 -0.13038202 -0.99121385
vn -0.10282858 -0.14882788 -0.98350218
vn 0.28449885 -0.12876952 -0.94998885
vn -0.97444329 -0.16321995 0.15433577
vn -0.96837564 -0.19678577 0.15337529
vn -0.96837559 -0.19678575 0.15337562
vn -0.33404431 -0.67720332 0.65559901
vn -0.33404434 -0.67720338 0.65559893
vn -0.33404433 -0.67720336 0.65559896
vn -0.33404437 -0.67720344 0.65559886
vn 0.19584929 -0.47395087 0.85849498
vn -0.41810262 -0.38968074 0.82057243
vn 0.19584929 -0.47395087 0.85849498
vn -0.15444713 -0.20420401 0.96666789
vn -0.13739430 -0.30771329 0.94150695
vn 0.36770384 -0.16122588 0.91586031
vn 0.37960585 -0.22123063 0.89830752
vn 0.15494013 -0.30826179 0.93859908
vn -0.45155430 -0.47395062 0.75595604
vn -0.63272360 -0.16122570 0.75740816
vn -0.63861904 -0.22123064 0.73703645
vn -0.69126905 -0.20420371 0.69314352
vn -0.68093709 -0.30771322 0.66455794
vn -0.63076199 -0.45093813 0.63150148
vn -0.50442675 -0.51315399 0.69442540
vn -0.26530731 -0.51315387 0.81626291
vn 0.11510362 -0.67720361 0.72673684
vn 0.11510386 -0.67720340 0.72673699
vn -0.34616475 -0.47395051 0.80965479
vn -0.63150154 -0.45093813 0.63076193
vn -0.69314322 -0.20420368 0.69126936
vn -0.66455779 -0.30771327 0.68093721
vn -0.24085037 -0.16122576 0.95707751
vn -0.22090376 -0.22123065 0.94987290
vn -0.42634440 -0.30826182 0.85041467
vn -0.80965439 -0.47395077 0.34616533
vn -0.95707741 -0.16122555 0.24085089
vn -0.94987291 -0.22123049 0.22090389
vn -0.85041427 -0.30826163 0.42634533
vn 0.52028654 -0.67720336 0.52028601
vn 0.52028672 -0.67720323 0.52028600
vn -0.96666805 -0.20420360 0.15444666
vn -0.94150702 -0.30771306 0.13739435
vn -0.85849530 -0.47395064 -0.19584841
vn -0.82057257 -0.38968086 0.41810223
vn -0.81626275 -0.51315421 0.26530714
vn -0.69442521 -0.51315430 0.50442669
vn 0.05113164 -0.11736126 -0.99177210
vn 0.06258432 -0.11483384 -0.99141131
vn -0.75595590 -0.47395025 0.45155490
vn -0.88164804 -0.45093794 0.13911043
vn -0.96708278 -0.20420337 0.15182844
vn -0.93788352 -0.30771288 0.16027252
vn -0.75740855 -0.16122554 0.63272317
vn -0.73703593 -0.22123064 0.63861963
vn -0.84478076 -0.30826166 0.43740167
vn -0.85849530 -0.47395064 -0.19584841
vn -0.89830768 -0.22123010 -0.37960580
vn -0.93859918 -0.30826186 -0.15493934
vn -0.87699877 -0.47394970 -0.07902429
vn -0.98466167 -0.16122567 0.06669093
vn -0.97164601 -0.22122998 0.08343460
vn -0.87283309 -0.20420308 -0.44324203
vn -0.84245348 -0.30771280 -0.44224989
vn -0.79550949 -0.45093834 -0.40474593
vn -0.81631441 -0.51315375 -0.26514905
vn -0.85829675 -0.51315366 -0.00008371
vn -0.81499518 -0.13038191 -0.56460909
vn -0.73522896 -0.14882808 -0.66127799
vn -0.83580785 -0.16122513 -0.52481586
vn -0.93578175 -0.12876958 -0.32822389
vn 0.44790296 -0.16322046 0.87905746
vn 0.44511372 -0.19678584 0.87358406
vn 0.44790281 -0.16322046 0.87905754
vn 0.44511360 -0.19678574 0.87358414
vn 0.34616344 -0.47394907 -0.80965619
vn -0.57941947 -0.47395074 -0.66305639
vn -0.50361936 -0.22123019 -0.83511960
vn -0.66827074 -0.30826153 -0.67704434
vn 0.72673742 -0.67720306 0.11510318
vn 0.72673729 -0.67720318 0.11510329
vn -0.11126667 0.99379059 0.00000046
vn -0.11126667 0.99379059 0.00000053
vn -0.10582068 0.99379061 0.03438324
vn -0.10582068 0.99379061 0.03438318
vn -0.97028786 -0.18182683 0.15962601
vn -0.99396938 -0.10456437 -0.03303273
vn -0.97078839 -0.18419723 0.15375722
vn -0.99379006 -0.11127134 -0.00011251
vn -0.88559012 -0.11009673 0.45123038
vn -0.98172312 -0.10973947 0.15548944
vn -0.15375771 -0.18419748 0.97078826
vn 0.03303333 -0.10456457 0.99396934
vn -0.18033599 -0.14639903 0.97264909
vn -0.68089136 -0.14639901 0.71760316
vn 0.87905771 -0.16322067 0.44790239
vn 0.87358396 -0.19678573 0.44511396
vn 0.87905769 -0.16322056 0.44790247
vn 0.87358394 -0.19678570 0.44511402
vn 0.32747541 -0.13038267 0.93582061
vn 0.32834210 -0.09137736 -0.94012852
vn 0.08360758 -0.31479447 -0.94547037
vn 0.25017804 -0.29155050 -0.92326012
vn 0.94547027 -0.31479498 -0.08360674
vn 0.92325975 -0.29155067 -0.25017920
vn 0.06540015 0.99379065 0.09001644
vn 0.06540012 0.99379065 0.09001649
vn 0.08997047 0.99379062 0.06546387
vn 0.09002104 0.99378533 0.06547468
vn 0.80392707 -0.11127169 0.58422588
vn 0.58422607 -0.11127177 0.80392692
vn 0.42581414 -0.14639890 0.89288839
vn -0.12905607 -0.14639893 0.98077107
vn 0.97444328 -0.16322001 -0.15433577
vn 0.96837565 -0.19678554 -0.15337550
vn 0.97444322 -0.16322008 -0.15433605
vn 0.96837560 -0.19678567 -0.15337569
vn -0.15962656 -0.18182708 0.97028773
vn -0.28696111 -0.09137734 -0.95357407
vn 0.18033514 -0.14639837 -0.97264935
vn 0.68431080 -0.14497073 -0.71463432
vn 0.94832619 -0.12887242 -0.28994713
vn 0.80965410 -0.47395075 -0.34616603
vn 0.03438310 0.99379063 0.10582050
vn 0.03438317 0.99379064 0.10582046
vn 0.45164943 -0.18182700 0.87347108
vn 0.44118037 -0.18182705 0.87880533
vn 0.45124840 -0.10973987 0.88562523
vn 0.15548323 -0.11009680 0.98168409
vn -0.60063232 -0.13038255 0.78882267
vn -0.71760319 -0.14639890 0.68089134
vn -0.97264926 -0.14639885 0.18033520
vn 0.69762398 -0.16321992 -0.69762457
vn 0.69328063 -0.19678526 -0.69328027
vn 0.69762411 -0.16321982 -0.69762447
vn 0.69328077 -0.19678515 -0.69328016
vn -0.45164895 -0.18182649 -0.87347144
vn -0.69500755 -0.18419756 0.69500774
vn -0.55751634 -0.10456458 0.82355436
vn -0.28512818 -0.13038273 0.94958005
vn -0.98077108 -0.14639861 0.12905635
vn -0.89288821 -0.14639874 -0.42581458
vn 0.15962653 -0.18182651 -0.97028784
vn 0.12905633 -0.14639816 -0.98077115
vn 0.10567344 0.99378273 0.03505715
vn 0.10602197 0.99378525 0.03391477
vn 0.87347102 -0.18182690 0.45164958
vn 0.98168406 -0.11009640 0.15548374
vn 0.88562529 -0.10973970 0.45124832
vn 0.87880539 -0.18182676 0.44118037
vn -0.86931764 -0.14639872 -0.47207443
vn -0.47207469 -0.14639832 -0.86931756
vn 0.85054554 -0.50835491 -0.13471288
vn 0.15337567 -0.19678513 -0.96837571
vn 0.15433684 -0.16321966 -0.97444316
vn 0.15337563 -0.19678519 -0.96837571
vn -0.19584838 -0.47395071 -0.85849527
vn 0.99177208 -0.11736142 -0.05113154
vn 0.99141128 -0.11483432 -0.06258395
vn -0.83511948 -0.22123046 -0.50361943
vn -0.93420102 -0.16008593 -0.31881178
vn -0.82355471 -0.10456458 0.55751582
vn -0.69500763 -0.18419778 0.69500761
vn -0.94958001 -0.13038241 0.28512845
vn 0.91585628 -0.16109418 0.36777158
vn 0.81557765 -0.12876999 0.56413774
vn 0.90151761 -0.21368532 0.37630384
vn 0.80633448 -0.15334452 0.57123565
vn 0.29118560 -0.16008562 -0.94317737
vn 0.60056531 -0.13339259 -0.78837030
vn 0.58837380 -0.16961153 -0.79059990
vn 0.60133288 -0.12876932 -0.78855389
vn 0.59034863 -0.15334422 -0.79244813
vn -0.52028664 -0.67720280 -0.52028664
vn -0.52028625 -0.67720308 -0.52028666
vn 0.63893625 -0.11346720 -0.76084536
vn 0.62431555 -0.11736087 -0.77230598
vn 0.63336863 -0.11483425 -0.76528248
vn -0.44511355 -0.19678511 -0.87358431
vn -0.44511359 -0.19678514 -0.87358428
vn -0.78882273 -0.13038226 0.60063231
vn 0.93582046 -0.13038256 0.32747588
vn 0.83241443 -0.11736179 0.54158325
vn 0.83885439 -0.11483443 0.53210560
vn -0.63336831 -0.11483447 0.76528271
vn -0.62431500 -0.11736139 0.77230634
vn -0.60133214 -0.12877000 0.78855434
vn -0.59189140 -0.16008643 0.78996006
vn 0.32822443 -0.12877017 0.93578147
vn 0.31657496 -0.15334471 0.93609064
vn -0.87880538 -0.18182655 -0.44118047
vn -0.99121379 -0.13038246 0.02226288
vn 0.94998847 -0.12876997 -0.28449992
vn 0.94339158 -0.15334412 -0.29410528
vn -0.80703315 -0.16008558 -0.56839256
vn -0.98372974 0.08944263 0.15580700
vn -0.98372973 0.08944352 0.15580650
vn -0.87347110 -0.18182651 -0.45164960
vn 0.99121377 -0.13038254 -0.02226332
vn 0.95903147 -0.11736171 -0.25784659
vn 0.96222745 -0.11483450 -0.24684283
vn -0.87905768 -0.16322017 -0.44790263
vn -0.87358405 -0.19678530 -0.44511397
vn -0.87358410 -0.19678522 -0.44511392
vn -0.42581540 -0.14639827 -0.89288790
vn 0.56460960 -0.13038272 0.81499469
vn 0.35510287 -0.11736180 0.92743095
vn 0.36588353 -0.11483467 0.92354872
vn -0.96222787 -0.11483417 0.24684134
vn -0.95903162 -0.11736199 0.25784590
vn -0.94998836 -0.12877034 0.28450012
vn -0.94317746 -0.16008596 0.29118510
vn -0.44117993 -0.18182644 -0.87880568
vn -0.28449927 -0.12877006 0.94998865
vn -0.29410567 -0.15334459 0.94339138
vn 0.93578152 -0.12877003 0.32822436
vn 0.93609067 -0.15334459 0.31657496
vn -0.66305642 -0.47395030 -0.57941979
vn -0.31881230 -0.16008568 -0.93420088
vn -0.88743561 0.08944225 -0.45217045
vn -0.88743550 0.08944259 -0.45217060
vn -0.90359042 -0.14882842 0.40171439
vn -0.99140804 -0.12876981 0.02298758
vn 0.81499445 -0.13038247 0.56461000
vn 0.92743082 -0.11736162 0.35510325
vn 0.92354848 -0.11483428 0.36588426
vn 0.93323888 -0.32908478 0.14411244
vn -0.40171415 -0.14882858 0.90359050
vn -0.02298784 -0.12877023 0.99140798
vn -0.02226326 -0.13038276 0.99121374
vn -0.25784615 -0.11736187 0.95903157
vn -0.24684261 -0.11483476 0.96222747
vn -0.01452391 -0.16008646 0.98699614
vn 0.93511265 -0.10456406 -0.33857153
vn 0.99080395 -0.10291946 -0.08783573
vn 0.93247078 -0.11117831 -0.34371156
vn -0.69328034 -0.19678569 0.69328043
vn -0.69328028 -0.19678576 0.69328047
vn 0.98077091 -0.14639880 -0.12905741
vn 0.89921675 -0.14087960 -0.41420064
vn 0.45217100 0.08944148 0.88743541
vn 0.45217105 0.08944159 0.88743537
vn -0.98699620 -0.16008611 0.01452347
vn 0.88743525 0.08944325 0.45217096
vn 0.88743514 0.08944258 0.45217131
vn -0.49489815 -0.14882851 0.85611091
vn 0.97078839 -0.18419703 -0.15375747
vn -0.78855415 -0.12876999 0.60133239
vn 0.98372970 0.08944281 -0.15580713
vn 0.98372970 0.08944266 -0.15580721
vn 0.85849512 -0.47395092 0.19584854
vn 0.69500782 -0.18419703 -0.69500761
vn 0.82355499 -0.10456422 -0.55751547
vn 0.97264924 -0.14639881 -0.18033536
vn -0.15433635 -0.16322059 0.97444309
vn -0.15337555 -0.19678589 0.96837558
vn -0.15337562 -0.19678587 0.96837557
vn 0.70427245 0.08944181 -0.70427302
vn 0.70427255 0.08944214 -0.70427287
vn 0.53210599 -0.11483446 0.83885414
vn 0.15580768 0.08944128 -0.98372975
vn 0.54158362 -0.11736193 0.83241417
vn 0.56413786 -0.12877011 0.81557755
vn 0.56839187 -0.16008623 0.80703350
vn -0.45217042 0.08944272 -0.88743558
vn -0.45217027 0.08944238 -0.88743569
vn 0.86931748 -0.14639904 0.47207462
vn -0.70427241 0.08944201 0.70427303
vn -0.70427250 0.08944231 0.70427290
vn -0.78995984 -0.16008632 0.59189173
vn -0.15580736 0.08944134 0.98372980
vn -0.15580711 0.08944179 0.98372980
vn 0.10585737 0.99378609 -0.03440086
vn 0.10582081 0.99379061 -0.03438272
vn 0.09001640 0.99379062 -0.06540066
vn 0.09001633 0.99379062 -0.06540074
vn 0.98172305 -0.10973954 -0.15548986
vn 0.88559018 -0.11009640 -0.45123034
vn 0.88559022 -0.11009642 -0.45123025
vn 0.70283601 -0.10973928 -0.70283628
vn -0.86134621 -0.25586737 -0.43887880
vn -0.86134626 -0.25586729 -0.43887875
vn 0.11137921 0.99377769 -0.00076120
vn 0.11126897 0.99379022 0.00045311
vn 0.98172302 -0.10973957 -0.15548998
vn 0.91516845 -0.10291965 0.38971047
vn -0.68356817 -0.25586778 0.68356875
vn -0.68356820 -0.25586775 0.68356873
vn 0.06540061 0.99379063 -0.09001631
vn 0.06540067 0.99379063 -0.09001627
vn 0.03438318 0.99379063 -0.10582049
vn 0.03438310 0.99379067 -0.10582016
vn 0.70283597 -0.10973926 -0.70283633
vn 0.45123061 -0.11009624 -0.88559006
vn 0.45123064 -0.11009625 -0.88559004
vn 0.15548955 -0.10973921 -0.98172313
vn 0.89288839 -0.14639902 0.42581411
vn -0.95481020 -0.25586720 0.15122650
vn -0.95481019 -0.25586732 0.15122636
vn -0.15122698 -0.25586763 0.95481001
vn -0.15122699 -0.25586765 0.95481000
vn 0.43887804 -0.25586762 0.86134652
vn 0.43887797 -0.25586755 0.86134658
vn 0.00000046 0.99379144 -0.11125903
vn 0.00000043 0.99379144 -0.11125907
vn -0.03438344 0.99379069 -0.10581988
vn -0.03438358 0.99379066 -0.10582014
vn -0.15548344 -0.11009621 -0.98168413
vn -0.45124839 -0.10973924 -0.88562531
vn -0.00011248 -0.11127111 -0.99379008
vn 0.86134639 -0.25586731 0.43887847
vn 0.86134640 -0.25586737 0.43887841
vn -0.06540055 0.99379066 -0.09001611
vn -0.06540049 0.99379066 -0.09001616
vn -0.58422594 -0.11127117 -0.80392709
vn 0.95481007 -0.25586734 -0.15122708
vn 0.95481008 -0.25586730 -0.15122709
vn -0.09001608 0.99379066 -0.06540059
vn -0.09001615 0.99379065 -0.06540052
vn -0.10582064 0.99379064 -0.03438262
vn -0.10582063 0.99379063 -0.03438270
vn -0.88562534 -0.10973946 -0.45124829
vn -0.98168413 -0.11009635 -0.15548334
vn -0.80392701 -0.11127132 -0.58422604
vn -0.09001598 0.99379064 0.06540097
vn -0.09001592 0.99379064 0.06540103
vn -0.06540026 0.99379063 0.09001664
vn -0.06540030 0.99379063 0.09001661
vn -0.45123027 -0.11009691 0.88559015
vn -0.70283610 -0.10973985 0.70283609
vn -0.80405925 -0.11127173 0.58404394
vn 0.68356891 -0.25586703 -0.68356829
vn 0.68356869 -0.25586732 -0.68356841
vn -0.03438322 0.99379061 0.10582067
vn -0.03438317 0.99379061 0.10582070
vn 0.00000006 0.99379061 0.11126648
vn -0.00000002 0.99379061 0.11126647
vn -0.15548948 -0.10973985 0.98172307
vn -0.45123031 -0.11009690 0.88559013
vn 0.00011244 -0.11127173 0.99379001
vn 0.15122699 -0.25586704 -0.95481017
vn 0.15122701 -0.25586707 -0.95481016
vn 0.47207436 -0.14639905 0.86931762
vn -0.43887820 -0.25586688 -0.86134666
vn -0.43887829 -0.25586702 -0.86134657
vn 0.98374421 -0.08927983 0.15580900
vn 0.98168408 -0.11009645 0.15548356
vn 0.98374422 -0.08927982 0.15580896
vn 0.05121312 0.99868774 0.00012874
vn 0.05124402 0.99868614 -0.00023111
vn 0.04874614 0.99868774 0.01570373
vn 0.04866435 0.99868614 0.01605554
vn -0.03012131 0.99868605 0.04145928
vn -0.01583591 0.99868605 0.04873797
vn -0.03012127 0.99868606 0.04145928
vn -0.01583593 0.99868605 0.04873797
vn -0.00000001 0.99868606 0.05124607
vn 0.01583592 0.99868606 0.04873792
vn 0.00000001 0.99868606 0.05124608
vn 0.01583590 0.99868606 0.04873792
vn -0.04145872 0.99868605 0.03012212
vn -0.04145872 0.99868605 0.03012208
vn -0.04873799 0.99868605 0.01583592
vn -0.04873798 0.99868605 0.01583594
vn -0.05124613 0.99868605 0.00000049
vn -0.05124615 0.99868605 0.00000046
vn -0.04873805 0.99868606 -0.01583543
vn -0.04873807 0.99868606 -0.01583540
vn -0.03012164 0.99868607 -0.04145870
vn -0.04145901 0.99868605 -0.03012173
vn -0.03012173 0.99868605 -0.04145901
vn -0.04145900 0.99868605 -0.03012174
vn -0.01583499 0.99868628 -0.04873354
vn -0.01583503 0.99868627 -0.04873380
vn 0.00000001 0.99868629 -0.05124158
vn -0.00000001 0.99868629 -0.05124158
vn 0.01583498 0.99868628 -0.04873360
vn 0.01583506 0.99868627 -0.04873386
vn 0.03012167 0.99868607 -0.04145871
vn 0.03012174 0.99868605 -0.04145904
vn 0.04145902 0.99868605 -0.03012177
vn 0.04145903 0.99868605 -0.03012175
vn 0.04873758 0.99868611 -0.01583359
vn 0.04875170 0.99868526 -0.01584394
vn 0.04145877 0.99868611 0.03012015
vn 0.04146900 0.99868526 0.03013435
vn 0.03012128 0.99868605 0.04145929
vn 0.03012127 0.99868606 0.04145926
vn -0.98256224 0.18593397 0.00000023
vn -0.93447258 0.18593238 0.30362832
vn -0.98256224 0.18593399 0.00000028
vn -0.93447260 0.18593241 0.30362822
vn -0.79490945 0.18593456 0.57753555
vn -0.79490939 0.18593468 0.57753559
vn -0.57753523 0.18593436 0.79490973
vn -0.57753550 0.18593435 0.79490953
vn -0.30362814 0.18593475 0.93447216
vn -0.30362813 0.18593466 0.93447218
vn -0.00000016 0.18593295 0.98256243
vn -0.00000017 0.18593295 0.98256243
vn 0.30362836 0.18593466 0.93447211
vn 0.30362835 0.18593475 0.93447209
vn 0.57753520 0.18593435 0.79490975
vn 0.57753547 0.18593436 0.79490955
vn 0.79490948 0.18593468 0.57753546
vn 0.79490939 0.18593483 0.57753553
vn 0.93447178 0.18593982 0.30362620
vn 0.93447059 0.18594008 0.30362970
vn 0.98256071 0.18594209 0.00000172
vn 0.98256074 0.18594188 -0.00000205
vn 0.93447246 0.18593374 -0.30362784
vn 0.93447247 0.18593345 -0.30362799
vn 0.79490948 0.18593427 -0.57753560
vn 0.79490933 0.18593429 -0.57753580
vn 0.57753573 0.18593338 -0.79490959
vn 0.57753569 0.18593353 -0.79490958
vn 0.30362821 0.18593693 -0.93447171
vn 0.30362821 0.18593711 -0.93447167
vn 0.00000004 0.18593662 -0.98256174
vn 0.00000005 0.18593662 -0.98256174
vn -0.30362847 0.18593710 -0.93447159
vn -0.30362850 0.18593694 -0.93447161
vn -0.57753541 0.18593353 -0.79490979
vn -0.57753539 0.18593337 -0.79490984
vn -0.79490965 0.18593428 -0.57753535
vn -0.79490952 0.18593421 -0.57753557
vn -0.93447253 0.18593233 -0.30362848
vn -0.93447252 0.18593232 -0.30362853
vn 0.88190149 0.37435358 -0.28654697
vn 0.92728603 0.37435361 0.00000030
vn 0.88190144 0.37435360 -0.28654709
vn 0.92728602 0.37435362 0.00000029
vn 0.88190148 0.37435343 0.28654719
vn 0.88190143 0.37435347 0.28654728
vn 0.75018990 0.37435398 0.54504514
vn 0.75019016 0.37435407 0.54504472
vn 0.54504448 0.37435495 0.75018990
vn 0.54504433 0.37435512 0.75018993
vn 0.28654682 0.37435808 0.88189962
vn 0.28654651 0.37435806 0.88189973
vn -0.00000009 0.37435541 0.92728530
vn -0.00000004 0.37435542 0.92728529
vn -0.28654636 0.37435807 0.88189978
vn -0.28654609 0.37435801 0.88189989
vn -0.54504497 0.37435382 0.75019011
vn -0.54504503 0.37435370 0.75019013
vn -0.75018965 0.37435495 0.54504482
vn -0.75018970 0.37435511 0.54504464
vn -0.88171978 0.37432406 0.28714410
vn -0.88171965 0.37432397 0.28714460
vn -0.92727274 0.37438600 0.00062087
vn -0.92727283 0.37438577 0.00062646
vn -0.88169739 0.37438469 -0.28713379
vn -0.88169562 0.37438486 -0.28713901
vn -0.74983350 0.37432333 -0.54555638
vn -0.74983339 0.37432340 -0.54555649
vn -0.54504499 0.37435396 -0.75019002
vn -0.54504491 0.37435375 -0.75019019
vn -0.28654723 0.37435192 -0.88190210
vn -0.28654735 0.37435185 -0.88190210
vn -0.00000002 0.37435194 -0.92728670
vn -0.00000002 0.37435201 -0.92728667
vn 0.28654716 0.37435312 -0.88190162
vn 0.28654699 0.37435320 -0.88190164
vn 0.54504498 0.37435363 -0.75019020
vn 0.54504507 0.37435364 -0.75019013
vn 0.75019029 0.37435341 -0.54504500
vn 0.75019037 0.37435341 -0.54504488
vn -0.30036068 0.95382570 0.00000046
vn -0.23402645 0.97223023 0.00000061
vn -0.28566012 0.95382572 -0.09281596
vn -0.22257328 0.97223012 -0.07231684
vn -0.24299685 0.95382571 -0.17654758
vn -0.18933474 0.97222939 -0.13755859
vn -0.17654744 0.95382571 -0.24299696
vn -0.13756224 0.97222849 -0.18933670
vn -0.09281653 0.95382570 -0.28565999
vn -0.07232287 0.97222751 -0.22258274
vn -0.00000007 0.95382569 -0.30036072
vn -0.00000273 0.97222617 -0.23404331
vn 0.09281645 0.95382537 -0.28566111
vn 0.07232226 0.97222484 -0.22259461
vn 0.17654840 0.95382521 -0.24299821
vn 0.13757241 0.97222374 -0.18935374
vn 0.24299818 0.95382520 -0.17654852
vn 0.18935476 0.97222349 -0.13757276
vn 0.28562923 0.95381591 -0.09301161
vn 0.22255285 0.97222337 -0.07247037
vn 0.30033468 0.95383386 -0.00019366
vn 0.23406609 0.97222068 -0.00014975
vn 0.28557349 0.95383433 0.09299379
vn 0.22256262 0.97222075 0.07247550
vn 0.24290659 0.95381627 0.17672270
vn 0.18926626 0.97222344 0.13769486
vn 0.17654861 0.95382490 0.24299928
vn 0.13757337 0.97222376 0.18935291
vn 0.09281730 0.95382495 0.28566225
vn 0.07232433 0.97222436 0.22259600
vn -0.00000000 0.95382496 0.30036303
vn -0.00000264 0.97222577 0.23404497
vn -0.09281734 0.95382527 0.28566116
vn -0.07232487 0.97222707 0.22258401
vn -0.17654763 0.95382543 0.24299789
vn -0.13756299 0.97222816 0.18933785
vn -0.24299683 0.95382564 0.17654798
vn -0.18933562 0.97222914 0.13755918
vn -0.28566001 0.95382569 0.09281652
vn -0.22257388 0.97222989 0.07231804
vn 0.07961770 0.99648814 -0.02593082
vn 0.06778668 0.99648318 -0.04925684
vn 0.08383395 0.99647974 -0.00005965
vn 0.04923505 0.99648354 -0.06779729
vn 0.02586695 0.99648369 -0.07969415
vn -0.00002450 0.99648348 -0.08378947
vn -0.02591048 0.99648348 -0.07968266
vn -0.04926246 0.99648367 -0.06777541
vn -0.06779251 0.99648381 -0.04923610
vn -0.07968756 0.99648375 -0.02588480
vn -0.08378826 0.99648358 -0.00000404
vn -0.07969311 0.99648341 0.02588079
vn -0.06779934 0.99648323 0.04923838
vn -0.04926852 0.99648299 0.06778093
vn -0.02591762 0.99648284 0.07968833
vn -0.00002643 0.99648288 0.08379665
vn 0.02587610 0.99648272 0.07970330
vn 0.04925072 0.99648239 0.06780278
vn 0.06772993 0.99648569 0.04928421
vn 0.07975326 0.99647617 0.02597407
vn 0.00000000 -1.00000000 0.00000000
vn 0.00000000 -1.00000000 -0.00000047
vn 0.00000000 -1.00000000 0.00000000
vn 0.00000004 -1.00000000 -0.00000048
vn 0.00000012 -1.00000000 -0.00000050
vn 0.00000017 -1.00000000 -0.00000051
vn 0.00000000 -1.00000000 0.00000000
vn 0.00000000 -1.00000000 0.00000000
vn 0.00000038 -1.00000000 -0.00000028
vn 0.00000017 -1.00000000 -0.00000045
vn -0.00000046 -1.00000000 -0.00000200
vn -0.00000072 -1.00000000 -0.00000222
vn -0.00000000 -1.00000000 -0.00000234
vn -0.00000000 -1.00000000 -0.00000234
vn 0.00000027 -1.00000000 -0.00000237
vn 0.00000025 -1.00000000 -0.00000209
vn 0.00000003 -1.00000000 -0.00000034
vn 0.00000000 -1.00000000 0.00000000
vn 0.00000000 -1.00000000 0.00000000
vn 0.00000000 -1.00000000 0.00000000
vn -0.00000015 -1.00000000 -0.00000045
vn -0.00000011 -1.00000000 -0.00000047
vn -0.00000004 -1.00000000 -0.00000051
vn 0.00000000 -1.00000000 -0.00000054
vn 0.00000000 -1.00000000 0.00000000
vn 0.00000000 -1.00000000 0.00000000
vn 0.00000028 -1.00000000 -0.00000038
vn 0.00000031 -1.00000000 -0.00000037
vn 0.00000039 -1.00000000 -0.00000033
vn 0.00000043 -1.00000000 -0.00000032
vn 0.00000000 -1.00000000 0.00000000
vn 0.00000000 -1.00000000 0.00000000
vn 0.00000000 -1.00000000 0.00000000
vn 0.00000000 -1.00000000 0.00000000
vn 0.00000000 -1.00000000 0.00000000
vn 0.00000000 -1.00000000 0.00000000
vn -0.00000038 -1.00000000 -0.00000028
vn -0.00000037 -1.00000000 -0.00000031
vn -0.00000033 -1.00000000 -0.00000039
vn -0.00000032 -1.00000000 -0.00000043
vn 0.00000004 0.91247825 0.40912521
vn -0.00000003 0.80198394 0.59734559
vn 0.00000001 0.91247827 0.40912517
vn -0.00000009 0.91247826 0.40912518
vn 0.00000004 0.80198402 0.59734549
vn -0.00000004 0.91247827 0.40912516
vn 0.00000006 0.91247824 0.40912523
vn -0.00000003 0.91247828 0.40912516
vn 0.00000000 0.72395007 0.68985238
vn 0.00000000 0.72395007 0.68985238
vn 0.00000000 0.72395007 0.68985238
vn 0.00000000 0.72395007 0.68985238
vn 0.00000000 0.72395007 0.68985238
vn 0.00000000 0.72395007 0.68985238
vn 0.00000000 0.72395007 0.68985238
vn 0.00000000 0.72395007 0.68985238
vn 0.00000000 0.72395007 0.68985238
vn 0.00000000 0.72395007 0.68985238
vn 0.00000000 0.72395007 0.68985238
vn 0.00000000 0.72395007 0.68985238
vn 0.00000000 0.72395007 0.68985238
vn 0.00000000 0.72395007 0.68985238
vn 0.00000000 0.72395007 0.68985238
vn 0.00000000 0.72395007 0.68985238
vn 0.00000000 0.72395007 0.68985238
vn 0.00000000 0.72395007 0.68985238
vn 0.00000000 0.20819078 0.97808824
vn 0.00000000 0.20819078 0.97808824
vn 0.00000000 0.20819078 0.97808824
vn 0.00000000 0.20819078 0.97808824
vn 0.00000000 0.20819078 0.97808824
vn 0.00000000 0.20819078 0.97808824
vn 0.00000000 0.20819078 0.97808824
vn 0.00000000 0.20819078 0.97808824
vn 0.00000000 0.20819078 0.97808824
vn 0.00000000 0.20819078 0.97808824
vn 0.00000000 0.08858824 0.99606833
vn 0.00000000 -0.04632766 0.99892630
vn 0.00000000 1.00000000 0.00000000
vn 0.00000000 1.00000000 0.00000020
vn 0.00000000 1.00000000 0.00000000
vn 0.00000000 1.00000000 0.00000020
vn 0.00000000 1.00000000 0.00000000
vn 0.00000000 1.00000000 0.00000020
vn -0.00738649 -0.03674057 0.99929754
vn 0.00000000 -0.04632648 0.99892635
vn 0.00738649 -0.03674057 0.99929754
vn 0.00000000 0.91247827 0.40912516
vn 0.00000000 0.91247823 0.40912525
vn 0.00000000 0.91247827 0.40912516
vn 0.00000000 0.91247823 0.40912525
vn 0.00000000 0.91247827 0.40912516
vn 0.00000000 0.91247823 0.40912525
vn 0.00000000 0.83136449 0.55572752
vn 0.00000000 0.44218154 0.89692557
vn 0.00000000 0.49582563 0.86842210
vn 0.00000000 0.83136449 0.55572752
vn 0.00000000 0.49582563 0.86842210
vn 0.00000000 0.83136449 0.55572752
vn 0.00000000 0.49582563 0.86842210
vn 0.00000000 0.44218112 0.89692578
vn 0.00000000 0.91247823 0.40912526
vn 0.00000000 0.91247823 0.40912526
vn 0.00000000 0.91247823 0.40912526
vn 0.96442066 -0.10816133 0.24123414
vn 0.96442066 -0.10816133 0.24123414
vn 0.96442066 -0.10816133 0.24123414
vn 0.96442066 -0.10816133 0.24123414
vn 0.00000000 -0.40912486 0.91247841
vn 0.00000000 -0.40912486 0.91247841
vn 0.00000000 -0.40912486 0.91247841
vn 0.00000000 -0.40912486 0.91247841
vn -0.87686261 0.19668312 -0.43866583
vn -0.87686261 0.19668312 -0.43866583
vn -0.87686261 0.19668312 -0.43866583
vn -0.87686261 0.19668312 -0.43866583
vn 0.00000000 0.40912486 -0.91247841
vn 0.00000000 0.40912486 -0.91247841
vn 0.00000000 0.40912486 -0.91247841
vn 0.00000000 0.40912486 -0.91247841
vn 1.00000000 0.00000003 -0.00000007
vn 1.00000000 0.00000003 -0.00000007
vn 1.00000000 0.00000003 -0.00000007
vn 1.00000000 0.00000003 -0.00000007
vn 0.00000000 -0.40912486 0.91247841
vn 0.00000000 -0.40912486 0.91247841
vn 0.00000000 -0.40912486 0.91247841
vn 0.00000000 -0.40912486 0.91247841
vn -0.96442066 0.10816140 -0.24123413
vn -0.96442066 0.10816139 -0.24123413
vn -0.96442066 0.10816134 -0.24123414
vn -0.96442066 0.10816133 -0.24123414
vn 0.00000000 0.40912507 -0.91247832
vn 0.00000000 0.40912507 -0.91247832
vn 0.00000000 0.40912507 -0.91247832
vn 0.00000000 0.40912507 -0.91247832
vn 0.96442060 0.10816143 -0.24123434
vn 0.96442060 0.10816143 -0.24123434
vn 0.96442061 0.10816147 -0.24123431
vn 0.96442061 0.10816148 -0.24123430
vn 0.00000000 -0.40912486 0.91247841
vn 0.00000000 -0.40912486 0.91247841
vn 0.00000000 -0.40912486 0.91247841
vn 0.00000000 -0.40912486 0.91247841
vn -1.00000000 -0.00000003 0.00000007
vn -1.00000000 -0.00000003 0.00000007
vn -1.00000000 -0.00000003 0.00000007
vn -1.00000000 -0.00000003 0.00000007
vn 0.00000000 0.40912507 -0.91247832
vn 0.00000000 0.40912507 -0.91247832
vn 0.00000000 0.40912507 -0.91247832
vn 0.00000000 0.40912507 -0.91247832
vn 0.87686261 0.19668312 -0.43866583
vn 0.87686261 0.19668312 -0.43866583
vn 0.87686261 0.19668312 -0.43866583
vn 0.87686261 0.19668312 -0.43866583
vn 0.00000000 -0.40912486 0.91247841
vn 0.00000000 -0.40912486 0.91247841
vn 0.00000000 -0.40912486 0.91247841
vn 0.00000000 -0.40912486 0.91247841
vn -0.96442062 -0.10816141 0.24123430
vn -0.96442062 -0.10816141 0.24123430
vn -0.96442062 -0.10816141 0.24123430
vn -0.96442062 -0.10816141 0.24123430
vn 0.00000000 0.40912486 -0.91247841
vn 0.00000000 0.40912486 -0.91247841
vn 0.00000000 0.40912486 -0.91247841
vn 0.00000000 0.40912486 -0.91247841
vn 0.00000043 0.91247837 0.40912495
vn -0.00000002 0.91247837 0.40912494
vn 0.00000030 0.91247837 0.40912495
vn -0.00000010 0.91247837 0.40912494
vn -0.00000026 0.91247833 0.40912504
vn -0.00000025 0.91247833 0.40912504
vn -0.00000025 0.91247833 0.40912504
vn -0.00000024 0.91247833 0.40912504
vn 0.00000026 0.91247833 0.40912505
vn 0.00000025 0.91247833 0.40912504
vn 0.00000025 0.91247833 0.40912505
vn 0.00000024 0.91247833 0.40912504
vn -0.00000043 0.91247849 0.40912468
vn 0.00000000 0.91247834 0.40912501
vn -0.00000025 0.91247843 0.40912481
vn 0.00000010 0.91247831 0.40912509
vn 0.00786608 0.90789762 -0.41911816
vn 0.00050442 0.92670501 -0.37578926
vn 0.00685219 0.91061394 -0.41320127
vn 0.00000000 0.92791606 -0.37278919
vn -0.65929860 0.74947608 -0.06009128
vn -0.65929740 0.74947725 -0.06008994
vn -0.65929853 0.74947614 -0.06009121
vn -0.65929737 0.74947727 -0.06008991
vn 0.00384359 0.34085315 0.94010869
vn 0.00012940 0.29556909 0.95532136
vn 0.00356865 0.33752409 0.94131013
vn 0.00000000 0.29397928 0.95581179
vn 0.69418712 0.55557414 0.45764791
vn 0.69418712 0.55557414 0.45764791
vn 0.69418643 0.55557493 0.45764800
vn 0.69418712 0.55557414 0.45764791
vn 0.69418643 0.55557493 0.45764800
vn 0.69418643 0.55557493 0.45764800
vn 0.00294791 0.92732853 -0.37423671
vn 0.00019699 0.93404574 -0.35715336
vn 0.00254336 0.92833655 -0.37173213
vn 0.00000000 0.93451439 -0.35592536
vn -0.69418683 0.71128290 0.11036881
vn -0.69418634 0.71128333 0.11036919
vn -0.69418681 0.71128292 0.11036883
vn -0.69418633 0.71128333 0.11036919
vn 0.00151615 0.35692663 0.93413119
vn 0.00005274 0.33956935 0.94058102
vn 0.00139100 0.35544678 0.93469548
vn 0.00000000 0.33894163 0.94080740
vn 0.70710670 0.64521971 0.28929507
vn 0.70710616 0.64522022 0.28929526
vn 0.70710668 0.64521974 0.28929508
vn 0.70710615 0.64522023 0.28929526
vn -0.00288569 0.93523481 -0.35401627
vn -0.00020322 0.92844362 -0.37147328
vn -0.00245608 0.93416953 -0.35682105
vn 0.00000000 0.92791559 -0.37279038
vn -0.70710607 0.64522024 0.28929543
vn -0.70710672 0.64521966 0.28929513
vn -0.70710610 0.64522021 0.28929542
vn -0.70710674 0.64521965 0.28929512
vn -0.00154711 0.33761622 0.94128258
vn -0.00005495 0.35527744 0.93476090
vn -0.00140013 0.33936148 0.94065500
vn 0.00000000 0.35592536 0.93451439
vn 0.69418662 0.71128311 0.11036881
vn 0.69418687 0.71128289 0.11036865
vn 0.69418663 0.71128310 0.11036880
vn 0.69418688 0.71128288 0.11036865
vn -0.00746084 0.93040009 -0.36646966
vn -0.00055087 0.91086633 -0.41270113
vn -0.00623559 0.92710683 -0.37474531
vn 0.00000000 0.90920866 -0.41634075
vn -0.69418713 0.55557405 0.45764800
vn -0.69418755 0.55557362 0.45764790
vn -0.69418713 0.55557405 0.45764800
vn -0.69418755 0.55557362 0.45764790
vn -0.69418713 0.55557405 0.45764800
vn -0.69418755 0.55557362 0.45764790
vn -0.00403864 0.28967623 0.95711618
vn -0.00014565 0.33718083 0.94143989
vn -0.00361040 0.29494372 0.95550781
vn 0.00000000 0.33894163 0.94080740
vn 0.65929725 0.74947737 -0.06009001
vn 0.65929991 0.74947483 -0.06009253
vn 0.65929734 0.74947729 -0.06009010
vn 0.65929995 0.74947479 -0.06009257
vn 0.87431031 0.26567897 -0.40619720
vn 0.87431031 0.26567897 -0.40619720
vn 0.87431031 0.26567896 -0.40619721
vn 0.87431031 0.26567895 -0.40619721
vn -0.87446814 -0.26353170 0.40725485
vn -0.87446814 -0.26353168 0.40725485
vn -0.87446821 -0.26353101 0.40725515
vn -0.87446821 -0.26353099 0.40725516
vn 0.00000030 0.91247824 0.40912523
vn 0.00000157 0.91247938 0.40912269
vn 0.00000032 0.91247825 0.40912523
vn 0.00000161 0.91247939 0.40912268
vn 0.00000000 0.44587342 -0.89509602
vn 0.00000000 0.44587342 -0.89509602
vn 0.00000000 0.44587342 -0.89509602
vn 0.00000000 0.44587342 -0.89509602
vn 0.00000000 -0.44371651 0.89616720
vn 0.00000000 -0.44371651 0.89616720
vn 0.00000000 -0.44371651 0.89616720
vn 0.00000000 -0.44371651 0.89616720
vn 0.00000029 0.91247907 0.40912339
vn -0.00000171 0.91247886 0.40912387
vn 0.96346872 0.14858628 -0.22282313
vn 0.96346872 0.14858626 -0.22282314
vn 0.96346875 0.14858544 -0.22282356
vn 0.96346875 0.14858542 -0.22282358
vn -0.00000006 0.91247816 0.40912542
vn -0.00000029 0.91247812 0.40912550
vn 0.00000000 -0.37169958 0.92835307
vn 0.00000000 -0.37169958 0.92835307
vn 0.00000000 -0.37169958 0.92835307
vn 0.00000000 -0.37169958 0.92835307
vn 0.00000000 0.37393714 -0.92745405
vn 0.00000000 0.37393714 -0.92745405
vn 0.00000000 0.37393714 -0.92745405
vn 0.00000000 0.37393714 -0.92745405
vn -0.96366394 -0.14421524 0.22484168
vn -0.96366394 -0.14421524 0.22484168
vn -0.96366392 -0.14421550 0.22484158
vn -0.96366392 -0.14421551 0.22484157
vn 0.00000035 0.91247821 0.40912530
vn 0.00000177 0.91247923 0.40912304
vn 0.00000000 0.44587342 -0.89509602
vn 0.00000000 0.44587342 -0.89509602
vn 0.00000000 -0.44371651 0.89616720
vn 0.00000000 -0.44371651 0.89616720
vn 0.00000000 -0.44371651 0.89616720
vn 0.00000000 -0.44371651 0.89616720
vn -0.00000001 0.91247904 0.40912346
vn -0.00000177 0.91247905 0.40912344
vn 0.99999709 0.00220186 0.00098712
vn 0.99999709 0.00220188 0.00098713
vn 0.99999709 0.00220251 0.00098745
vn 0.99999709 0.00220253 0.00098746
vn -0.00000001 0.91247817 0.40912541
vn -0.00000030 0.91247816 0.40912543
vn 0.00000000 -0.37169958 0.92835307
vn 0.00000000 -0.37169958 0.92835307
vn 0.00000000 0.37393714 -0.92745405
vn 0.00000000 0.37393714 -0.92745405
vn 0.00000000 0.37393714 -0.92745405
vn 0.00000000 0.37393714 -0.92745405
vn -0.99999709 0.00220214 0.00098744
vn -0.99999709 0.00220214 0.00098744
vn -0.99999709 0.00220212 0.00098744
vn -0.99999709 0.00220212 0.00098744
vn 0.00000037 0.91247817 0.40912539
vn 0.00000183 0.91247903 0.40912348
vn 0.00000000 0.44587342 -0.89509602
vn 0.00000000 0.44587342 -0.89509602
vn 0.00000000 -0.44371651 0.89616720
vn 0.00000000 -0.44371651 0.89616720
vn 0.00000000 -0.44371651 0.89616720
vn 0.00000000 -0.44371651 0.89616720
vn -0.00000030 0.91247907 0.40912338
vn -0.00000170 0.91247924 0.40912301
vn 0.96366399 -0.14421479 0.22484174
vn 0.96366399 -0.14421484 0.22484172
vn 0.96366394 -0.14421640 0.22484091
vn 0.96366394 -0.14421645 0.22484088
vn 0.00000005 0.91247816 0.40912541
vn -0.00000029 0.91247819 0.40912536
vn 0.00000000 -0.37169958 0.92835307
vn 0.00000000 -0.37169958 0.92835307
vn 0.00000000 -0.37169958 0.92835307
vn 0.00000000 0.37393714 -0.92745405
vn 0.00000000 0.37393714 -0.92745405
vn 0.00000000 0.37393714 -0.92745405
vn 0.00000000 0.37393714 -0.92745405
vn -0.96346872 0.14858667 -0.22282287
vn -0.96346872 0.14858662 -0.22282289
vn -0.96346882 0.14858498 -0.22282357
vn -0.96346882 0.14858492 -0.22282359
vn 0.00000035 0.91247813 0.40912547
vn 0.00000177 0.91247883 0.40912392
vn 0.00000000 0.44587342 -0.89509602
vn 0.00000000 0.44587342 -0.89509602
vn 0.00000000 -0.44371651 0.89616720
vn 0.00000000 -0.44371651 0.89616720
vn 0.00000000 -0.44371651 0.89616720
vn 0.00000000 -0.44371651 0.89616720
vn -0.00000157 0.91247940 0.40912266
vn -0.00000155 0.91247939 0.40912266
vn -0.87431039 0.26567891 -0.40619708
vn -0.87431039 0.26567888 -0.40619709
vn -0.87431050 0.26567777 -0.40619759
vn -0.87431050 0.26567774 -0.40619760
vn 0.87446816 -0.26353212 0.40725453
vn 0.87446816 -0.26353217 0.40725450
vn 0.87446807 -0.26353391 0.40725356
vn 0.87446807 -0.26353396 0.40725354
vn -0.00000033 0.91247823 0.40912526
vn -0.00000026 0.91247821 0.40912530
vn 0.00000000 -0.37169958 0.92835307
vn 0.00000000 -0.37169958 0.92835307
vn 0.00000000 -0.37169958 0.92835307
vn 0.00000000 0.37393714 -0.92745405
vn 0.00000000 0.37393714 -0.92745405
vn 0.00000000 0.37393714 -0.92745405
vn 0.00000000 0.37393714 -0.92745405
vn 0.03649828 0.94895993 0.31327771
vn 0.13215746 0.94580155 0.29663756
vn 0.00000000 1.00000000 0.00000000
vn 0.00000000 -1.00000000 0.00000000
vn 0.23328913 0.94600687 0.22504929
vn 0.00000000 -1.00000000 0.00000000
vn 0.30022146 0.94614494 0.12114794
vn 0.00000000 -1.00000000 0.00000000
vn 0.13325036 0.94415915 0.30134338
vn 0.20486612 0.96131931 0.18410610
vn 0.00000000 1.00000000 0.00000000
vn 0.00000000 1.00000000 0.00000000
vn -0.13351029 0.94419726 0.30110885
vn 0.00000000 1.00000000 0.00000000
vn -0.20486956 0.96131447 0.18412755
vn 0.00000000 1.00000000 0.00000000
vn -0.03638558 0.94889529 0.31348655
vn 0.00000000 1.00000000 0.00000000
vn -0.13218922 0.94576170 0.29675044
vn 0.00000000 -1.00000000 0.00000000
vn -0.23333001 0.94597701 0.22513242
vn 0.00000000 -1.00000000 0.00000000
vn -0.30025009 0.94612834 0.12120660
vn 0.00000000 -1.00000000 0.00000000
vn 0.00000000 -1.00000000 0.00000000
vn 0.00000000 -1.00000000 0.00000000
vn 0.00000000 1.00000000 0.00000000
vn 0.00000000 1.00000000 0.00000000
vn 0.00000000 -1.00000000 0.00000000
vn 0.00000000 1.00000000 0.00000000
vn 0.00000000 -1.00000000 0.00000000
vn 0.00000000 1.00000000 0.00000000
vn -0.21823631 0.84276076 0.49206425
vn 0.06537160 0.82439777 0.56222315
vn 0.22778555 0.82850185 0.51156469
vn 0.40227777 0.82914106 0.38819802
vn 0.51778602 0.82958776 0.20900188
vn -0.51768263 0.82964751 0.20902081
vn -0.40213102 0.82925253 0.38811194
vn -0.22767858 0.82864418 0.51138175
vn -0.06511562 0.82463934 0.56189849
vn 0.21784061 0.84293454 0.49194189
vn 0.42643178 0.81931761 0.38324220
vn -0.12763072 -0.04594589 0.99075697
vn -0.12945478 -0.04252947 0.99067285
vn -0.47003494 0.73397527 0.49025243
vn -0.46857156 0.88256853 -0.03890354
vn 0.39727116 -0.84446271 0.35924694
vn 0.20165594 -0.86537801 0.45875459
vn 0.39735649 -0.84441716 0.35925964
vn 0.20181815 -0.86524281 0.45893825
vn -0.06279524 -0.84265700 0.53477653
vn -0.06271517 -0.84244290 0.53512314
vn -0.21784734 -0.84490286 0.48855060
vn -0.21782883 -0.84477919 0.48877267
vn -0.38570833 -0.84429916 0.37200539
vn -0.38575592 -0.84420256 0.37217523
vn -0.49756525 -0.84386368 0.20080564
vn -0.49762385 -0.84380958 0.20088776
vn 0.49766733 -0.84380784 0.20078735
vn 0.38584817 -0.84419825 0.37208938
vn 0.49757903 -0.84385931 0.20078985
vn 0.38568740 -0.84429307 0.37204091
vn 0.21795159 -0.84477386 0.48872714
vn 0.21778019 -0.84489630 0.48859188
vn 0.06303792 -0.84243879 0.53509167
vn 0.06290800 -0.84264379 0.53478409
vn 0.00326234 -0.84407025 0.53622269
vn 0.00316929 -0.84443509 0.53564851
vn -0.39744107 -0.84431739 0.35940052
vn -0.39738161 -0.84443004 0.35920157
vn -0.39741489 -0.84436700 0.35931291
vn -0.39733421 -0.84451979 0.35904297
vn 0.13232632 -0.04591737 0.99014208
vn 0.13044384 -0.04253097 0.99054304
vn -0.35024674 0.72733254 0.59018183
vn -0.49056634 0.87045147 0.04072968
vn -0.42641104 0.81932410 0.38325142
vn 0.56083707 0.82616805 0.05392718
vn -0.56085034 0.82615659 0.05396466
vn 0.56087306 0.82614278 0.05393991
vn 0.56064095 0.82621591 -0.05521771
vn 0.56064074 0.82621604 -0.05521787
vn 0.51529291 0.83000975 -0.21344093
vn 0.51529280 0.83000985 -0.21344079
vn 0.39438791 0.83000967 -0.39438829
vn 0.39438786 0.83000968 -0.39438833
vn 0.21344078 0.83000983 -0.51529284
vn 0.21344042 0.83000999 -0.51529273
vn 0.05521790 0.82621855 -0.56063704
vn 0.05521802 0.82621866 -0.56063687
vn -0.05521817 0.82621880 -0.56063665
vn -0.05521804 0.82621867 -0.56063686
vn -0.21344046 0.83001004 -0.51529265
vn -0.21344023 0.83000984 -0.51529306
vn -0.39438813 0.83000968 -0.39438805
vn -0.39438813 0.83000968 -0.39438804
vn -0.51529292 0.83000983 -0.21344060
vn -0.51529282 0.83000999 -0.21344019
vn -0.56063706 0.82621855 -0.05521773
vn -0.56063688 0.82621866 -0.05521787
vn -0.56084458 0.82616025 0.05396846
vn -0.53965112 -0.84028679 0.05191123
vn -0.53967153 -0.84027300 0.05192228
vn -0.53946837 -0.84032775 -0.05313322
vn -0.53946848 -0.84032766 -0.05313370
vn -0.49566813 -0.84389596 -0.20531125
vn -0.49566820 -0.84389586 -0.20531148
vn -0.37936774 -0.84389608 -0.37936727
vn -0.37936771 -0.84389614 -0.37936717
vn -0.20531162 -0.84389629 -0.49566742
vn -0.20531123 -0.84389646 -0.49566729
vn -0.05313297 -0.84032788 -0.53946820
vn -0.05313276 -0.84032801 -0.53946802
vn 0.05313317 -0.84032788 -0.53946818
vn 0.05313336 -0.84032779 -0.53946831
vn 0.20531149 -0.84389645 -0.49566720
vn 0.20531129 -0.84389629 -0.49566755
vn 0.37936723 -0.84389614 -0.37936763
vn 0.37936724 -0.84389606 -0.37936780
vn 0.49566818 -0.84389589 -0.20531145
vn 0.49566824 -0.84389574 -0.20531188
vn 0.53947220 -0.84032529 -0.05313327
vn 0.53947235 -0.84032516 -0.05313379
vn 0.53967930 -0.84027041 0.05188343
vn 0.53965839 -0.84028370 0.05188566
vn -0.00883866 -0.99996008 0.00130974
vn 0.00869443 -0.99996136 0.00129759
vn -0.34002128 -0.93166582 0.12800124
vn -0.33816142 -0.93239878 -0.12759063
vn -0.24426397 -0.93830895 -0.24476809
vn 0.00070532 -0.99999896 0.00126023
vn 0.00015268 -0.99999921 0.00124846
vn -0.00020318 -0.99999943 0.00104418
vn -0.00062936 -0.99999961 0.00061966
vn 0.24458065 -0.93810588 -0.24522983
vn -0.00129143 -0.99999916 -0.00004956
vn -0.00100584 -0.99999946 0.00025114
vn 0.00001303 -0.99999987 0.00050718
vn 0.00000000 -0.99999983 -0.00057801
vn 0.24541483 -0.93802131 0.24471939
vn -0.00000041 -0.99999969 -0.00078222
vn -0.00000518 -0.99999990 -0.00045612
vn 0.00001131 -0.99999970 -0.00076826
vn -0.12802630 -0.93191021 0.33934147
vn -0.24538899 -0.93803280 0.24470128
vn -0.68394148 -0.72953669 -0.00052677
vn -0.68395658 -0.72952253 -0.00052322
vn -0.63241741 -0.76429632 -0.12609266
vn -0.33349362 -0.79939228 -0.49975393
vn -0.12565625 -0.76469888 -0.63201750
vn -0.04845741 -0.74515024 -0.66513382
vn 0.04846025 -0.74514874 -0.66513529
vn 0.12565347 -0.76469207 -0.63202630
vn 0.33354093 -0.79936578 -0.49976475
vn 0.49938736 -0.79927220 -0.33432949
vn 0.63244485 -0.76427084 -0.12610945
vn 0.66569798 -0.74461568 -0.04892533
vn 0.66572904 -0.74464630 0.04802841
vn 0.63252962 -0.76430499 0.12547574
vn 0.50007634 -0.79916587 0.33355296
vn 0.33425832 -0.79916499 0.49960654
vn 0.12588954 -0.76419514 0.63258012
vn 0.04849764 -0.74449661 0.66586243
vn 0.00000000 -0.72937539 0.68411369
vn -0.12588627 -0.76420013 0.63257474
vn -0.63249112 -0.76433811 0.12546807
vt 0.59200025 0.42054588
vt 0.59098881 0.42154706
vt 0.64461011 0.42054445
vt 0.59095925 0.43456095
vt 0.64457846 0.43455899
vt 0.80445564 0.42054647
vt 0.75184673 0.42054486
vt 0.80546236 0.42154777
vt 0.75181454 0.43455935
vt 0.80543202 0.43456095
vt 0.59103906 0.39919287
vt 0.59099340 0.41954458
vt 0.64465874 0.39919186
vt 0.75189608 0.39919227
vt 0.80551404 0.39919478
vt 0.80546695 0.41954529
vt 0.40901619 0.27854419
vt 0.39227048 0.25714022
vt 0.36320925 0.30590761
vt 0.36832678 0.27419585
vt 0.29440296 0.26827943
vt 0.23442386 0.26641262
vt 0.17572337 0.26400137
vt 0.10546117 0.26605195
vt 0.08802100 0.25164557
vt 0.07400622 0.26735377
vt 0.10339677 0.29452002
vt 0.39227048 0.25714022
vt 0.38732460 0.25047797
vt 0.36832678 0.27419585
vt 0.36564249 0.26716894
vt 0.10837570 0.25991130
vt 0.09209426 0.24633813
vt 0.10546117 0.26605195
vt 0.08802100 0.25164557
vt 0.83992451 0.24231446
vt 0.83987099 0.23399448
vt 0.81594074 0.24503136
vt 0.81693798 0.23882991
vt 0.36893639 0.31117678
vt 0.41907656 0.28900868
vt 0.37363502 0.31633967
vt 0.42686018 0.30083829
vt 0.83853650 0.22496146
vt 0.81645983 0.23283923
vt 0.37737268 0.32162344
vt 0.43006298 0.31256396
vt 0.83566213 0.21561843
vt 0.81452996 0.22728705
vt 0.38047796 0.32692844
vt 0.43193561 0.32209009
vt 0.83138573 0.20633966
vt 0.81143200 0.22243071
vt 0.58240116 0.43179822
vt 0.57911640 0.42845505
vt 0.57494271 0.45415205
vt 0.57098991 0.45273006
vt 0.81423038 0.26280379
vt 0.83773983 0.26173174
vt 0.81189924 0.25873929
vt 0.83762157 0.25747043
vt 0.09819709 0.29874825
vt 0.06494274 0.27390212
vt 0.55583793 0.45090717
vt 0.56486183 0.42861062
vt 0.54787707 0.44860756
vt 0.55864173 0.42788237
vt 0.53957814 0.44488156
vt 0.55301756 0.42580765
vt 0.09365485 0.30299342
vt 0.05591107 0.28138953
vt 0.53141731 0.43958414
vt 0.54818785 0.42247248
vt 0.08980504 0.30746984
vt 0.04847999 0.29136765
vt 0.52372724 0.43294358
vt 0.54433316 0.41820222
vt 0.08651273 0.31212664
vt 0.04254160 0.30140013
vt 0.41399309 0.20167679
vt 0.39158306 0.20546919
vt 0.41566992 0.20800024
vt 0.39293867 0.21878445
vt 0.06216840 0.56649613
vt 0.05931328 0.56221479
vt 0.02077753 0.58703399
vt 0.01204035 0.57298350
vt 0.41407472 0.19516778
vt 0.39241004 0.19199932
vt 0.06562897 0.57031024
vt 0.03166839 0.59966725
vt 0.41595903 0.18903714
vt 0.39594957 0.17866927
vt 0.06957933 0.57370847
vt 0.04455188 0.61002314
vt 0.41935205 0.18383586
vt 0.40203816 0.16576773
vt 0.07373586 0.57691288
vt 0.05860132 0.61807305
vt 0.33547205 0.58683717
vt 0.37001827 0.61368847
vt 0.33872792 0.58340359
vt 0.37984946 0.60169852
vt 0.63412005 0.03556180
vt 0.63975751 0.03891569
vt 0.64362007 0.01497620
vt 0.65595686 0.01994282
vt 0.33171338 0.59000301
vt 0.35830015 0.62406439
vt 0.62783700 0.03383994
vt 0.63049996 0.01206881
vt 0.32755661 0.59266436
vt 0.34500691 0.63224566
vt 0.62144136 0.03394336
vt 0.61674732 0.01177448
vt 0.32327199 0.59478235
vt 0.33083445 0.63815629
vt 0.61553329 0.03575635
vt 0.60265356 0.01400316
vt 0.70245415 0.24048346
vt 0.70350415 0.23779899
vt 0.69837797 0.23841763
vt 0.69909143 0.23693037
vt 0.70524335 0.23061758
vt 0.70124871 0.23056877
vt 0.70510846 0.22333807
vt 0.70141590 0.22430772
vt 0.70308840 0.21650642
vt 0.69980580 0.21840280
vt 0.69933403 0.21058720
vt 0.69647998 0.21312577
vt 0.61612117 0.11354882
vt 0.61395186 0.11619759
vt 0.61143094 0.10963935
vt 0.61001599 0.11284149
vt 0.60586596 0.10780025
vt 0.60561347 0.11132568
vt 0.60015732 0.10823780
vt 0.60106355 0.11161244
vt 0.59496009 0.11081743
vt 0.59668452 0.11380434
vt 0.49788210 0.18468851
vt 0.50032622 0.18715161
vt 0.49391025 0.18892384
vt 0.49695009 0.19071913
vt 0.49187154 0.19422954
vt 0.49537477 0.19496185
vt 0.49207163 0.20001304
vt 0.49559438 0.19956571
vt 0.49451295 0.20551544
vt 0.49774629 0.20424926
vt 0.56302953 0.30907017
vt 0.56616265 0.30693668
vt 0.56764477 0.31429595
vt 0.57028669 0.31167656
vt 0.57359600 0.31816584
vt 0.57546544 0.31496924
vt 0.58048791 0.32040226
vt 0.58145601 0.31670302
vt 0.58779985 0.32083672
vt 0.58807474 0.31664121
vt 0.59064668 0.32062471
vt 0.58974022 0.31638557
vt 0.81135249 0.22818613
vt 0.80770361 0.22329670
vt 0.81331831 0.23394758
vt 0.81354028 0.24005115
vt 0.81186092 0.24591607
vt 0.56071049 0.42494285
vt 0.56679696 0.42494273
vt 0.55489928 0.42308253
vt 0.54989165 0.41966128
vt 0.54617065 0.41488951
vt 0.63293606 0.03901935
vt 0.63795072 0.04252875
vt 0.62713730 0.03732675
vt 0.62125820 0.03755951
vt 0.59496009 0.11081743
vt 0.61594379 0.03969729
vt 0.41764373 0.20144272
vt 0.41963252 0.20720911
vt 0.41762581 0.19541293
vt 0.41949311 0.18982691
vt 0.42304710 0.18530470
vt 0.49788210 0.18468851
vt 0.57981056 0.42270696
vt 0.58431578 0.42063493
vt 0.59064668 0.32062471
vt 0.59611243 0.32388443
vt 0.70245415 0.24048346
vt 0.70407546 0.24662781
vt 0.80609882 0.25785637
vt 0.80282772 0.26163685
vt 0.49788210 0.18468851
vt 0.59496009 0.11081743
vt 0.57981056 0.42270696
vt 0.80609882 0.25785637
vt 0.81394303 0.24533176
vt 0.80909008 0.25804049
vt 0.81189924 0.25873929
vt 0.57911640 0.42845505
vt 0.56567687 0.42677814
vt 0.57918787 0.42559570
vt 0.08811478 0.31295860
vt 0.06118287 0.56163311
vt 0.08925597 0.31450623
vt 0.06298725 0.56064135
vt 0.36237022 0.30778992
vt 0.10392902 0.29636294
vt 0.36100727 0.30944896
vt 0.10502231 0.29804909
vt 0.33712775 0.58251607
vt 0.37852916 0.32755250
vt 0.33569846 0.58120960
vt 0.37687063 0.32896626
vt 0.07473850 0.57532156
vt 0.32258970 0.59304690
vt 0.07643748 0.57410407
vt 0.32116044 0.59161377
vt 0.80968940 0.22328877
vt 0.63866395 0.04060006
vt 0.41758665 0.20739287
vt 0.54562390 0.41676199
vt 0.61615932 0.03765416
vt 0.42101666 0.18495363
vt 0.80852932 0.26254976
vt 0.80909008 0.25804049
vt 0.57918787 0.42559570
vt 0.58368003 0.42628938
vt 0.41768965 0.18968868
vt 0.41585103 0.19540459
vt 0.41580588 0.20153326
vt 0.62160355 0.03579021
vt 0.62759376 0.03561687
vt 0.63349873 0.03727251
vt 0.54926258 0.42114180
vt 0.55401063 0.42444777
vt 0.55959135 0.42640346
vt 0.81525552 0.23935044
vt 0.81488317 0.23344052
vt 0.81488317 0.23344052
vt 0.81488317 0.23344052
vt 0.81295669 0.22797495
vt 0.81295669 0.22797495
vt 0.81488317 0.23344052
vt 0.81295669 0.22797495
vt 0.32589820 0.59063423
vt 0.32689899 0.59152317
vt 0.32992062 0.58839619
vt 0.33086997 0.58913249
vt 0.33324948 0.58521485
vt 0.33429128 0.58604157
vt 0.07161536 0.57228184
vt 0.07044493 0.57282031
vt 0.06771196 0.56914508
vt 0.06660688 0.56966013
vt 0.06475431 0.56515551
vt 0.06349688 0.56587833
vt 0.37500513 0.32314867
vt 0.37601161 0.32217658
vt 0.37149981 0.31771356
vt 0.37250474 0.31698626
vt 0.36675423 0.31291825
vt 0.36791500 0.31209701
vt 0.36791500 0.31209701
vt 0.36791500 0.31209701
vt 0.36791500 0.31209701
vt 0.09981472 0.30072641
vt 0.09895764 0.29976100
vt 0.09525115 0.30462497
vt 0.09451421 0.30373675
vt 0.09451421 0.30373675
vt 0.09451421 0.30373675
vt 0.09160906 0.30925113
vt 0.09086599 0.30817866
vt 0.09086599 0.30817866
vt 0.09451421 0.30373675
vt 0.09086599 0.30817866
vt 0.74138200 0.82656592
vt 0.74620807 0.81244421
vt 0.71794522 0.82155478
vt 0.71933466 0.80650610
vt 0.34591508 0.95221549
vt 0.34600008 0.94990426
vt 0.32979351 0.95221549
vt 0.32987845 0.94990420
vt 0.69310486 0.82225406
vt 0.69074994 0.80674601
vt 0.29537061 0.96721774
vt 0.29520836 0.96495110
vt 0.27886477 0.96722412
vt 0.27897954 0.96491146
vt 0.66893858 0.82957077
vt 0.66175181 0.81442070
vt 0.30896878 0.96188366
vt 0.30885637 0.96420068
vt 0.32531616 0.96179450
vt 0.32520285 0.96411186
vt 0.64642906 0.84506822
vt 0.63340527 0.83197200
vt 0.38103580 0.95443457
vt 0.38092792 0.95673472
vt 0.39749926 0.95443404
vt 0.39739051 0.95673442
vt 0.63056850 0.86876464
vt 0.61050385 0.86207801
vt 0.28190610 0.95304388
vt 0.28182459 0.95529819
vt 0.29843530 0.95304394
vt 0.29835373 0.95529824
vt 0.62879533 0.89794183
vt 0.61047465 0.90032506
vt 0.40662742 0.95895201
vt 0.40648243 0.96124643
vt 0.42274418 0.95895201
vt 0.42284614 0.96124637
vt 0.63706893 0.92328870
vt 0.62224680 0.93106914
vt 0.33403236 0.96341074
vt 0.33419460 0.96567744
vt 0.35053825 0.96340430
vt 0.35042349 0.96571702
vt 0.65215945 0.94418401
vt 0.64081550 0.95500559
vt 0.37132236 0.95372474
vt 0.37143484 0.95140767
vt 0.35497490 0.95381385
vt 0.35508829 0.95149654
vt 0.67108536 0.95950353
vt 0.66313952 0.97233534
vt 0.24391188 0.96572113
vt 0.24377523 0.96340710
vt 0.22741550 0.96571469
vt 0.22755615 0.96344668
vt 0.69313556 0.96993190
vt 0.68830848 0.98404282
vt 0.26964995 0.95975119
vt 0.26975572 0.95746100
vt 0.25350350 0.95975113
vt 0.25336194 0.95746094
vt 0.71502304 0.85425496
vt 0.69951493 0.85475087
vt 0.71256989 0.85645878
vt 0.70207578 0.85673040
vt 0.68443698 0.85961616
vt 0.67293417 0.86810690
vt 0.68364644 0.86255962
vt 0.67592651 0.86815739
vt 0.66518342 0.88103521
vt 0.66369182 0.89472550
vt 0.66667897 0.88354325
vt 0.66572344 0.89261508
vt 0.66792792 0.90951604
vt 0.67652559 0.92176491
vt 0.67091388 0.91039813
vt 0.67676872 0.91858429
vt 0.68907899 0.93207306
vt 0.70337611 0.93884206
vt 0.69228846 0.93122047
vt 0.70200133 0.93579400
vt 0.71948355 0.94226933
vt 0.73499072 0.94178057
vt 0.72193718 0.94006681
vt 0.73243099 0.93980032
vt 0.75006825 0.93692261
vt 0.76157188 0.92843831
vt 0.75085926 0.93398035
vt 0.75857961 0.92838699
vt 0.76932180 0.91550952
vt 0.77081114 0.90181422
vt 0.76782542 0.91300052
vt 0.76877940 0.90392542
vt 0.76657772 0.88701916
vt 0.75798333 0.87476265
vt 0.76359147 0.88613570
vt 0.75773859 0.87794423
vt 0.74543166 0.86444688
vt 0.73113567 0.85767752
vt 0.74222201 0.86529952
vt 0.73251021 0.86072570
vt 0.66792792 0.90951604
vt 0.67091388 0.91039813
vt 0.68297100 0.90134168
vt 0.66369182 0.89472550
vt 0.67984498 0.89373577
vt 0.66572344 0.89261508
vt 0.66369182 0.89472550
vt 0.66792792 0.90951604
vt 0.67984498 0.89373577
vt 0.67984498 0.89373577
vt 0.68297100 0.90134168
vt 0.66518342 0.88103521
vt 0.66667897 0.88354325
vt 0.68031812 0.88555282
vt 0.66667897 0.88354325
vt 0.66572344 0.89261508
vt 0.68031812 0.88555282
vt 0.67293417 0.86810690
vt 0.68438888 0.87949365
vt 0.67592651 0.86815739
vt 0.67293417 0.86810690
vt 0.66518342 0.88103521
vt 0.68438888 0.87949365
vt 0.68443698 0.85961616
vt 0.68364644 0.86255962
vt 0.69251364 0.87478411
vt 0.68364644 0.86255962
vt 0.67592651 0.86815739
vt 0.69251364 0.87478411
vt 0.69951493 0.85475087
vt 0.70172131 0.87284046
vt 0.70207578 0.85673040
vt 0.69951493 0.85475087
vt 0.68443698 0.85961616
vt 0.70172131 0.87284046
vt 0.71502304 0.85425496
vt 0.71256989 0.85645878
vt 0.71377391 0.87327158
vt 0.71256989 0.85645878
vt 0.70207578 0.85673040
vt 0.71377391 0.87327158
vt 0.73113567 0.85767752
vt 0.72434807 0.87577665
vt 0.73251021 0.86072570
vt 0.73113567 0.85767752
vt 0.71502304 0.85425496
vt 0.72434807 0.87577665
vt 0.67652559 0.92176491
vt 0.69012421 0.90955114
vt 0.67676872 0.91858429
vt 0.67091388 0.91039813
vt 0.67676872 0.91858429
vt 0.69012421 0.90955114
vt 0.68907899 0.93207306
vt 0.69228846 0.93122047
vt 0.69856650 0.91557306
vt 0.67652559 0.92176491
vt 0.68907899 0.93207306
vt 0.69856650 0.91557306
vt 0.69856650 0.91557306
vt 0.70337611 0.93884206
vt 0.71016407 0.92074430
vt 0.70200133 0.93579400
vt 0.69228846 0.93122047
vt 0.70200133 0.93579400
vt 0.71016407 0.92074430
vt 0.71948355 0.94226933
vt 0.72193718 0.94006681
vt 0.72073960 0.92325401
vt 0.70337611 0.93884206
vt 0.71948355 0.94226933
vt 0.72073960 0.92325401
vt 0.75006825 0.93692261
vt 0.75085926 0.93398035
vt 0.74199790 0.92175609
vt 0.73499072 0.94178057
vt 0.73279202 0.92369282
vt 0.73243099 0.93980032
vt 0.72193718 0.94006681
vt 0.73243099 0.93980032
vt 0.73279202 0.92369282
vt 0.73499072 0.94178057
vt 0.75006825 0.93692261
vt 0.74199790 0.92175609
vt 0.76157188 0.92843831
vt 0.75011832 0.91705167
vt 0.75857961 0.92838699
vt 0.75085926 0.93398035
vt 0.75857961 0.92838699
vt 0.75011832 0.91705167
vt 0.76932180 0.91550952
vt 0.76782542 0.91300052
vt 0.75418454 0.91099215
vt 0.76157188 0.92843831
vt 0.76932180 0.91550952
vt 0.75418454 0.91099215
vt 0.77081114 0.90181422
vt 0.75465363 0.90280360
vt 0.76877940 0.90392542
vt 0.76782542 0.91300052
vt 0.76877940 0.90392542
vt 0.75465363 0.90280360
vt 0.75465363 0.90280360
vt 0.76657772 0.88701916
vt 0.76359147 0.88613570
vt 0.75152773 0.89519119
vt 0.77081114 0.90181422
vt 0.76657772 0.88701916
vt 0.75152773 0.89519119
vt 0.75798333 0.87476265
vt 0.74437785 0.88697356
vt 0.75773859 0.87794423
vt 0.76359147 0.88613570
vt 0.75773859 0.87794423
vt 0.74437785 0.88697356
vt 0.74543166 0.86444688
vt 0.74222201 0.86529952
vt 0.73594052 0.88094699
vt 0.74222201 0.86529952
vt 0.73251021 0.86072570
vt 0.73594052 0.88094699
vt 0.73594052 0.88094699
vt 0.75798333 0.87476265
vt 0.74543166 0.86444688
vt 0.72606605 0.67549318
vt 0.73267430 0.69583154
vt 0.72606617 0.65859663
vt 0.74260592 0.70950103
vt 0.75990659 0.72207093
vt 0.77597624 0.72729230
vt 0.79736108 0.72729230
vt 0.81343079 0.72207105
vt 0.83073157 0.70950127
vt 0.84066325 0.69583172
vt 0.84727150 0.67549336
vt 0.84727156 0.65859675
vt 0.84066325 0.63825846
vt 0.83073169 0.62458891
vt 0.81343096 0.61201912
vt 0.79736125 0.60679764
vt 0.77597648 0.60679770
vt 0.75990677 0.61201894
vt 0.74260604 0.62458873
vt 0.73267436 0.63825846
vt 0.71654856 0.97496241
vt 0.71515006 0.99000001
vt 0.74138492 0.97427297
vt 0.74372798 0.98978126
vt 0.73363447 0.85289764
vt 0.74762100 0.85952735
vt 0.76555753 0.96697360
vt 0.77273279 0.98213232
vt 0.78808224 0.95149386
vt 0.80110490 0.96460164
vt 0.80395126 0.92779207
vt 0.82403588 0.93448228
vt 0.76249391 0.87182057
vt 0.77111477 0.88409221
vt 0.80570835 0.89860040
vt 0.82403588 0.89621407
vt 0.79744458 0.87325722
vt 0.81226957 0.86548162
vt 0.78236735 0.85234720
vt 0.79372245 0.84153020
vt 0.77628690 0.90221763
vt 0.77484471 0.91655439
vt 0.76344156 0.83700591
vt 0.77139914 0.82416993
vt 0.71728390 0.83078706
vt 0.71724033 0.83078092
vt 0.71719670 0.83077466
vt 0.71519005 0.84371781
vt 0.71461701 0.84888089
vt 0.76514316 0.93262064
vt 0.75331002 0.94125319
vt 0.69457287 0.83162355
vt 0.69461668 0.83161318
vt 0.69932187 0.84937590
vt 0.69812649 0.84429848
vt 0.69466037 0.83160257
vt 0.67357123 0.83836478
vt 0.67352897 0.83838278
vt 0.67348647 0.83840060
vt 0.67886519 0.85054219
vt 0.68119407 0.85528612
vt 0.73518169 0.94715387
vt 0.71988726 0.94764268
vt 0.65404522 0.85247481
vt 0.65407532 0.85243744
vt 0.66936362 0.86392671
vt 0.66506678 0.86056650
vt 0.65410519 0.85240000
vt 0.64159954 0.87225896
vt 0.64158022 0.87230313
vt 0.64156049 0.87234724
vt 0.65445024 0.87788767
vt 0.65966207 0.87999177
vt 0.70087904 0.94361830
vt 0.68689132 0.93699068
vt 0.63940609 0.89707196
vt 0.63939774 0.89702523
vt 0.65821558 0.89432222
vt 0.65282792 0.89495087
vt 0.63938904 0.89697844
vt 0.64590591 0.91879493
vt 0.64592338 0.91883779
vt 0.64594042 0.91888088
vt 0.65846902 0.91437846
vt 0.66339189 0.91244477
vt 0.67201740 0.92470795
vt 0.65922254 0.93785119
vt 0.65919036 0.93782002
vt 0.66825038 0.92831475
vt 0.65915805 0.93778914
vt 0.67592466 0.95162410
vt 0.67596042 0.95164967
vt 0.67599618 0.95167547
vt 0.68392050 0.94124424
vt 0.69620663 0.96128392
vt 0.69616467 0.96127194
vt 0.69937700 0.94858217
vt 0.69612241 0.96126038
vt 0.71721405 0.96573323
vt 0.71725756 0.96573919
vt 0.71730095 0.96574551
vt 0.71931249 0.95280480
vt 0.73992252 0.96490175
vt 0.73987877 0.96491200
vt 0.73637462 0.95223010
vt 0.73983502 0.96492267
vt 0.76092941 0.95817429
vt 0.76097178 0.95815629
vt 0.76101434 0.95813853
vt 0.75563812 0.94599694
vt 0.78046733 0.94408131
vt 0.78043735 0.94411874
vt 0.76944214 0.93598330
vt 0.78040743 0.94415629
vt 0.27242854 0.96297860
vt 0.27287745 0.95423347
vt 0.26964995 0.95975119
vt 0.26975572 0.95746100
vt 0.27287745 0.95423347
vt 0.25018987 0.95423347
vt 0.26975572 0.95746100
vt 0.25336194 0.95746094
vt 0.25018987 0.95423347
vt 0.25077519 0.96297866
vt 0.25336194 0.95746094
vt 0.25350350 0.95975113
vt 0.25077519 0.96297866
vt 0.27242854 0.96297860
vt 0.25350350 0.95975113
vt 0.26964995 0.95975119
vt 0.24709575 0.96898341
vt 0.24652359 0.96013886
vt 0.24391188 0.96572113
vt 0.24377523 0.96340710
vt 0.24652359 0.96013886
vt 0.22481328 0.96025771
vt 0.24377523 0.96340710
vt 0.22755615 0.96344668
vt 0.22481328 0.96025771
vt 0.22466969 0.96898341
vt 0.22755615 0.96344668
vt 0.22741550 0.96571469
vt 0.22466969 0.96898341
vt 0.24709575 0.96898341
vt 0.22741550 0.96571469
vt 0.24391188 0.96572113
vt 0.37412813 0.95697391
vt 0.37455735 0.94812614
vt 0.37132236 0.95372474
vt 0.37143484 0.95140767
vt 0.37455735 0.94812614
vt 0.35228401 0.94824690
vt 0.37143484 0.95140767
vt 0.35508829 0.95149654
vt 0.35228401 0.94824690
vt 0.35227057 0.95697391
vt 0.35508829 0.95149654
vt 0.35497490 0.95381385
vt 0.35227057 0.95697391
vt 0.37412813 0.95697391
vt 0.35497490 0.95381385
vt 0.37132236 0.95372474
vt 0.33125395 0.96014392
vt 0.33148047 0.96886456
vt 0.33403236 0.96341074
vt 0.33419460 0.96567744
vt 0.33148047 0.96886456
vt 0.35320452 0.96898341
vt 0.33419460 0.96567744
vt 0.35042349 0.96571702
vt 0.35320452 0.96898341
vt 0.35369298 0.96014392
vt 0.35042349 0.96571702
vt 0.35053825 0.96340430
vt 0.35369298 0.96014392
vt 0.33125395 0.96014392
vt 0.35053825 0.96340430
vt 0.33403236 0.96341074
vt 0.40390933 0.95571858
vt 0.40331092 0.96447980
vt 0.40662742 0.95895201
vt 0.40648243 0.96124643
vt 0.40331092 0.96447980
vt 0.42595696 0.96447980
vt 0.40648243 0.96124643
vt 0.42284614 0.96124637
vt 0.42595696 0.96447980
vt 0.42552295 0.95571864
vt 0.42284614 0.96124637
vt 0.42274418 0.95895201
vt 0.42552295 0.95571864
vt 0.40390933 0.95571858
vt 0.42274418 0.95895201
vt 0.40662742 0.95895201
vt 0.27902377 0.94986707
vt 0.27871242 0.95847505
vt 0.28190610 0.95304388
vt 0.28182459 0.95529819
vt 0.27871242 0.95847505
vt 0.30123606 0.95847505
vt 0.28182459 0.95529819
vt 0.29835373 0.95529824
vt 0.30123606 0.95847505
vt 0.30154744 0.94986707
vt 0.29835373 0.95529824
vt 0.29843530 0.95304394
vt 0.30154744 0.94986707
vt 0.27902377 0.94986707
vt 0.29843530 0.95304394
vt 0.28190610 0.95304388
vt 0.37820247 0.95119321
vt 0.37779075 0.95997626
vt 0.38103580 0.95443457
vt 0.38092792 0.95673472
vt 0.37779075 0.95997626
vt 0.40022224 0.95997626
vt 0.38092792 0.95673472
vt 0.39739051 0.95673442
vt 0.40022224 0.95997626
vt 0.40021554 0.95131087
vt 0.39739051 0.95673442
vt 0.39749926 0.95443404
vt 0.40021554 0.95131087
vt 0.37820247 0.95119321
vt 0.39749926 0.95443404
vt 0.38103580 0.95443457
vt 0.30616295 0.95863450
vt 0.30573377 0.96748221
vt 0.30896878 0.96188366
vt 0.30885637 0.96420068
vt 0.30573377 0.96748221
vt 0.32800713 0.96736145
vt 0.30885637 0.96420068
vt 0.32520285 0.96411186
vt 0.32800713 0.96736145
vt 0.32802060 0.95863450
vt 0.32520285 0.96411186
vt 0.32531616 0.96179450
vt 0.32802060 0.95863450
vt 0.30616295 0.95863450
vt 0.32531616 0.96179450
vt 0.30896878 0.96188366
vt 0.29814905 0.97048455
vt 0.29792252 0.96176392
vt 0.29537061 0.96721774
vt 0.29520836 0.96495110
vt 0.29792252 0.96176392
vt 0.27619848 0.96164513
vt 0.29520836 0.96495110
vt 0.27897954 0.96491146
vt 0.27619848 0.96164513
vt 0.27571005 0.97048455
vt 0.27897954 0.96491146
vt 0.27886477 0.96722412
vt 0.27571005 0.97048455
vt 0.29814905 0.97048455
vt 0.27886477 0.96722412
vt 0.29537061 0.96721774
vt 0.34871867 0.95547271
vt 0.34904325 0.94664705
vt 0.34591508 0.95221549
vt 0.34600008 0.94990426
vt 0.34904325 0.94664705
vt 0.32707497 0.94664705
vt 0.34600008 0.94990426
vt 0.32987845 0.94990420
vt 0.32707497 0.94664705
vt 0.32675040 0.95547271
vt 0.32987845 0.94990420
vt 0.32979351 0.95221549
vt 0.32675040 0.95547271
vt 0.34871867 0.95547271
vt 0.32979351 0.95221549
vt 0.34591508 0.95221549
vt 0.79291338 0.92429417
vt 0.79293269 0.92424995
vt 0.79295260 0.92420590
vt 0.78005815 0.91866064
vt 0.79509443 0.89946818
vt 0.79510266 0.89951497
vt 0.78167391 0.90158916
vt 0.79511142 0.89956170
vt 0.78860217 0.87774903
vt 0.78858465 0.87770605
vt 0.78856766 0.87766290
vt 0.77603793 0.88216031
vt 0.77529752 0.85867709
vt 0.77532953 0.85870826
vt 0.76626307 0.86821359
vt 0.77536201 0.85873920
vt 0.75859451 0.84488744
vt 0.75855857 0.84486198
vt 0.75852299 0.84483612
vt 0.75059372 0.85527158
vt 0.73831189 0.83521754
vt 0.73835385 0.83522928
vt 0.73513806 0.84792924
vt 0.73839617 0.83524108
vt 0.73984396 0.83094847
vt 0.71758640 0.82623160
vt 0.69385338 0.82701397
vt 0.67126042 0.83408010
vt 0.65033656 0.84887546
vt 0.63627625 0.87060153
vt 0.63423651 0.89744097
vt 0.64157748 0.92099196
vt 0.65572405 0.94094181
vt 0.67354470 0.95551664
vt 0.69467539 0.96555066
vt 0.71690893 0.97029001
vt 0.74063981 0.96951222
vt 0.76323885 0.96246123
vt 0.78417552 0.94768435
vt 0.79823852 0.92595476
vt 0.80026299 0.89910066
vt 0.79293460 0.87555379
vt 0.77880043 0.85558820
vt 0.76097858 0.84099334
vt 0.76095688 0.84098083
vt 0.73986733 0.83095759
vt 0.79292184 0.87553054
vt 0.77881706 0.85560805
vt 0.79824620 0.92592782
vt 0.80026472 0.89912850
vt 0.76326215 0.96244830
vt 0.78415567 0.94770348
vt 0.71693426 0.97029108
vt 0.74061435 0.96951544
vt 0.67356652 0.95552909
vt 0.69465190 0.96554160
vt 0.64159048 0.92101520
vt 0.65570730 0.94092214
vt 0.63626873 0.87062854
vt 0.63423491 0.89741325
vt 0.67123717 0.83409297
vt 0.65035659 0.84885651
vt 0.71756107 0.82623076
vt 0.69387901 0.82701099
vt 0.73985559 0.83095306
vt 0.71757364 0.82623118
vt 0.69386631 0.82701242
vt 0.67124873 0.83408648
vt 0.65034646 0.84886611
vt 0.63627255 0.87061501
vt 0.63423562 0.89742720
vt 0.64158398 0.92100358
vt 0.65571570 0.94093198
vt 0.67355567 0.95552278
vt 0.69466370 0.96554601
vt 0.71692163 0.97029048
vt 0.74062711 0.96951383
vt 0.76325059 0.96245474
vt 0.78416544 0.94769382
vt 0.79824227 0.92594135
vt 0.80026376 0.89911461
vt 0.79292828 0.87554210
vt 0.77880859 0.85559809
vt 0.76096785 0.84098709
vt 0.85753793 0.79686695
vt 0.89298362 0.78808045
vt 0.85572338 0.78793287
vt 0.89094329 0.77938235
vt 0.88242269 0.74765044
vt 0.87861407 0.73429590
vt 0.84750044 0.75666231
vt 0.84377670 0.74325013
vt 0.85220987 0.77137333
vt 0.85512489 0.78489804
vt 0.88675922 0.76234818
vt 0.89024711 0.77628195
vt 0.84446657 0.79942083
vt 0.84351671 0.79044580
vt 0.83685410 0.75909358
vt 0.83398533 0.74528670
vt 0.84071970 0.77397686
vt 0.84306341 0.78738618
vt 0.83199376 0.80125791
vt 0.83137304 0.79227602
vt 0.82718867 0.76047164
vt 0.82538831 0.74674249
vt 0.82943898 0.77563250
vt 0.83103186 0.78929120
vt 0.81929988 0.80235165
vt 0.81912738 0.79341596
vt 0.81733453 0.76129556
vt 0.81660634 0.74729693
vt 0.81818241 0.77646768
vt 0.81893760 0.79031897
vt 0.80525732 0.80229545
vt 0.80655080 0.79355365
vt 0.80587894 0.76150328
vt 0.80630606 0.74755824
vt 0.80682665 0.77656752
vt 0.80680841 0.79047585
vt 0.73021615 0.80177140
vt 0.73106378 0.79274416
vt 0.73031926 0.76022190
vt 0.73032254 0.74637103
vt 0.73156112 0.77551764
vt 0.73130322 0.78961432
vt 0.71732271 0.80107129
vt 0.71858001 0.79213804
vt 0.71949881 0.76022625
vt 0.72022253 0.74609852
vt 0.71976137 0.77553779
vt 0.71887124 0.78908372
vt 0.70502186 0.79997677
vt 0.70637041 0.79109073
vt 0.70989573 0.75955373
vt 0.71153724 0.74563515
vt 0.70824659 0.77471387
vt 0.70670348 0.78811485
vt 0.69278246 0.79828203
vt 0.69418275 0.78949261
vt 0.70034856 0.75813138
vt 0.70296341 0.74455106
vt 0.69686747 0.77297962
vt 0.69458449 0.78645474
vt 0.68004984 0.79581565
vt 0.68182790 0.78713298
vt 0.68974715 0.75594342
vt 0.69325274 0.74243200
vt 0.68526959 0.77050924
vt 0.68240643 0.78408170
vt 0.64650315 0.78808045
vt 0.64838398 0.77934444
vt 0.65680540 0.74756587
vt 0.66040456 0.73413581
vt 0.65252244 0.76228070
vt 0.64906359 0.77624160
vt 0.68611985 0.76749945
vt 0.68884444 0.75893575
vt 0.65338057 0.75919068
vt 0.65594220 0.75055635
vt 0.69750690 0.77000409
vt 0.69960666 0.76122487
vt 0.70859200 0.77171165
vt 0.70952839 0.76264298
vt 0.71979052 0.77247989
vt 0.71951270 0.76338995
vt 0.73139107 0.77236438
vt 0.73052335 0.76332283
vt 0.80667681 0.77346826
vt 0.80602640 0.76460671
vt 0.81803781 0.77339119
vt 0.81750852 0.76440698
vt 0.82905877 0.77261543
vt 0.82765734 0.76354957
vt 0.84006363 0.77097118
vt 0.83764625 0.76215690
vt 0.85134232 0.76837236
vt 0.84844661 0.75964671
vt 0.88589168 0.75925773
vt 0.88331455 0.75063258
vt 0.88589168 0.75925773
vt 0.85134232 0.76837236
vt 0.88675922 0.76234818
vt 0.85220987 0.77137333
vt 0.84844661 0.75964671
vt 0.88331455 0.75063258
vt 0.84750044 0.75666231
vt 0.88242269 0.74765044
vt 0.84006363 0.77097118
vt 0.84071970 0.77397686
vt 0.83764625 0.76215690
vt 0.83685410 0.75909358
vt 0.82905877 0.77261543
vt 0.82943898 0.77563250
vt 0.82765734 0.76354957
vt 0.82718867 0.76047164
vt 0.81803781 0.77339119
vt 0.81818241 0.77646768
vt 0.81750852 0.76440698
vt 0.81733453 0.76129556
vt 0.80667681 0.77346826
vt 0.80682665 0.77656752
vt 0.80602640 0.76460671
vt 0.80587894 0.76150328
vt 0.73139107 0.77236438
vt 0.73156112 0.77551764
vt 0.73052335 0.76332283
vt 0.73031926 0.76022190
vt 0.71979052 0.77247989
vt 0.71976137 0.77553779
vt 0.71951270 0.76338995
vt 0.71949881 0.76022625
vt 0.70859200 0.77171165
vt 0.70824659 0.77471387
vt 0.70952839 0.76264298
vt 0.70989573 0.75955373
vt 0.69750690 0.77000409
vt 0.69686747 0.77297962
vt 0.69960666 0.76122487
vt 0.70034856 0.75813138
vt 0.68611985 0.76749945
vt 0.68526959 0.77050924
vt 0.68884444 0.75893575
vt 0.68974715 0.75594342
vt 0.65338057 0.75919068
vt 0.65252244 0.76228070
vt 0.65594220 0.75055635
vt 0.65680540 0.74756587
vt 0.68240643 0.78408170
vt 0.64906359 0.77624160
vt 0.68182790 0.78713298
vt 0.64838398 0.77934444
vt 0.66040456 0.73413581
vt 0.69325274 0.74243200
vt 0.66116124 0.73112941
vt 0.69407600 0.73945057
vt 0.69458449 0.78645474
vt 0.69418275 0.78949261
vt 0.70296341 0.74455106
vt 0.70352209 0.74141026
vt 0.70670348 0.78811485
vt 0.70637041 0.79109073
vt 0.71153724 0.74563515
vt 0.71182686 0.74264294
vt 0.71887124 0.78908372
vt 0.71858001 0.79213804
vt 0.72022253 0.74609852
vt 0.72035766 0.74292874
vt 0.73130322 0.78961432
vt 0.73106378 0.79274416
vt 0.73032254 0.74637103
vt 0.73046201 0.74327207
vt 0.80680841 0.79047585
vt 0.80655080 0.79355365
vt 0.80630606 0.74755824
vt 0.80675185 0.74448591
vt 0.81893760 0.79031897
vt 0.81912738 0.79341596
vt 0.81660634 0.74729693
vt 0.81646973 0.74412310
vt 0.83103186 0.78929120
vt 0.83137304 0.79227602
vt 0.82538831 0.74674249
vt 0.82498264 0.74366468
vt 0.84306341 0.78738618
vt 0.84351671 0.79044580
vt 0.83398533 0.74528670
vt 0.83337992 0.74225831
vt 0.85512489 0.78489804
vt 0.85572338 0.78793287
vt 0.84377670 0.74325013
vt 0.84291732 0.74027467
vt 0.89024711 0.77628195
vt 0.89094329 0.77938235
vt 0.87861407 0.73429590
vt 0.87780994 0.73129308
vt 0.53710788 0.78956485
vt 0.52579278 0.84610271
vt 0.56545150 0.79819524
vt 0.54195470 0.85149181
vt 0.24928409 0.87873465
vt 0.25151587 0.88665390
vt 0.25968701 0.87705964
vt 0.26007295 0.88527399
vt 0.11105910 0.92977774
vt 0.11764593 0.93648523
vt 0.12119143 0.92316884
vt 0.12525666 0.93122208
vt 0.54141051 0.91589636
vt 0.53136033 0.91089416
vt 0.53641522 0.92312676
vt 0.52840638 0.91899770
vt 0.48559567 0.89307386
vt 0.48389074 0.90121543
vt 0.49575683 0.89643198
vt 0.49218503 0.90399826
vt 0.37963820 0.93760300
vt 0.37909684 0.94423938
vt 0.40040725 0.93976533
vt 0.39958090 0.94632304
vt 0.38019377 0.93092483
vt 0.40125796 0.93316156
vt 0.33751604 0.89557481
vt 0.33760867 0.90926611
vt 0.36052269 0.89607638
vt 0.35983288 0.90974271
vt 0.42087883 0.94285113
vt 0.41975230 0.94929814
vt 0.44097501 0.94692630
vt 0.43952295 0.95322961
vt 0.42203569 0.93635076
vt 0.44246694 0.94056028
vt 0.29203865 0.89758730
vt 0.29333830 0.91118556
vt 0.31497890 0.89606893
vt 0.31548706 0.90974283
vt 0.43909907 0.88116175
vt 0.43830782 0.88935757
vt 0.44942784 0.88335276
vt 0.44679072 0.89116561
vt 0.35482231 0.87158704
vt 0.34429502 0.87135494
vt 0.35371634 0.87973744
vt 0.34503812 0.87954664
vt 0.39190981 0.87406623
vt 0.39191249 0.88228869
vt 0.40237322 0.87524509
vt 0.40052941 0.88325852
vt 0.29662484 0.87288374
vt 0.29809716 0.88097405
vt 0.30713049 0.87218112
vt 0.30675444 0.88039660
vt 0.45618761 0.88676602
vt 0.44942784 0.88335276
vt 0.45237759 0.90040451
vt 0.44679072 0.89116561
vt 0.43155053 0.88152802
vt 0.43155053 0.88152802
vt 0.42942056 0.89549989
vt 0.43909907 0.88116175
vt 0.43830782 0.88935757
vt 0.31658801 0.93632472
vt 0.31685588 0.94300830
vt 0.33763278 0.93589973
vt 0.33763337 0.94259906
vt 0.31631309 0.92960256
vt 0.33763102 0.92916280
vt 0.38299629 0.89756119
vt 0.38188034 0.91117626
vt 0.40580714 0.90011454
vt 0.40388033 0.91360509
vt 0.35868821 0.93632329
vt 0.35841963 0.94300687
vt 0.35896531 0.92960107
vt 0.42796740 0.90367389
vt 0.42555872 0.91704947
vt 0.45033610 0.90845108
vt 0.44704235 0.92160559
vt 0.46057707 0.95206827
vt 0.45877245 0.95819610
vt 0.47960413 0.95837885
vt 0.47741529 0.96430057
vt 0.46242711 0.94586611
vt 0.48184711 0.95237285
vt 0.47195217 0.91433871
vt 0.46805835 0.92731708
vt 0.49363065 0.92171365
vt 0.48870778 0.93435085
vt 0.49793854 0.96593702
vt 0.49534941 0.97163254
vt 0.51551843 0.97475511
vt 0.51256758 0.98023260
vt 0.50058538 0.96015435
vt 0.51852816 0.96921897
vt 0.51439291 0.93044835
vt 0.50865811 0.94276381
vt 0.53473550 0.94116718
vt 0.52778989 0.95271748
vt 0.08168223 0.80767322
vt 0.10666946 0.86125118
vt 0.10990248 0.79813278
vt 0.12308600 0.85520732
vt 0.10990248 0.79813278
vt 0.10990248 0.79813278
vt 0.12811376 0.85416567
vt 0.46215087 0.82556182
vt 0.46735710 0.79535764
vt 0.45034471 0.82319510
vt 0.45679924 0.79334420
vt 0.45204738 0.77032721
vt 0.44216272 0.82582593
vt 0.48040411 0.77559632
vt 0.46875861 0.83117318
vt 0.40941012 0.87796348
vt 0.40237322 0.87524509
vt 0.40701452 0.89189196
vt 0.40052941 0.88325852
vt 0.40958580 0.81695497
vt 0.41218218 0.78671968
vt 0.39772218 0.81565636
vt 0.40157878 0.78560191
vt 0.38444412 0.87514716
vt 0.38365698 0.88926566
vt 0.39190981 0.87406623
vt 0.39191249 0.88228869
vt 0.12216587 0.95387739
vt 0.12998295 0.96409631
vt 0.14071397 0.94114256
vt 0.14756307 0.95278966
vt 0.16069634 0.93061572
vt 0.16660690 0.94284779
vt 0.18186803 0.92167282
vt 0.18663719 0.93437040
vt 0.14311072 0.98468405
vt 0.14623277 0.99000001
vt 0.15987003 0.97482640
vt 0.16283642 0.98029113
vt 0.13995047 0.97942352
vt 0.15684548 0.96929872
vt 0.22516370 0.90841538
vt 0.20311013 0.91443688
vt 0.22828723 0.92160910
vt 0.20718269 0.92735636
vt 0.17740637 0.96597558
vt 0.18000469 0.97165984
vt 0.19572188 0.95839328
vt 0.19791397 0.96430701
vt 0.17474729 0.96020341
vt 0.19347595 0.95239353
vt 0.26969284 0.90009201
vt 0.24707629 0.90373009
vt 0.27144095 0.91360557
vt 0.24966620 0.91706944
vt 0.15662424 0.90525091
vt 0.16079621 0.91267443
vt 0.16671230 0.90117204
vt 0.16897261 0.90929103
vt 0.13800472 0.78965402
vt 0.13599308 0.81369948
vt 0.15495294 0.84505433
vt 0.14622505 0.84346557
vt 0.13432272 0.84749269
vt 0.12546918 0.81700438
vt 0.53710788 0.78956485
vt 0.52230698 0.80864930
vt 0.52084780 0.84526116
vt 0.51456660 0.83895046
vt 0.16643831 0.78205109
vt 0.13800472 0.78965402
vt 0.17556220 0.83826393
vt 0.15948729 0.84293222
vt 0.21282427 0.88649833
vt 0.20257945 0.88924885
vt 0.21405384 0.89466715
vt 0.20566067 0.89694166
vt 0.19472897 0.77565074
vt 0.21161261 0.82935041
vt 0.22330232 0.77030683
vt 0.22770041 0.82615638
vt 0.19868311 0.82875836
vt 0.19092397 0.79899019
vt 0.18689165 0.83167773
vt 0.18038730 0.80144930
vt 0.39493993 0.76321697
vt 0.38985404 0.81897372
vt 0.15701479 0.92302275
vt 0.14681388 0.91257417
vt 0.13633032 0.93384010
vt 0.13345127 0.91933602
vt 0.14263149 0.90470958
vt 0.14681388 0.91257417
vt 0.14675075 0.90199816
vt 0.15037216 0.91002351
vt 0.13710612 0.89252114
vt 0.14165547 0.88982254
vt 0.13045192 0.87596333
vt 0.13529898 0.87377173
vt 0.53231233 0.98454267
vt 0.52921230 0.98987198
vt 0.53544903 0.97926885
vt 0.21471846 0.95207721
vt 0.21652560 0.95819908
vt 0.23431653 0.94692922
vt 0.23576845 0.95322907
vt 0.21286353 0.94588125
vt 0.23282661 0.94056600
vt 0.25439447 0.94285536
vt 0.25552216 0.94929981
vt 0.27487126 0.93976778
vt 0.27569696 0.94632447
vt 0.25323433 0.93635744
vt 0.27402347 0.93316466
vt 0.50890410 0.78208816
vt 0.49424022 0.83740705
vt 0.51178676 0.80575818
vt 0.50275958 0.83547783
vt 0.42341366 0.76616126
vt 0.41657901 0.82190609
vt 0.47797230 0.89262503
vt 0.47431427 0.90635931
vt 0.48559567 0.89307386
vt 0.48389074 0.90121543
vt 0.22327361 0.90033156
vt 0.22459807 0.88629776
vt 0.22040765 0.88647145
vt 0.17200004 0.87914896
vt 0.16700038 0.88013703
vt 0.17614447 0.89131016
vt 0.17144851 0.89216346
vt 0.17860599 0.89957011
vt 0.17439306 0.90023696
vt 0.20059407 0.90650845
vt 0.19224358 0.89502645
vt 0.17896205 0.91382527
vt 0.17860599 0.89957011
vt 0.55297232 0.95361507
vt 0.54532623 0.96390158
vt 0.29562840 0.93760610
vt 0.29617032 0.94424224
vt 0.29506937 0.93092877
vt 0.22037783 0.86568284
vt 0.21542330 0.86613250
vt 0.22311926 0.87795794
vt 0.21845290 0.87827808
vt 0.31454033 0.87359715
vt 0.30713049 0.87218112
vt 0.31469119 0.88774401
vt 0.30675444 0.88039660
vt 0.28947142 0.87527514
vt 0.29121464 0.88930678
vt 0.29662484 0.87288374
vt 0.29809716 0.88097405
vt 0.50219101 0.90066683
vt 0.49575683 0.89643198
vt 0.49667385 0.91392380
vt 0.49218503 0.90399826
vt 0.59336251 0.80755258
vt 0.57726359 0.82629532
vt 0.57386440 0.86401916
vt 0.56760144 0.85703856
vt 0.28041703 0.76320767
vt 0.28486088 0.81903821
vt 0.29074118 0.78416324
vt 0.29204348 0.81440908
vt 0.21282427 0.88649833
vt 0.21405384 0.89466715
vt 0.19597864 0.89305121
vt 0.20059407 0.90650845
vt 0.20257945 0.88924885
vt 0.20566067 0.89694166
vt 0.18046288 0.83763623
vt 0.16643831 0.78205109
vt 0.16643831 0.78205109
vt 0.18564561 0.85692811
vt 0.19166148 0.85085124
vt 0.19007911 0.87277931
vt 0.19613892 0.86742204
vt 0.21159844 0.85029399
vt 0.20346892 0.84785175
vt 0.20756707 0.86444408
vt 0.20702836 0.83103704
vt 0.20346892 0.84785175
vt 0.30893025 0.76143718
vt 0.30136135 0.78349197
vt 0.31163877 0.81728238
vt 0.30393046 0.81363136
vt 0.56545150 0.79819524
vt 0.54650378 0.85382450
vt 0.56672168 0.82263017
vt 0.55548114 0.85253036
vt 0.52358466 0.90937310
vt 0.51793522 0.92278296
vt 0.53136033 0.91089416
vt 0.52840638 0.91899770
vt 0.36207706 0.87365407
vt 0.36207706 0.87365407
vt 0.35482231 0.87158704
vt 0.36097199 0.88775831
vt 0.35371634 0.87973744
vt 0.33695525 0.87309945
vt 0.33695525 0.87309945
vt 0.33743405 0.88724196
vt 0.34429502 0.87135494
vt 0.34503812 0.87954664
vt 0.19472897 0.77565074
vt 0.23397429 0.86284041
vt 0.23643813 0.87513965
vt 0.23849258 0.88333976
vt 0.24546330 0.89558733
vt 0.24546330 0.89558733
vt 0.31266642 0.83675671
vt 0.30522454 0.83293962
vt 0.19352485 0.88492942
vt 0.19989288 0.88059342
vt 0.54746783 0.92144787
vt 0.54141051 0.91589636
vt 0.53920019 0.93394971
vt 0.53641522 0.92312676
vt 0.08168223 0.80767322
vt 0.08088835 0.83249432
vt 0.10203754 0.86376262
vt 0.09272832 0.86263520
vt 0.33767971 0.76083922
vt 0.33735693 0.81672549
vt 0.34617430 0.78254473
vt 0.34489706 0.81274456
vt 0.36621183 0.76142818
vt 0.35680288 0.78276777
vt 0.36416134 0.81730717
vt 0.35679600 0.81300229
vt 0.25118798 0.81885290
vt 0.24603003 0.78889632
vt 0.23935254 0.82068318
vt 0.23544714 0.79046369
vt 0.05414738 0.81777424
vt 0.07359998 0.87446338
vt 0.07030381 0.83641303
vt 0.08015359 0.86738497
vt 0.10520583 0.93718845
vt 0.11692887 0.94758815
vt 0.11105910 0.92977774
vt 0.11764593 0.93648523
vt 0.28292105 0.85567474
vt 0.26919743 0.85721421
vt 0.28420323 0.86810195
vt 0.27072543 0.86962122
vt 0.28546029 0.87644267
vt 0.27136937 0.87803251
vt 0.26864403 0.89184833
vt 0.29121464 0.88930678
vt 0.31349757 0.85283607
vt 0.30617899 0.84975326
vt 0.26719773 0.87779045
vt 0.25968701 0.87705964
vt 0.26864403 0.89184833
vt 0.26007295 0.88527399
vt 0.12916081 0.92075789
vt 0.12119143 0.92316884
vt 0.13633032 0.93384010
vt 0.12525666 0.93122208
vt 0.24237953 0.88179302
vt 0.24546330 0.89558733
vt 0.24928409 0.87873465
vt 0.25151587 0.88665390
vt 0.25172609 0.76619017
vt 0.26387906 0.82056493
vt 0.28041703 0.76320767
vt 0.28004417 0.81880748
vt 0.30893025 0.76143718
vt 0.31637719 0.81643116
vt 0.33767971 0.76083922
vt 0.33258775 0.81608057
vt 0.26864403 0.89184833
vt 0.26426032 0.85718888
vt 0.26607519 0.86948436
vt 0.18548940 0.87484556
vt 0.18928204 0.88700259
vt 0.17860599 0.89957011
vt 0.17896205 0.91382527
vt 0.20059407 0.90650845
vt 0.36347941 0.83679330
vt 0.35640287 0.83233929
vt 0.39493993 0.76321697
vt 0.36621183 0.76142818
vt 0.38515043 0.81791764
vt 0.36895633 0.81686819
vt 0.12338753 0.89871097
vt 0.12952115 0.91107684
vt 0.14681388 0.91257417
vt 0.13345127 0.91933602
vt 0.13633032 0.93384010
vt 0.15701479 0.92302275
vt 0.48040411 0.77559632
vt 0.47363043 0.83158183
vt 0.50890410 0.78208816
vt 0.48969004 0.83550525
vt 0.45204738 0.77032721
vt 0.42341366 0.76616126
vt 0.43753925 0.82435328
vt 0.42141372 0.82188553
vt 0.55808800 0.94732511
vt 0.56863773 0.93605286
vt 0.56411576 0.93345225
vt 0.57743371 0.91147310
vt 0.56295812 0.90401399
vt 0.56971747 0.92481285
vt 0.55614597 0.91662169
vt 0.55091965 0.92450118
vt 0.53920019 0.93394971
vt 0.55808800 0.94732511
vt 0.15878107 0.87925828
vt 0.16360611 0.89245033
vt 0.16671230 0.90117204
vt 0.58318758 0.91354328
vt 0.57515174 0.92714411
vt 0.08168223 0.80767322
vt 0.08168223 0.80767322
vt 0.33743405 0.88724196
vt 0.33285469 0.87390375
vt 0.31469119 0.88774401
vt 0.31867239 0.87421817
vt 0.51793522 0.92278296
vt 0.51934606 0.90839607
vt 0.21081333 0.87769341
vt 0.14733601 0.88357013
vt 0.15276545 0.89671904
vt 0.52741861 0.88797897
vt 0.52242166 0.90015566
vt 0.53248924 0.88928038
vt 0.52716321 0.90133691
vt 0.53920019 0.93394971
vt 0.55828279 0.90087688
vt 0.55201256 0.91338086
vt 0.22330232 0.77030683
vt 0.23255287 0.82596308
vt 0.38365698 0.88926566
vt 0.38028881 0.87558246
vt 0.36097199 0.88775831
vt 0.36613744 0.87463903
vt 0.51390547 0.88283229
vt 0.50934058 0.89495677
vt 0.50584209 0.90289521
vt 0.49667385 0.91392380
vt 0.51793522 0.92278296
vt 0.36288473 0.85288268
vt 0.35586923 0.84916568
vt 0.15662424 0.90525091
vt 0.47431427 0.90635931
vt 0.47377348 0.89222097
vt 0.47911432 0.87171602
vt 0.47571200 0.88392329
vt 0.48408249 0.87242162
vt 0.48038778 0.88449395
vt 0.49667385 0.91392380
vt 0.50935566 0.88048136
vt 0.50516498 0.89260274
vt 0.25172609 0.76619017
vt 0.25921386 0.82182896
vt 0.46558359 0.86817729
vt 0.46248683 0.88040125
vt 0.46000203 0.88851595
vt 0.45237759 0.90040451
vt 0.47431427 0.90635931
vt 0.26197690 0.84120786
vt 0.25419542 0.83805823
vt 0.25667349 0.85477507
vt 0.34444973 0.83207798
vt 0.34424266 0.84890997
vt 0.35586923 0.84916568
vt 0.40701452 0.89189196
vt 0.42942056 0.89549989
vt 0.41336349 0.87931615
vt 0.42736822 0.88156968
vt 0.42942056 0.89549989
vt 0.42736822 0.88156968
vt 0.42736822 0.88156968
vt 0.43053269 0.86084342
vt 0.42841598 0.87318945
vt 0.43547878 0.86104941
vt 0.43307528 0.87327355
vt 0.42736822 0.88156968
vt 0.45237759 0.90040451
vt 0.46094045 0.86637104
vt 0.45817313 0.87857932
vt 0.41686800 0.85866857
vt 0.41500938 0.87103879
vt 0.41336349 0.87931615
vt 0.40701452 0.89189196
vt 0.42942056 0.89549989
vt 0.45237759 0.90040451
vt 0.47431427 0.90635931
vt 0.38365698 0.88926566
vt 0.38028881 0.87558246
vt 0.38149562 0.85469896
vt 0.38054168 0.86715233
vt 0.38641965 0.85444844
vt 0.38517791 0.86680138
vt 0.38028881 0.87558246
vt 0.40701452 0.89189196
vt 0.41211390 0.85732979
vt 0.41056478 0.86966145
vt 0.41336349 0.87931615
vt 0.49667385 0.91392380
vt 0.51793522 0.92278296
vt 0.36772972 0.85378349
vt 0.36701328 0.86624992
vt 0.36613744 0.87463903
vt 0.36613744 0.87463903
vt 0.36097199 0.88775831
vt 0.38365698 0.88926566
vt 0.14096521 0.86687213
vt 0.14096521 0.86687213
vt 0.33743405 0.88724196
vt 0.33285469 0.87390375
vt 0.33219138 0.85299969
vt 0.33235261 0.86548388
vt 0.33707052 0.85231376
vt 0.33693796 0.86472160
vt 0.33285469 0.87390375
vt 0.36097199 0.88775831
vt 0.36246637 0.86528552
vt 0.36613744 0.87463903
vt 0.29121464 0.88930678
vt 0.28772399 0.85455614
vt 0.28870302 0.86693245
vt 0.31840295 0.85330498
vt 0.31879815 0.86578470
vt 0.31867239 0.87421817
vt 0.31469119 0.88774401
vt 0.33743405 0.88724196
vt 0.23586562 0.84532100
vt 0.24232174 0.83992213
vt 0.23867393 0.86127228
vt 0.24514447 0.85660881
vt 0.49706084 0.85455841
vt 0.49209484 0.87112164
vt 0.50887150 0.85815632
vt 0.50349838 0.87472469
vt 0.15701479 0.92302275
vt 0.31469119 0.88774401
vt 0.31418341 0.86522698
vt 0.31867239 0.87421817
vt 0.53920019 0.93394971
vt 0.55808800 0.94732511
vt 0.07891861 0.12203205
vt 0.07455103 0.12133783
vt 0.07892025 0.15376550
vt 0.07455103 0.15445876
vt 0.33767971 0.76083922
vt 0.36621183 0.76142818
vt 0.36621183 0.76142818
vt 0.33762166 0.64336520
vt 0.37092811 0.64400911
vt 0.37092811 0.64400911
vt 0.45204738 0.77032721
vt 0.45204738 0.77032721
vt 0.43358079 0.84453911
vt 0.41902709 0.84225643
vt 0.54794914 0.87196738
vt 0.54101115 0.88884783
vt 0.56009901 0.87684155
vt 0.55266261 0.89396977
vt 0.43851274 0.84513927
vt 0.10990248 0.79813278
vt 0.15701479 0.92302275
vt 0.16079621 0.91267443
vt 0.17896205 0.91382527
vt 0.16897261 0.90929103
vt 0.22492349 0.22828960
vt 0.22692329 0.23222125
vt 0.25055084 0.20970368
vt 0.25366792 0.21282864
vt 0.60135287 0.68401289
vt 0.56896704 0.67458522
vt 0.48380190 0.85555804
vt 0.46934077 0.85188049
vt 0.08816946 0.88823730
vt 0.09670930 0.90662342
vt 0.10097772 0.88278204
vt 0.10904517 0.90046430
vt 0.48040411 0.77559632
vt 0.16643831 0.78205109
vt 0.18085659 0.85857588
vt 0.16639666 0.86300629
vt 0.16144222 0.86434412
vt 0.17896205 0.91382527
vt 0.19482848 0.23805296
vt 0.19551666 0.24240905
vt 0.50890410 0.78208816
vt 0.53710788 0.78956485
vt 0.53632885 0.66636401
vt 0.53632885 0.66636401
vt 0.46453276 0.85048079
vt 0.38302809 0.83825719
vt 0.36839175 0.83729219
vt 0.14096521 0.86687213
vt 0.14733601 0.88357013
vt 0.15286389 0.86263514
vt 0.15878107 0.87925828
vt 0.22330232 0.77030683
vt 0.39493993 0.76321697
vt 0.39493993 0.76321697
vt 0.38796741 0.83840871
vt 0.33225882 0.83650070
vt 0.31760314 0.83682287
vt 0.19472897 0.77565074
vt 0.21652670 0.84945786
vt 0.26911217 0.18431282
vt 0.27314255 0.18611687
vt 0.59336251 0.80755258
vt 0.63345426 0.69462693
vt 0.63345426 0.69462693
vt 0.56545150 0.79819524
vt 0.28151563 0.83921385
vt 0.26691419 0.84083372
vt 0.11692887 0.94758815
vt 0.19613892 0.86742204
vt 0.20346892 0.84785175
vt 0.20756707 0.86444408
vt 0.20059407 0.90650845
vt 0.15286389 0.86263514
vt 0.15286389 0.86263514
vt 0.24081942 0.87354505
vt 0.24752615 0.86993068
vt 0.42341366 0.76616126
vt 0.42341366 0.76616126
vt 0.41416216 0.84131843
vt 0.11813329 0.90040338
vt 0.10904517 0.90046430
vt 0.12465944 0.91271377
vt 0.11622903 0.91430575
vt 0.25858214 0.86815727
vt 0.09075822 0.91455317
vt 0.09873710 0.92842883
vt 0.09670930 0.90662342
vt 0.10483771 0.92095721
vt 0.26864403 0.89184833
vt 0.29121464 0.88930678
vt 0.08210736 0.89630991
vt 0.08816946 0.88823730
vt 0.08816946 0.88823730
vt 0.24514447 0.85660881
vt 0.25667349 0.85477507
vt 0.33718631 0.83621752
vt 0.11041433 0.88391757
vt 0.10097772 0.88278204
vt 0.10097772 0.88278204
vt 0.34444973 0.83207798
vt 0.34444973 0.83207798
vt 0.34424266 0.84890997
vt 0.34417194 0.86239445
vt 0.55266261 0.89396977
vt 0.54612088 0.90735495
vt 0.28041703 0.76320767
vt 0.28640682 0.83849627
vt 0.54101115 0.88884783
vt 0.53519404 0.90216458
vt 0.35534272 0.86264086
vt 0.36097199 0.88775831
vt 0.33743405 0.88724196
vt 0.30893025 0.76143718
vt 0.53903902 0.87333822
vt 0.54794914 0.87196738
vt 0.54794914 0.87196738
vt 0.29328600 0.83372843
vt 0.29456988 0.85052639
vt 0.30617899 0.84975326
vt 0.23102972 0.84648716
vt 0.56575888 0.88425606
vt 0.56009901 0.87684155
vt 0.56009901 0.87684155
vt 0.29328600 0.83372843
vt 0.29328600 0.83372843
vt 0.29456988 0.85052639
vt 0.29570174 0.86396927
vt 0.25172609 0.76619017
vt 0.50349838 0.87472469
vt 0.49897414 0.88784772
vt 0.49209484 0.87112164
vt 0.48811236 0.88431787
vt 0.24546330 0.89558733
vt 0.30685225 0.86322391
vt 0.31469119 0.88774401
vt 0.29121464 0.88930678
vt 0.40749004 0.83623874
vt 0.40544951 0.85298806
vt 0.48873281 0.85663676
vt 0.49706084 0.85455841
vt 0.49706084 0.85455841
vt 0.13345127 0.91933602
vt 0.39558005 0.83491963
vt 0.39387423 0.85169327
vt 0.51468593 0.86461103
vt 0.50887150 0.85815632
vt 0.50887150 0.85815632
vt 0.39259383 0.86512899
vt 0.62130773 0.81782728
vt 0.59589750 0.87162673
vt 0.60068828 0.87419671
vt 0.39387423 0.85169327
vt 0.40544951 0.85298806
vt 0.58636588 0.89358163
vt 0.59191722 0.89567387
vt 0.47431427 0.90635931
vt 0.49667385 0.91392380
vt 0.40370497 0.86637861
vt 0.51793522 0.92278296
vt 0.53920019 0.93394971
vt 0.45829725 0.84475511
vt 0.05414738 0.81777424
vt 0.45467180 0.86137557
vt 0.13633032 0.93384010
vt 0.11692887 0.94758815
vt 0.13633032 0.93384010
vt 0.13800472 0.78965402
vt 0.13800472 0.78965402
vt 0.11560529 0.88203138
vt 0.44646239 0.84233677
vt 0.44319522 0.85898781
vt 0.45467180 0.86137557
vt 0.17896205 0.91382527
vt 0.15701479 0.92302275
vt 0.44646239 0.84233677
vt 0.20059407 0.90650845
vt 0.44646239 0.84233677
vt 0.44319522 0.85898781
vt 0.44064030 0.87230486
vt 0.24546330 0.89558733
vt 0.26864403 0.89184833
vt 0.53402054 0.87173307
vt 0.40701452 0.89189196
vt 0.38365698 0.88926566
vt 0.45163018 0.87462044
vt 0.42942056 0.89549989
vt 0.45237759 0.90040451
vt 0.27916613 0.12233520
vt 0.28352645 0.12165773
vt 0.26947603 0.09219676
vt 0.27341512 0.09020549
vt 0.04174967 0.69462442
vt 0.04174967 0.69462442
vt 0.07385202 0.68400764
vt 0.07385202 0.68400764
vt 0.30685225 0.86322391
vt 0.29570174 0.86396927
vt 0.27911949 0.15376747
vt 0.28343508 0.15469652
vt 0.01000000 0.70641738
vt 0.57902193 0.86520088
vt 0.39259383 0.86512899
vt 0.40370497 0.86637861
vt 0.25094089 0.06651020
vt 0.25407439 0.06339711
vt 0.22534975 0.04779404
vt 0.22736880 0.04386055
vt 0.10625735 0.67457873
vt 0.10625735 0.67457873
vt 0.13889194 0.66635758
vt 0.13889194 0.66635758
vt 0.57077646 0.88673097
vt 0.35534272 0.86264086
vt 0.34417194 0.86239445
vt 0.45163018 0.87462044
vt 0.44064030 0.87230486
vt 0.48811236 0.88431787
vt 0.49897414 0.88784772
vt 0.19519335 0.03790510
vt 0.19589651 0.03353566
vt 0.16342920 0.03783786
vt 0.16274507 0.03346264
vt 0.20472139 0.65362227
vt 0.20472139 0.65362227
vt 0.17173344 0.65936530
vt 0.53519404 0.90216458
vt 0.54612088 0.90735495
vt 0.13318962 0.04760396
vt 0.13118616 0.04365444
vt 0.23784523 0.64914095
vt 0.11622903 0.91430575
vt 0.10483771 0.92095721
vt 0.10745382 0.06622946
vt 0.10432954 0.06309420
vt 0.08875301 0.09187555
vt 0.08481503 0.08986223
vt 0.30432627 0.64400709
vt 0.30432627 0.64400709
vt 0.27104950 0.64593375
vt 0.08874612 0.18394989
vt 0.08480550 0.18596041
vt 0.10741310 0.20961529
vt 0.10428792 0.21274292
vt 0.43740401 0.64914626
vt 0.43740401 0.64914626
vt 0.40419126 0.64593709
vt 0.15276545 0.89671904
vt 0.16360611 0.89245033
vt 0.13306828 0.22824889
vt 0.13106339 0.23218435
vt 0.16318583 0.23804110
vt 0.16249453 0.24239886
vt 0.47051182 0.65362763
vt 0.47051182 0.65362763
vt 0.50350589 0.65937221
vt 0.21081333 0.87769341
vt 0.19989288 0.88059342
vt 0.51947665 0.86651796
vt 0.24752615 0.86993068
vt 0.25858214 0.86815727
vt 0.59336251 0.80755258
vt 0.66518962 0.70641738
vt 0.62130773 0.81782728
vt 0.73176688 0.51590246
vt 0.72553194 0.51879090
vt 0.74254858 0.54933417
vt 0.73579794 0.55062920
vt 0.61370605 0.67756778
vt 0.64885592 0.67768502
vt 0.61479825 0.67078209
vt 0.64779770 0.67088866
vt 0.68231654 0.66688395
vt 0.71079993 0.64628845
vt 0.67920601 0.66074783
vt 0.70595127 0.64141661
vt 0.58030111 0.66664922
vt 0.58343542 0.66052562
vt 0.55190879 0.64591616
vt 0.55678278 0.64106387
vt 0.53131205 0.61742723
vt 0.53745055 0.61431807
vt 0.52053565 0.58396757
vt 0.52732623 0.58290744
vt 0.53158355 0.51541650
vt 0.52059782 0.54880512
vt 0.53769493 0.51855165
vt 0.52739519 0.54990149
vt 0.55229330 0.48703545
vt 0.55714935 0.49190837
vt 0.58076698 0.46642077
vt 0.58387721 0.47255617
vt 0.61423635 0.45564145
vt 0.61529458 0.46243894
vt 0.64938533 0.45573419
vt 0.64829201 0.46252215
vt 0.68278229 0.46667463
vt 0.67964828 0.47279745
vt 0.71120882 0.48737377
vt 0.70632726 0.49222594
vt 0.74249071 0.58449364
vt 0.73570067 0.58340448
vt 0.73153526 0.61790431
vt 0.72541207 0.61476517
vt 0.52575845 0.62019944
vt 0.54748368 0.65026915
vt 0.53131205 0.61742723
vt 0.55190879 0.64591616
vt 0.57743597 0.67215544
vt 0.58030111 0.66664922
vt 0.61270869 0.68375790
vt 0.61370605 0.67756778
vt 0.64980578 0.68375790
vt 0.64885592 0.67768502
vt 0.68509078 0.67243510
vt 0.68231654 0.66688395
vt 0.71515280 0.65071356
vt 0.71079993 0.64628845
vt 0.73704177 0.62076879
vt 0.73153526 0.61790431
vt 0.74861354 0.58551395
vt 0.74249071 0.58449364
vt 0.74868733 0.54841471
vt 0.74254858 0.54933417
vt 0.73736215 0.51307321
vt 0.73176688 0.51590246
vt 0.71556318 0.48303545
vt 0.71120882 0.48737377
vt 0.68564403 0.46116817
vt 0.68278229 0.46667463
vt 0.65038252 0.44954425
vt 0.64938533 0.45573419
vt 0.61328638 0.44956863
vt 0.61423635 0.45564145
vt 0.57799315 0.46086937
vt 0.58076698 0.46642077
vt 0.54794115 0.48261005
vt 0.55229330 0.48703545
vt 0.52600604 0.51255357
vt 0.53158355 0.51541650
vt 0.51452875 0.54783118
vt 0.52059782 0.54880512
vt 0.51439875 0.58489031
vt 0.52053565 0.58396757
vt 0.55970621 0.63817120
vt 0.54112446 0.61247039
vt 0.55678278 0.64106387
vt 0.53745055 0.61431807
vt 0.53139108 0.58228511
vt 0.52732623 0.58290744
vt 0.53145552 0.55056769
vt 0.52739519 0.54990149
vt 0.54134691 0.52043664
vt 0.53769493 0.51855165
vt 0.56003505 0.49480677
vt 0.55714935 0.49190837
vt 0.58574629 0.47624439
vt 0.58387721 0.47255617
vt 0.61592442 0.46648234
vt 0.61529458 0.46243894
vt 0.64763504 0.46660233
vt 0.64829201 0.46252215
vt 0.67778498 0.47643822
vt 0.67964828 0.47279745
vt 0.70339507 0.49514616
vt 0.70632726 0.49222594
vt 0.72186005 0.52063793
vt 0.72553194 0.51879090
vt 0.73175645 0.55126065
vt 0.73579794 0.55062920
vt 0.73161793 0.58274275
vt 0.73570067 0.58340448
vt 0.72175771 0.61287868
vt 0.72541207 0.61476517
vt 0.70305860 0.63849342
vt 0.70595127 0.64141661
vt 0.67735815 0.65707493
vt 0.67920601 0.66074783
vt 0.64717603 0.66682106
vt 0.64779770 0.67088866
vt 0.61546361 0.66672611
vt 0.61479825 0.67078209
vt 0.58532125 0.65687013
vt 0.58343542 0.66052562
vt 0.54112446 0.61247039
vt 0.57520074 0.59516048
vt 0.53139108 0.58228511
vt 0.56914979 0.57635391
vt 0.53145552 0.55056769
vt 0.56920713 0.55659902
vt 0.54134691 0.52043664
vt 0.57537138 0.53782737
vt 0.56003505 0.49480677
vt 0.58702880 0.52187741
vt 0.58574629 0.47624439
vt 0.60304880 0.51031309
vt 0.61592442 0.46648234
vt 0.62185192 0.50426018
vt 0.64763504 0.46660233
vt 0.64161021 0.50432515
vt 0.67778498 0.47643822
vt 0.66038156 0.51047868
vt 0.70339507 0.49514616
vt 0.67634910 0.52215171
vt 0.72186005 0.52063793
vt 0.68780166 0.53797340
vt 0.73175645 0.55126065
vt 0.69397563 0.55716062
vt 0.73161793 0.58274275
vt 0.69389093 0.57669163
vt 0.72175771 0.61287868
vt 0.68772352 0.59548569
vt 0.70305860 0.63849342
vt 0.67606539 0.61143446
vt 0.67735815 0.65707493
vt 0.66004902 0.62300086
vt 0.64717603 0.66682106
vt 0.64124459 0.62905276
vt 0.61546361 0.66672611
vt 0.62148792 0.62899172
vt 0.58532125 0.65687013
vt 0.60271609 0.62283462
vt 0.55970621 0.63817120
vt 0.58676666 0.61117697
vt 0.65803033 0.54037702
vt 0.64857447 0.53346586
vt 0.66474831 0.54964620
vt 0.63748407 0.52982938
vt 0.62581295 0.52979732
vt 0.61470282 0.53337383
vt 0.60524154 0.54020822
vt 0.59835494 0.54963195
vt 0.59471738 0.56072199
vt 0.59468520 0.57239312
vt 0.59826148 0.58350277
vt 0.60509616 0.59296334
vt 0.61451989 0.59984875
vt 0.62561047 0.60348511
vt 0.63728154 0.60351682
vt 0.64839119 0.59994036
vt 0.65785187 0.59310579
vt 0.66473788 0.58368218
vt 0.66838658 0.57255173
vt 0.66843629 0.56110400
vt 0.97907853 0.56955850
vt 0.98970419 0.53685606
vt 0.96689731 0.56335187
vt 0.97620124 0.53471732
vt 0.98970419 0.50247049
vt 0.97620124 0.50460911
vt 0.97907853 0.46976793
vt 0.96689731 0.47597462
vt 0.95886725 0.44194955
vt 0.94920003 0.45161664
vt 0.93104875 0.42173821
vt 0.92484212 0.43391955
vt 0.89834625 0.41111255
vt 0.89620757 0.42461562
vt 0.86396068 0.41111255
vt 0.86609936 0.42461562
vt 0.83125818 0.42173833
vt 0.83746487 0.43391955
vt 0.80343986 0.44194955
vt 0.81310678 0.45161670
vt 0.78322852 0.46976811
vt 0.79540974 0.47597468
vt 0.77260286 0.50247061
vt 0.78610593 0.50460929
vt 0.77260286 0.53685611
vt 0.78610593 0.53471744
vt 0.78322852 0.56955868
vt 0.79540974 0.56335199
vt 0.80343986 0.59737706
vt 0.81310689 0.58771002
vt 0.83125830 0.61758828
vt 0.83746493 0.60540712
vt 0.86396092 0.62821400
vt 0.86609954 0.61471105
vt 0.89834636 0.62821400
vt 0.89620775 0.61471099
vt 0.93104893 0.61758828
vt 0.92484230 0.60540712
vt 0.95886737 0.59737700
vt 0.94920027 0.58770990
vt 0.63741064 0.31392950
vt 0.59214705 0.39550966
vt 0.65231460 0.32602847
vt 0.62047744 0.38341027
vt 0.80442321 0.39551145
vt 0.75954002 0.31392908
vt 0.77614993 0.38341093
vt 0.74457932 0.32602775
vt 0.36564249 0.26716894
vt 0.29289180 0.26285189
vt 0.29289180 0.26285189
vt 0.36832678 0.27419585
vt 0.36832678 0.27419585
vt 0.29440296 0.26827943
vt 0.29440296 0.26827943
vt 0.23461322 0.26161337
vt 0.23461322 0.26161337
vt 0.23442386 0.26641262
vt 0.23442386 0.26641262
vt 0.17744130 0.25887424
vt 0.17744130 0.25887424
vt 0.17572337 0.26400137
vt 0.17572337 0.26400137
vt 0.10837570 0.25991130
vt 0.10837570 0.25991130
vt 0.10546117 0.26605195
vt 0.59611243 0.32388443
vt 0.62289768 0.30433166
vt 0.59064668 0.32062471
vt 0.61862803 0.29999536
vt 0.64958489 0.28517902
vt 0.64607942 0.28029037
vt 0.67630821 0.26601726
vt 0.67356884 0.26058292
vt 0.70407546 0.24662781
vt 0.70245415 0.24048346
vt 0.69827759 0.39919126
vt 0.69822854 0.42054385
vt 0.61862803 0.29999536
vt 0.61689866 0.29680526
vt 0.64607942 0.28029037
vt 0.64397937 0.27736408
vt 0.67356884 0.26058292
vt 0.67107069 0.25791579
vt 0.57098991 0.45273006
vt 0.69819641 0.43455845
vt 0.83762157 0.25747043
vt 0.72151250 0.32602763
vt 0.73723209 0.38340980
vt 0.69844568 0.32602757
vt 0.69831401 0.38340926
vt 0.67537987 0.32602817
vt 0.65939581 0.38340950
vt 0.75135481 0.39550894
vt 0.80521530 0.39728063
vt 0.75174886 0.39727819
vt 0.69828612 0.39550811
vt 0.69828200 0.39727724
vt 0.64521700 0.39550847
vt 0.64481479 0.39727771
vt 0.59134668 0.39727885
vt 0.66794151 0.31392956
vt 0.69847316 0.31392843
vt 0.72900641 0.31392795
vt 0.33533427 0.07655227
vt 0.33275515 0.08852637
vt 0.37931269 0.08583033
vt 0.37754714 0.09817493
vt 0.45783818 0.08304316
vt 0.45954853 0.09796196
vt 0.48848274 0.07331586
vt 0.49279913 0.08852637
vt 0.39467385 0.08469665
vt 0.39493594 0.09979630
vt 0.45783818 0.08304316
vt 0.45954853 0.09796196
vt 0.37931269 0.08583033
vt 0.37754714 0.09817493
vt 0.39467385 0.08469665
vt 0.39493594 0.09979630
vt 0.41933939 0.01486641
vt 0.41682160 0.02749765
vt 0.46422422 0.02371126
vt 0.46239069 0.03658092
vt 0.53543937 0.02123088
vt 0.53724033 0.03593302
vt 0.56718248 0.01227373
vt 0.57098764 0.02749765
vt 0.47993582 0.02358079
vt 0.48021284 0.03824764
vt 0.53543937 0.02123088
vt 0.53724033 0.03593302
vt 0.46422422 0.02371126
vt 0.46239069 0.03658092
vt 0.47993582 0.02358079
vt 0.48021284 0.03824764
vt 0.38169891 0.04182673
vt 0.37929192 0.05739176
vt 0.43959922 0.05149293
vt 0.43751681 0.06639558
vt 0.50243807 0.05074382
vt 0.50401157 0.06377429
vt 0.53050214 0.04414278
vt 0.53338128 0.05739176
vt 0.45513010 0.05325371
vt 0.45543820 0.06677020
vt 0.50243807 0.05074382
vt 0.50401157 0.06377429
vt 0.43959922 0.05149293
vt 0.43751681 0.06639558
vt 0.45513010 0.05325371
vt 0.45543820 0.06677020
vt 0.29044574 0.10772711
vt 0.28771955 0.12057853
vt 0.34302291 0.11886948
vt 0.34059346 0.13179475
vt 0.41023695 0.11398423
vt 0.41276053 0.12893897
vt 0.44355461 0.10472041
vt 0.44800305 0.12057853
vt 0.35615948 0.12042767
vt 0.35698444 0.13432360
vt 0.41023695 0.11398423
vt 0.41276053 0.12893897
vt 0.34302291 0.11886948
vt 0.34059346 0.13179475
vt 0.35615948 0.12042767
vt 0.35698444 0.13432360
vt 0.41263509 0.97309899
vt 0.36407778 0.96152729
vt 0.40600547 0.98549646
vt 0.35076937 0.98549646
vt 0.14515035 0.64397568
vt 0.09712844 0.64397568
vt 0.14520994 0.65855163
vt 0.09706883 0.67174840
vt 0.13019806 0.97542399
vt 0.08205696 0.96222728
vt 0.13013847 0.99000001
vt 0.08211657 0.99000001
vt 0.42345124 0.99000001
vt 0.47868729 0.99000001
vt 0.41682160 0.97760254
vt 0.46537891 0.96603084
vt 0.39512140 0.08225071
vt 0.37865326 0.08350635
vt 0.39467385 0.08469665
vt 0.37931269 0.08583033
vt 0.45665044 0.08047968
vt 0.39512140 0.08225071
vt 0.45783818 0.08304316
vt 0.39467385 0.08469665
vt 0.48636717 0.07120222
vt 0.45665044 0.08047968
vt 0.48848274 0.07331586
vt 0.45783818 0.08304316
vt 0.37865326 0.08350635
vt 0.33677346 0.07481420
vt 0.33677346 0.07481420
vt 0.37931269 0.08583033
vt 0.37931269 0.08583033
vt 0.33533427 0.07655227
vt 0.48051876 0.02108008
vt 0.46378273 0.02134663
vt 0.47993582 0.02358079
vt 0.46422422 0.02371126
vt 0.53452456 0.01865590
vt 0.48051876 0.02108008
vt 0.53543937 0.02123088
vt 0.47993582 0.02358079
vt 0.56464803 0.01020956
vt 0.53452456 0.01865590
vt 0.56718248 0.01227373
vt 0.53543937 0.02123088
vt 0.46378273 0.02134663
vt 0.42123282 0.01305640
vt 0.46422422 0.02371126
vt 0.41933939 0.01486641
vt 0.45586798 0.05087686
vt 0.43929026 0.04887247
vt 0.45513010 0.05325371
vt 0.43959922 0.05149293
vt 0.50176722 0.04848516
vt 0.45586798 0.05087686
vt 0.50243807 0.05074382
vt 0.45513010 0.05325371
vt 0.52809453 0.04240847
vt 0.50176722 0.04848516
vt 0.53050214 0.04414278
vt 0.50243807 0.05074382
vt 0.43929026 0.04887247
vt 0.38439846 0.03965747
vt 0.43959922 0.05149293
vt 0.38169891 0.04182673
vt 0.35716906 0.11789268
vt 0.34296578 0.11673808
vt 0.35615948 0.12042767
vt 0.34302291 0.11886948
vt 0.40946952 0.11151421
vt 0.35716906 0.11789268
vt 0.35716906 0.11789268
vt 0.41023695 0.11398423
vt 0.41023695 0.11398423
vt 0.35615948 0.12042767
vt 0.44014621 0.10299236
vt 0.40946952 0.11151421
vt 0.44355461 0.10472041
vt 0.41023695 0.11398423
vt 0.34296578 0.11673808
vt 0.29310188 0.10618854
vt 0.34302291 0.11886948
vt 0.29044574 0.10772711
vt 0.72118038 0.07877970
vt 0.72291297 0.07680690
vt 0.67952925 0.02235711
vt 0.68177974 0.02257591
vt 0.68702054 0.02382779
vt 0.68540907 0.02393997
vt 0.72533751 0.07319772
vt 0.72376961 0.07496244
vt 0.68177974 0.02257591
vt 0.72291297 0.07680690
vt 0.68540907 0.02393997
vt 0.72376961 0.07496244
vt 0.74919593 0.07716399
vt 0.74912804 0.07403445
vt 0.72118038 0.07877970
vt 0.72291297 0.07680690
vt 0.72533751 0.07319772
vt 0.72376961 0.07496244
vt 0.74449372 0.07224631
vt 0.74651223 0.07235020
vt 0.74912804 0.07403445
vt 0.74651223 0.07235020
vt 0.74449372 0.07224631
vt 0.74651223 0.07235020
vt 0.72503597 0.01941413
vt 0.72682124 0.01775372
vt 0.72824770 0.01572216
vt 0.72682124 0.01775372
vt 0.67952925 0.02235711
vt 0.68177974 0.02257591
vt 0.72763664 0.01251584
vt 0.72824770 0.01572216
vt 0.72503597 0.01941413
vt 0.72682124 0.01775372
vt 0.68702054 0.02382779
vt 0.68540907 0.02393997
vt 0.73300713 0.01794887
vt 0.73112792 0.01743716
vt 0.75244188 0.07086611
vt 0.75050300 0.07216072
vt 0.73112792 0.01743716
vt 0.75050300 0.07216072
vt 0.77669758 0.07603133
vt 0.77669740 0.07293028
vt 0.75244188 0.07086611
vt 0.75050300 0.07216072
vt 0.77263945 0.07042819
vt 0.77472907 0.07112354
vt 0.77669740 0.07293028
vt 0.77472907 0.07112354
vt 0.77263945 0.07042819
vt 0.77472907 0.07112354
vt 0.77262968 0.01650888
vt 0.77456951 0.01537681
vt 0.77669579 0.01345301
vt 0.77456951 0.01537681
vt 0.77669579 0.01020187
vt 0.77669579 0.01345301
vt 0.77262968 0.01650888
vt 0.77456951 0.01537681
vt 0.73300713 0.01794887
vt 0.73112792 0.01743716
vt 0.78076190 0.01650876
vt 0.77882195 0.01537681
vt 0.78075480 0.07042789
vt 0.77866536 0.07112336
vt 0.77882195 0.01537681
vt 0.77866536 0.07112336
vt 0.80419779 0.07715929
vt 0.80426526 0.07402992
vt 0.78075480 0.07042789
vt 0.77866536 0.07112336
vt 0.80095130 0.07086378
vt 0.80289006 0.07215679
vt 0.80426526 0.07402992
vt 0.80289006 0.07215679
vt 0.80095130 0.07086378
vt 0.80289006 0.07215679
vt 0.82038206 0.01794732
vt 0.82226115 0.01743686
vt 0.82514101 0.01572174
vt 0.82226115 0.01743686
vt 0.82575202 0.01251614
vt 0.82514101 0.01572174
vt 0.82514101 0.01572174
vt 0.82038206 0.01794732
vt 0.82226115 0.01743686
vt 0.78076190 0.01650876
vt 0.77882195 0.01537681
vt 0.82835215 0.01941496
vt 0.82656735 0.01775330
vt 0.80889910 0.07224017
vt 0.80688053 0.07234591
vt 0.82656735 0.01775330
vt 0.80688053 0.07234591
vt 0.83221024 0.07877165
vt 0.83047795 0.07679945
vt 0.80889910 0.07224017
vt 0.80688053 0.07234591
vt 0.82805341 0.07319069
vt 0.82962120 0.07495517
vt 0.83047795 0.07679945
vt 0.82962120 0.07495517
vt 0.87385130 0.02235711
vt 0.87160110 0.02257591
vt 0.83221024 0.07877165
vt 0.83047795 0.07679945
vt 0.82805341 0.07319069
vt 0.82962120 0.07495517
vt 0.86636138 0.02382737
vt 0.86797249 0.02393949
vt 0.87160110 0.02257591
vt 0.86797249 0.02393949
vt 0.87385130 0.02235711
vt 0.87385130 0.02235711
vt 0.87160110 0.02257591
vt 0.86636138 0.02382737
vt 0.86797249 0.02393949
vt 0.82835215 0.01941496
vt 0.82656735 0.01775330
vt 0.41060135 0.27544087
vt 0.42345634 0.28672487
vt 0.41059625 0.27543390
vt 0.42344826 0.28671432
vt 0.43403274 0.30045164
vt 0.43403092 0.30043894
vt 0.43363127 0.31477278
vt 0.43363228 0.31476706
vt 0.08554067 0.25044924
vt 0.08800590 0.24599576
vt 0.08550908 0.25046843
vt 0.08800453 0.24597555
vt 0.39564928 0.25555122
vt 0.39568931 0.25557780
vt 0.39273977 0.25064713
vt 0.39274287 0.25062710
vt 0.07323057 0.26570070
vt 0.07323471 0.26569545
vt 0.06346728 0.27194166
vt 0.06347537 0.27193600
vt 0.05256513 0.27781874
vt 0.05257294 0.27780950
vt 0.04515146 0.29063052
vt 0.04515464 0.29062361
vt 0.08554067 0.25044924
vt 0.08550908 0.25046843
vt 0.07323057 0.26570070
vt 0.07323471 0.26569545
vt 0.39564928 0.25555122
vt 0.41060135 0.27544087
vt 0.39568931 0.25557780
vt 0.41059625 0.27543390
vt 0.39227048 0.25714022
vt 0.40901619 0.27854419
vt 0.41907656 0.28900868
vt 0.42686018 0.30083829
vt 0.43006298 0.31256396
vt 0.04847999 0.29136765
vt 0.05591107 0.28138953
vt 0.06494274 0.27390212
vt 0.07400622 0.26735377
vt 0.08802100 0.25164557
vt 0.09209426 0.24633813
vt 0.31525004 0.94763285
vt 0.31323972 0.94763285
vt 0.31423590 0.94946796
vt 0.31422827 0.94946384
vt 0.57494271 0.45415205
vt 0.57098991 0.45273006
vt 0.57302570 0.45557755
vt 0.57022601 0.45447737
vt 0.55583793 0.45090717
vt 0.55554932 0.45266932
vt 0.54787707 0.44860756
vt 0.54719633 0.45031595
vt 0.53957814 0.44488156
vt 0.53865761 0.44642359
vt 0.53141731 0.43958414
vt 0.53029698 0.44099188
vt 0.83566213 0.21561843
vt 0.83853650 0.22496146
vt 0.83732367 0.21492559
vt 0.84027529 0.22449553
vt 0.83987099 0.23399448
vt 0.84169835 0.23380417
vt 0.83992451 0.24231446
vt 0.84169835 0.24249887
vt 0.83762157 0.25747043
vt 0.83956498 0.25694114
vt 0.32349119 0.94764513
vt 0.31924444 0.94764513
vt 0.32280126 0.94946754
vt 0.32024783 0.94946796
vt 0.38976243 0.24597561
vt 0.38732460 0.25047797
vt 0.39274287 0.25062710
vt 0.39273977 0.25064713
vt 0.38732460 0.25047797
vt 0.43397659 0.32261449
vt 0.04049686 0.30128562
vt 0.43193561 0.32209009
vt 0.37984946 0.60169852
vt 0.38198283 0.60200298
vt 0.37001827 0.61368847
vt 0.37366560 0.61664754
vt 0.35830015 0.62406439
vt 0.36114037 0.62788886
vt 0.34500691 0.63224566
vt 0.34680054 0.63653308
vt 0.33083445 0.63815629
vt 0.33058792 0.64022350
vt 0.05860132 0.61807305
vt 0.05853963 0.62014329
vt 0.04455188 0.61002314
vt 0.04212724 0.61417806
vt 0.03166839 0.59966725
vt 0.02819720 0.60321504
vt 0.02077753 0.58703399
vt 0.01656950 0.58954740
vt 0.01204035 0.57298350
vt 0.01000000 0.57268375
vt 0.04254160 0.30140013
vt 0.52372724 0.43294358
vt 0.52212721 0.43377203
vt 0.39293867 0.21878445
vt 0.39146629 0.21981806
vt 0.39158306 0.20546919
vt 0.38980022 0.20552349
vt 0.39241004 0.19199932
vt 0.39063725 0.19169140
vt 0.39594957 0.17866927
vt 0.39429897 0.17800170
vt 0.40203816 0.16576773
vt 0.40104514 0.16426748
vt 0.60265356 0.01400316
vt 0.60147518 0.01264304
vt 0.61674732 0.01177448
vt 0.61656368 0.00999999
vt 0.63049996 0.01206881
vt 0.63069320 0.01027566
vt 0.64362007 0.01497620
vt 0.64416289 0.01327384
vt 0.65595686 0.01994282
vt 0.65734458 0.01879698
vt 0.83138573 0.20633966
vt 0.83261389 0.20501566
vt 0.12062818 0.33944446
vt 0.09912898 0.53757811
vt 0.12147471 0.33695239
vt 0.09944502 0.54009962
vt 0.10029787 0.54163730
vt 0.10169064 0.54273283
vt 0.10415743 0.54345036
vt 0.30090579 0.55749488
vt 0.30344826 0.55717731
vt 0.30510139 0.55626154
vt 0.30633834 0.55482209
vt 0.30721912 0.55237794
vt 0.33722728 0.35043150
vt 0.33694437 0.34780961
vt 0.33606008 0.34612662
vt 0.33458567 0.34492135
vt 0.33204350 0.34412497
vt 0.12703826 0.33389604
vt 0.12440999 0.33435810
vt 0.12270766 0.33539426
vt 0.12062818 0.33944446
vt 0.09912898 0.53757811
vt 0.09912898 0.53757811
vt 0.10169064 0.54273283
vt 0.10169064 0.54273283
vt 0.10415743 0.54345036
vt 0.30090579 0.55749488
vt 0.30344826 0.55717731
vt 0.30344826 0.55717731
vt 0.30633834 0.55482209
vt 0.30633834 0.55482209
vt 0.30721912 0.55237794
vt 0.33722728 0.35043150
vt 0.33694437 0.34780961
vt 0.33694437 0.34780961
vt 0.33458567 0.34492135
vt 0.33458567 0.34492135
vt 0.33204350 0.34412497
vt 0.12703826 0.33389604
vt 0.12703826 0.33389604
vt 0.12062818 0.33944446
f 1/1/1 2/2/2 3/3/3
f 2/2/2 4/4/4 3/3/3
f 4/4/4 5/5/5 3/3/3
f 6/6/6 7/7/7 8/8/8
f 7/7/7 9/9/9 8/8/8
f 9/9/9 10/10/10 8/8/8
f 11/11/11 12/12/12 13/13/13
f 12/12/12 1/1/1 13/13/13
f 1/1/1 3/3/3 13/13/13
f 14/14/14 7/7/7 15/15/15
f 7/7/7 6/6/6 15/15/15
f 6/6/6 16/16/16 15/15/15
f 17/17/17 18/18/18 19/19/19
f 18/18/18 20/20/20 19/19/19
f 20/20/20 21/21/21 19/19/19
f 21/21/21 22/22/22 19/19/19
f 22/22/22 23/23/23 19/19/19
f 23/23/23 24/24/24 19/19/19
f 25/25/25 26/26/26 24/24/24
f 26/26/26 27/27/27 24/24/24
f 24/24/24 27/27/27 19/19/19
f 28/28/28 29/29/29 30/30/30
f 29/29/29 31/31/31 30/30/30
f 32/32/32 33/33/33 34/34/34
f 33/33/33 35/35/35 34/34/34
f 36/36/36 37/37/37 38/38/38
f 37/37/37 39/39/39 38/38/38
f 40/40/40 41/41/41 19/19/19
f 41/41/41 17/17/17 19/19/19
f 42/42/42 43/43/43 40/40/40
f 43/43/43 41/41/41 40/40/40
f 37/37/37 44/44/44 39/39/39
f 44/44/44 45/45/45 39/39/39
f 46/46/46 47/47/47 42/42/42
f 47/47/47 43/43/43 42/42/42
f 44/44/44 48/48/48 45/45/45
f 48/48/48 49/49/49 45/45/45
f 50/50/50 51/51/51 46/46/46
f 51/51/51 47/47/47 46/46/46
f 48/48/48 52/52/52 49/49/49
f 52/52/52 53/53/53 49/49/49
f 54/54/54 55/55/55 56/56/56
f 55/55/55 57/57/57 56/56/56
f 58/58/58 59/59/59 60/60/60
f 59/59/59 61/61/61 60/60/60
f 62/62/62 27/27/27 63/63/63
f 27/27/27 26/26/26 63/63/63
f 64/64/64 65/65/65 66/66/66
f 65/65/65 67/67/67 66/66/66
f 66/66/66 67/67/67 68/68/68
f 67/67/67 69/69/69 68/68/68
f 70/70/70 62/62/62 71/71/71
f 62/62/62 63/63/63 71/71/71
f 68/68/68 69/69/69 72/72/72
f 69/69/69 73/73/73 72/72/72
f 74/74/74 70/70/70 75/75/75
f 70/70/70 71/71/71 75/75/75
f 72/72/72 73/73/73 76/76/76
f 73/73/73 77/77/77 76/76/76
f 78/78/78 74/74/74 79/79/79
f 74/74/74 75/75/75 79/79/79
f 80/80/80 81/81/81 82/82/82
f 81/81/81 83/83/83 82/82/82
f 84/84/84 85/85/85 86/86/86
f 85/85/85 87/87/87 86/86/86
f 88/88/88 89/89/89 80/80/80
f 89/89/89 81/81/81 80/80/80
f 90/90/90 84/84/84 91/91/91
f 84/84/84 86/86/86 91/91/91
f 92/92/92 93/93/93 88/88/88
f 93/93/93 89/89/89 88/88/88
f 94/94/94 90/90/90 95/95/95
f 90/90/90 91/91/91 95/95/95
f 96/96/96 97/97/97 92/92/92
f 97/97/97 93/93/93 92/92/92
f 98/98/98 94/94/94 99/99/99
f 94/94/94 95/95/95 99/99/99
f 100/100/100 101/101/101 102/102/102
f 101/101/101 103/103/103 102/102/102
f 104/104/104 105/105/105 106/106/106
f 105/105/105 107/107/107 106/106/106
f 108/108/108 109/109/109 100/100/100
f 109/109/109 101/101/101 100/100/100
f 110/110/110 104/104/104 111/111/111
f 104/104/104 106/106/106 111/111/111
f 112/112/112 113/113/113 108/108/108
f 113/113/113 109/109/109 108/108/108
f 114/114/114 110/110/110 115/115/115
f 110/110/110 111/111/111 115/115/115
f 116/116/116 117/117/117 112/112/112
f 117/117/117 113/113/113 112/112/112
f 118/118/118 114/114/114 119/119/119
f 114/114/114 115/115/115 119/119/119
f 118/118/118 119/119/119 96/96/96
f 119/119/119 97/97/97 96/96/96
f 120/120/120 121/121/121 122/122/122
f 121/121/121 123/123/123 122/122/122
f 121/121/121 124/124/124 123/123/123
f 124/124/124 125/125/125 123/123/123
f 124/124/124 126/126/126 125/125/125
f 126/126/126 127/127/127 125/125/125
f 126/126/126 128/128/128 127/127/127
f 128/128/128 129/129/129 127/127/127
f 128/128/128 130/130/130 129/129/129
f 130/130/130 131/131/131 129/129/129
f 130/130/130 132/132/132 131/131/131
f 132/132/132 133/133/133 131/131/131
f 132/132/132 134/134/134 133/133/133
f 134/134/134 135/135/135 133/133/133
f 134/134/134 136/136/136 135/135/135
f 136/136/136 137/137/137 135/135/135
f 136/136/136 138/138/138 137/137/137
f 138/138/138 139/139/139 137/137/137
f 138/138/138 140/140/140 139/139/139
f 140/140/140 141/141/141 139/139/139
f 140/140/140 142/142/142 141/141/141
f 142/142/142 143/143/143 141/141/141
f 142/142/142 144/144/144 143/143/143
f 144/144/144 145/145/145 143/143/143
f 144/144/144 146/146/146 145/145/145
f 146/146/146 147/147/147 145/145/145
f 146/146/146 148/148/148 147/147/147
f 148/148/148 149/149/149 147/147/147
f 148/148/148 150/150/150 149/149/149
f 150/150/150 151/151/151 149/149/149
f 150/150/150 152/152/152 151/151/151
f 152/152/152 153/153/153 151/151/151
f 152/152/152 154/154/154 153/153/153
f 154/154/154 155/155/155 153/153/153
f 154/154/154 156/156/156 155/155/155
f 156/156/156 157/157/157 155/155/155
f 156/156/156 158/158/158 157/157/157
f 158/158/158 159/159/159 157/157/157
f 158/158/158 160/160/160 159/159/159
f 160/160/160 161/161/161 159/159/159
f 160/160/160 162/162/162 161/161/161
f 162/162/162 163/163/163 161/161/161
f 116/116/116 98/98/98 117/117/117
f 98/98/98 99/99/99 117/117/117
f 82/82/82 83/83/83 77/77/77
f 83/83/83 76/76/76 77/77/77
f 164/164/164 165/165/165 128/128/128
f 165/165/165 130/130/130 128/128/128
f 166/166/166 164/164/164 126/126/126
f 164/164/164 128/128/128 126/126/126
f 167/167/167 166/166/166 124/124/124
f 166/166/166 126/126/126 124/124/124
f 168/168/168 167/167/167 121/121/121
f 167/167/167 124/124/124 121/121/121
f 169/169/169 170/170/170 158/158/158
f 170/170/170 160/160/160 158/158/158
f 171/171/171 169/169/169 156/156/156
f 169/169/169 158/158/158 156/156/156
f 172/172/172 171/171/171 154/154/154
f 171/171/171 156/156/156 154/154/154
f 173/173/173 172/172/172 152/152/152
f 172/172/172 154/154/154 152/152/152
f 134/134/134 132/132/132 174/174/174
f 132/132/132 175/175/175 174/174/174
f 136/136/136 134/134/134 176/176/176
f 134/134/134 174/174/174 176/176/176
f 138/138/138 136/136/136 177/177/177
f 136/136/136 176/176/176 177/177/177
f 178/178/178 138/138/138 179/179/179
f 138/138/138 177/177/177 179/179/179
f 180/180/180 181/181/181 148/148/148
f 181/181/181 150/150/150 148/148/148
f 182/182/182 180/180/180 146/146/146
f 180/180/180 148/148/148 146/146/146
f 183/183/183 182/182/182 144/144/144
f 182/182/182 146/146/146 144/144/144
f 184/184/184 183/183/183 185/185/185
f 183/183/183 144/144/144 185/185/185
f 186/186/186 187/187/187 188/188/188
f 187/187/187 189/189/189 188/188/188
f 190/190/190 191/191/191 192/192/192
f 191/191/191 193/193/193 192/192/192
f 194/194/194 195/195/195 184/184/184
f 195/195/195 179/179/179 184/184/184
f 152/152/152 150/150/150 173/173/173
f 150/150/150 181/181/181 173/173/173
f 132/132/132 130/130/130 175/175/175
f 130/130/130 165/165/165 175/175/175
f 196/196/196 162/162/162 170/170/170
f 162/162/162 160/160/160 170/170/170
f 120/120/120 197/197/197 121/121/121
f 197/197/197 168/168/168 121/121/121
f 168/168/168 197/197/197 198/198/198
f 197/197/197 199/199/199 198/198/198
f 198/198/198 199/199/199 38/38/38
f 199/199/199 200/200/200 38/38/38
f 65/65/65 201/201/201 202/202/202
f 201/201/201 203/203/203 202/202/202
f 202/202/202 203/203/203 170/170/170
f 203/203/203 196/196/196 170/170/170
f 78/78/78 85/85/85 204/204/204
f 85/85/85 205/205/205 204/204/204
f 204/204/204 205/205/205 206/206/206
f 205/205/205 207/207/207 206/206/206
f 19/19/19 27/27/27 208/208/208
f 27/27/27 209/209/209 208/208/208
f 208/208/208 209/209/209 210/210/210
f 209/209/209 211/211/211 210/210/210
f 102/102/102 50/50/50 212/212/212
f 50/50/50 213/213/213 212/212/212
f 212/212/212 213/213/213 214/214/214
f 213/213/213 215/215/215 214/214/214
f 98/98/98 116/116/116 216/216/216
f 116/116/116 217/217/217 216/216/216
f 216/216/216 217/217/217 218/218/218
f 217/217/217 219/219/219 218/218/218
f 53/53/53 105/105/105 220/220/220
f 105/105/105 221/221/221 220/220/220
f 220/220/220 221/221/221 165/165/165
f 221/221/221 175/175/175 165/165/165
f 82/82/82 77/77/77 222/222/222
f 77/77/77 223/223/223 222/222/222
f 222/222/222 223/223/223 181/181/181
f 223/223/223 173/173/173 181/181/181
f 118/118/118 96/96/96 224/224/224
f 96/96/96 225/225/225 224/224/224
f 224/224/224 225/225/225 179/179/179
f 225/225/225 184/184/184 179/179/179
f 58/58/58 60/60/60 226/226/226
f 60/60/60 227/227/227 226/226/226
f 226/226/226 227/227/227 193/193/193
f 227/227/227 192/192/192 193/193/193
f 55/55/55 54/54/54 228/228/228
f 54/54/54 229/229/229 228/228/228
f 228/228/228 229/229/229 186/186/186
f 229/229/229 187/187/187 186/186/186
f 183/183/183 184/184/184 230/230/230
f 184/184/184 225/225/225 230/230/230
f 230/230/230 225/225/225 92/92/92
f 225/225/225 96/96/96 92/92/92
f 182/182/182 183/183/183 231/231/231
f 183/183/183 230/230/230 231/231/231
f 231/231/231 230/230/230 88/88/88
f 230/230/230 92/92/92 88/88/88
f 180/180/180 182/182/182 232/232/232
f 182/182/182 231/231/231 232/232/232
f 232/232/232 231/231/231 80/80/80
f 231/231/231 88/88/88 80/80/80
f 181/181/181 180/180/180 222/222/222
f 180/180/180 232/232/232 222/222/222
f 222/222/222 232/232/232 82/82/82
f 232/232/232 80/80/80 82/82/82
f 179/179/179 177/177/177 224/224/224
f 177/177/177 233/233/233 224/224/224
f 224/224/224 233/233/233 118/118/118
f 233/233/233 114/114/114 118/118/118
f 177/177/177 176/176/176 233/233/233
f 176/176/176 234/234/234 233/233/233
f 233/233/233 234/234/234 114/114/114
f 234/234/234 110/110/110 114/114/114
f 176/176/176 174/174/174 234/234/234
f 174/174/174 235/235/235 234/234/234
f 234/234/234 235/235/235 110/110/110
f 235/235/235 104/104/104 110/110/110
f 174/174/174 175/175/175 235/235/235
f 175/175/175 221/221/221 235/235/235
f 235/235/235 221/221/221 104/104/104
f 221/221/221 105/105/105 104/104/104
f 172/172/172 173/173/173 236/236/236
f 173/173/173 223/223/223 236/236/236
f 236/236/236 223/223/223 73/73/73
f 223/223/223 77/77/77 73/73/73
f 171/171/171 172/172/172 237/237/237
f 172/172/172 236/236/236 237/237/237
f 237/237/237 236/236/236 69/69/69
f 236/236/236 73/73/73 69/69/69
f 169/169/169 171/171/171 238/238/238
f 171/171/171 237/237/237 238/238/238
f 238/238/238 237/237/237 67/67/67
f 237/237/237 69/69/69 67/67/67
f 170/170/170 169/169/169 202/202/202
f 169/169/169 238/238/238 202/202/202
f 202/202/202 238/238/238 65/65/65
f 238/238/238 67/67/67 65/65/65
f 167/167/167 168/168/168 239/239/239
f 168/168/168 198/198/198 239/239/239
f 239/239/239 198/198/198 39/39/39
f 198/198/198 38/38/38 39/39/39
f 166/166/166 167/167/167 240/240/240
f 167/167/167 239/239/239 240/240/240
f 242/242/242 239/239/239 45/45/45
f 239/239/239 39/39/39 45/45/45
f 164/164/164 166/166/166 243/243/243
f 166/166/166 241/241/241 243/243/243
f 244/244/244 245/245/245 49/49/49
f 245/245/245 45/45/45 49/49/49
f 165/165/165 164/164/164 220/220/220
f 164/164/164 244/244/244 220/220/220
f 220/220/220 246/246/246 53/53/53
f 246/246/246 49/49/49 53/53/53
f 247/247/247 219/219/219 248/248/248
f 219/219/219 217/217/217 248/248/248
f 248/248/248 217/217/217 112/112/112
f 217/217/217 116/116/116 112/112/112
f 249/249/249 247/247/247 250/250/250
f 247/247/247 248/248/248 250/250/250
f 250/250/250 248/248/248 108/108/108
f 248/248/248 112/112/112 108/108/108
f 251/251/251 249/249/249 252/252/252
f 249/249/249 250/250/250 252/252/252
f 252/252/252 250/250/250 100/100/100
f 250/250/250 108/108/108 100/100/100
f 214/214/214 251/251/251 212/212/212
f 251/251/251 252/252/252 212/212/212
f 212/212/212 252/252/252 102/102/102
f 252/252/252 100/100/100 102/102/102
f 218/218/218 253/253/253 216/216/216
f 253/253/253 254/254/254 216/216/216
f 216/216/216 254/254/254 98/98/98
f 254/254/254 94/94/94 98/98/98
f 253/253/253 255/255/255 254/254/254
f 255/255/255 256/256/256 254/254/254
f 254/254/254 256/256/256 94/94/94
f 256/256/256 90/90/90 94/94/94
f 255/255/255 257/257/257 256/256/256
f 257/257/257 258/258/258 256/256/256
f 256/256/256 258/258/258 90/90/90
f 258/258/258 84/84/84 90/90/90
f 257/257/257 207/207/207 258/258/258
f 207/207/207 205/205/205 258/258/258
f 258/258/258 205/205/205 84/84/84
f 205/205/205 85/85/85 84/84/84
f 259/259/259 215/215/215 260/260/260
f 215/215/215 213/213/213 260/260/260
f 260/260/260 213/213/213 46/46/46
f 213/213/213 50/50/50 46/46/46
f 261/261/261 259/259/259 262/262/262
f 259/259/259 260/260/260 262/262/262
f 262/262/262 260/260/260 42/42/42
f 260/260/260 46/46/46 42/42/42
f 263/263/263 261/261/261 264/264/264
f 261/261/261 262/262/262 264/264/264
f 266/266/266 262/262/262 40/40/40
f 262/262/262 42/42/42 40/40/40
f 210/210/210 263/263/263 208/208/208
f 263/263/263 265/265/265 208/208/208
f 208/208/208 267/267/267 19/19/19
f 267/267/267 40/40/40 19/19/19
f 268/268/268 211/211/211 269/269/269
f 211/211/211 209/209/209 269/269/269
f 269/269/269 209/209/209 62/62/62
f 209/209/209 27/27/27 62/62/62
f 270/270/270 268/268/268 271/271/271
f 268/268/268 269/269/269 271/271/271
f 273/273/273 269/269/269 70/70/70
f 269/269/269 62/62/62 70/70/70
f 274/274/274 270/270/270 275/275/275
f 270/270/270 272/272/272 275/275/275
f 276/276/276 277/277/277 74/74/74
f 277/277/277 70/70/70 74/74/74
f 206/206/206 274/274/274 204/204/204
f 274/274/274 276/276/276 204/204/204
f 204/204/204 278/278/278 78/78/78
f 278/278/278 74/74/74 78/78/78
f 279/279/279 280/280/280 281/281/281
f 280/280/280 282/282/282 281/281/281
f 283/283/283 284/284/284 285/285/285
f 284/284/284 286/286/286 285/285/285
f 281/281/281 282/282/282 287/287/287
f 282/282/282 288/288/288 287/287/287
f 289/289/289 290/290/290 291/291/291
f 290/290/290 292/292/292 291/291/291
f 287/287/287 288/288/288 293/293/293
f 288/288/288 294/294/294 293/293/293
f 295/295/295 296/296/296 297/297/297
f 296/296/296 298/298/298 297/297/297
f 293/293/293 294/294/294 299/299/299
f 294/294/294 300/300/300 299/299/299
f 301/301/301 302/302/302 303/303/303
f 302/302/302 304/304/304 303/303/303
f 299/299/299 300/300/300 305/305/305
f 300/300/300 306/306/306 305/305/305
f 307/307/307 308/308/308 309/309/309
f 308/308/308 310/310/310 309/309/309
f 305/305/305 306/306/306 311/311/311
f 306/306/306 312/312/312 311/311/311
f 313/313/313 314/314/314 315/315/315
f 314/314/314 316/316/316 315/315/315
f 311/311/311 312/312/312 317/317/317
f 312/312/312 318/318/318 317/317/317
f 319/319/319 320/320/320 321/321/321
f 320/320/320 322/322/322 321/321/321
f 317/317/317 318/318/318 323/323/323
f 318/318/318 324/324/324 323/323/323
f 325/325/325 326/326/326 327/327/327
f 326/326/326 328/328/328 327/327/327
f 323/323/323 324/324/324 329/329/329
f 324/324/324 330/330/330 329/329/329
f 331/331/331 332/332/332 333/333/333
f 332/332/332 334/334/334 333/333/333
f 329/329/329 330/330/330 335/335/335
f 330/330/330 336/336/336 335/335/335
f 337/337/337 338/338/338 339/339/339
f 338/338/338 340/340/340 339/339/339
f 341/341/341 342/342/342 343/343/343
f 342/342/342 344/344/344 343/343/343
f 345/345/345 346/346/346 347/347/347
f 346/346/346 348/348/348 347/347/347
f 349/349/349 350/350/350 351/351/351
f 350/350/350 352/352/352 351/351/351
f 353/353/353 354/354/354 355/355/355
f 354/354/354 356/356/356 355/355/355
f 357/357/357 358/358/358 359/359/359
f 358/358/358 360/360/360 359/359/359
f 361/361/361 362/362/362 363/363/363
f 362/362/362 364/364/364 363/363/363
f 365/365/365 366/366/366 367/367/367
f 366/366/366 368/368/368 367/367/367
f 369/369/369 370/370/370 371/371/371
f 370/370/370 372/372/372 371/371/371
f 373/373/373 374/374/374 375/375/375
f 374/374/374 376/376/376 375/375/375
f 377/377/377 378/378/378 379/379/379
f 378/378/378 380/380/380 379/379/379
f 381/381/381 382/382/382 383/383/383
f 384/384/384 385/385/385 386/386/386
f 387/387/387 388/388/388 390/390/390
f 388/388/388 391/391/391 390/390/390
f 392/392/392 393/393/393 394/394/394
f 395/395/395 396/396/396 397/397/397
f 396/396/396 389/389/389 397/397/397
f 398/398/398 399/399/399 400/400/400
f 401/401/401 402/402/402 403/403/403
f 402/402/402 397/397/397 403/403/403
f 404/404/404 405/405/405 406/406/406
f 407/407/407 408/408/408 409/409/409
f 408/408/408 403/403/403 409/409/409
f 410/410/410 411/411/411 412/412/412
f 413/413/413 414/414/414 415/415/415
f 414/414/414 409/409/409 415/415/415
f 416/416/416 417/417/417 418/418/418
f 419/419/419 420/420/420 421/421/421
f 420/420/420 415/415/415 421/421/421
f 422/422/422 423/423/423 424/424/424
f 425/425/425 426/426/426 427/427/427
f 426/426/426 421/421/421 427/427/427
f 428/428/428 429/429/429 430/430/430
f 431/431/431 432/432/432 391/391/391
f 432/432/432 433/433/433 391/391/391
f 434/434/434 435/435/435 436/436/436
f 437/437/437 438/438/438 433/433/433
f 438/438/438 439/439/439 433/433/433
f 441/441/441 442/442/442 443/443/443
f 444/444/444 445/445/445 440/440/440
f 445/445/445 446/446/446 440/440/440
f 447/447/447 448/448/448 449/449/449
f 450/450/450 451/451/451 446/446/446
f 451/451/451 452/452/452 446/446/446
f 453/453/453 454/454/454 455/455/455
f 456/456/456 457/457/457 458/458/458
f 459/459/459 460/460/460 452/452/452
f 460/460/460 461/461/461 452/452/452
f 462/462/462 463/463/463 461/461/461
f 463/463/463 464/464/464 461/461/461
f 465/465/465 466/466/466 467/467/467
f 468/468/468 469/469/469 464/464/464
f 469/469/469 470/470/470 464/464/464
f 471/471/471 472/472/472 473/473/473
f 474/474/474 475/475/475 470/470/470
f 475/475/475 476/476/476 470/470/470
f 477/477/477 478/478/478 479/479/479
f 480/480/480 481/481/481 476/476/476
f 481/481/481 483/483/483 476/476/476
f 484/484/484 485/485/485 486/486/486
f 487/487/487 488/488/488 482/482/482
f 488/488/488 489/489/489 482/482/482
f 490/490/490 491/491/491 492/492/492
f 493/493/493 494/494/494 489/489/489
f 494/494/494 495/495/495 489/489/489
f 496/496/496 497/497/497 498/498/498
f 499/499/499 500/500/500 501/501/501
f 500/500/500 427/427/427 501/501/501
f 503/503/503 504/504/504 495/495/495
f 504/504/504 502/502/502 495/495/495
f 505/505/505 506/506/506 507/507/507
f 506/506/506 508/508/508 507/507/507
f 508/508/508 509/509/509 507/507/507
f 509/509/509 510/510/510 507/507/507
f 510/510/510 511/511/511 507/507/507
f 511/511/511 512/512/512 507/507/507
f 512/512/512 513/513/513 507/507/507
f 513/513/513 514/514/514 507/507/507
f 514/514/514 515/515/515 507/507/507
f 515/515/515 516/516/516 507/507/507
f 516/516/516 517/517/517 507/507/507
f 517/517/517 518/518/518 507/507/507
f 518/518/518 519/519/519 507/507/507
f 519/519/519 520/520/520 507/507/507
f 520/520/520 521/521/521 507/507/507
f 521/521/521 522/522/522 507/507/507
f 522/522/522 523/523/523 507/507/507
f 523/523/523 524/524/524 507/507/507
f 335/335/335 336/336/336 525/525/525
f 336/336/336 526/526/526 525/525/525
f 525/525/525 526/526/526 527/527/527
f 526/526/526 528/528/528 527/527/527
f 425/425/425 504/504/504 529/529/529
f 504/504/504 530/530/530 529/529/529
f 527/527/527 528/528/528 531/531/531
f 528/528/528 532/532/532 531/531/531
f 531/531/531 532/532/532 533/533/533
f 532/532/532 534/534/534 533/533/533
f 533/533/533 534/534/534 535/535/535
f 534/534/534 536/536/536 535/535/535
f 503/503/503 488/488/488 537/537/537
f 488/488/488 538/538/538 537/537/537
f 535/535/535 536/536/536 539/539/539
f 536/536/536 540/540/540 539/539/539
f 539/539/539 540/540/540 541/541/541
f 540/540/540 542/542/542 541/541/541
f 541/541/541 542/542/542 543/543/543
f 542/542/542 544/544/544 543/543/543
f 487/487/487 475/475/475 545/545/545
f 475/475/475 546/546/546 545/545/545
f 543/543/543 544/544/544 547/547/547
f 544/544/544 548/548/548 547/547/547
f 547/547/547 548/548/548 279/279/279
f 548/548/548 280/280/280 279/279/279
f 549/549/549 550/550/550 426/426/426
f 550/550/550 551/551/551 426/426/426
f 551/551/551 552/552/552 426/426/426
f 552/552/552 553/553/553 426/426/426
f 474/474/474 463/463/463 554/554/554
f 463/463/463 555/555/555 554/554/554
f 556/556/556 413/413/413 557/557/557
f 413/413/413 558/558/558 557/557/557
f 558/558/558 559/559/559 557/557/557
f 559/559/559 560/560/560 557/557/557
f 560/560/560 559/559/559 551/551/551
f 559/559/559 552/552/552 551/551/551
f 561/561/561 562/562/562 414/414/414
f 562/562/562 563/563/563 414/414/414
f 563/563/563 564/564/564 414/414/414
f 564/564/564 565/565/565 414/414/414
f 462/462/462 451/451/451 566/566/566
f 451/451/451 567/567/567 566/566/566
f 568/568/568 401/401/401 569/569/569
f 401/401/401 570/570/570 569/569/569
f 570/570/570 571/571/571 569/569/569
f 571/571/571 572/572/572 569/569/569
f 572/572/572 571/571/571 563/563/563
f 571/571/571 564/564/564 563/563/563
f 573/573/573 574/574/574 402/402/402
f 574/574/574 575/575/575 402/402/402
f 575/575/575 576/576/576 402/402/402
f 576/576/576 577/577/577 402/402/402
f 450/450/450 438/438/438 578/578/578
f 438/438/438 579/579/579 578/578/578
f 580/580/580 387/387/387 581/581/581
f 387/387/387 582/582/582 581/581/581
f 582/582/582 583/583/583 581/581/581
f 583/583/583 584/584/584 581/581/581
f 584/584/584 583/583/583 575/575/575
f 583/583/583 576/576/576 575/575/575
f 585/585/585 586/586/586 388/388/388
f 586/586/586 587/587/587 388/388/388
f 587/587/587 588/588/588 388/388/388
f 588/588/588 589/589/589 388/388/388
f 437/437/437 388/388/388 590/590/590
f 388/388/388 589/589/589 590/590/590
f 591/591/591 437/437/437 592/592/592
f 437/437/437 590/590/590 592/592/592
f 590/590/590 593/593/593 592/592/592
f 593/593/593 594/594/594 592/592/592
f 594/594/594 593/593/593 587/587/587
f 593/593/593 588/588/588 587/587/587
f 595/595/595 596/596/596 438/438/438
f 596/596/596 597/597/597 438/438/438
f 597/597/597 598/598/598 438/438/438
f 598/598/598 579/579/579 438/438/438
f 387/387/387 402/402/402 582/582/582
f 402/402/402 577/577/577 582/582/582
f 599/599/599 450/450/450 600/600/600
f 450/450/450 578/578/578 600/600/600
f 578/578/578 601/601/601 600/600/600
f 601/601/601 602/602/602 600/600/600
f 602/602/602 601/601/601 597/597/597
f 601/601/601 598/598/598 597/597/597
f 603/603/603 604/604/604 451/451/451
f 604/604/604 605/605/605 451/451/451
f 605/605/605 606/606/606 451/451/451
f 606/606/606 567/567/567 451/451/451
f 401/401/401 414/414/414 570/570/570
f 414/414/414 565/565/565 570/570/570
f 607/607/607 462/462/462 608/608/608
f 462/462/462 566/566/566 608/608/608
f 566/566/566 609/609/609 608/608/608
f 609/609/609 610/610/610 608/608/608
f 610/610/610 609/609/609 605/605/605
f 609/609/609 606/606/606 605/605/605
f 611/611/611 612/612/612 463/463/463
f 612/612/612 613/613/613 463/463/463
f 613/613/613 614/614/614 463/463/463
f 614/614/614 555/555/555 463/463/463
f 413/413/413 426/426/426 558/558/558
f 426/426/426 553/553/553 558/558/558
f 615/615/615 474/474/474 616/616/616
f 474/474/474 554/554/554 616/616/616
f 554/554/554 617/617/617 616/616/616
f 617/617/617 618/618/618 616/616/616
f 619/619/619 620/620/620 621/621/621
f 620/620/620 622/622/622 621/621/621
f 623/623/623 624/624/624 625/625/625
f 624/624/624 626/626/626 625/625/625
f 627/627/627 628/628/628 629/629/629
f 628/628/628 630/630/630 629/629/629
f 631/631/631 632/632/632 633/633/633
f 632/632/632 634/634/634 633/633/633
f 635/635/635 636/636/636 637/637/637
f 636/636/636 638/638/638 637/637/637
f 639/639/639 640/640/640 641/641/641
f 640/640/640 642/642/642 641/641/641
f 643/643/643 644/644/644 645/645/645
f 644/644/644 646/646/646 645/645/645
f 647/647/647 648/648/648 649/649/649
f 648/648/648 650/650/650 649/649/649
f 651/651/651 652/652/652 653/653/653
f 652/652/652 654/654/654 653/653/653
f 655/655/655 656/656/656 657/657/657
f 656/656/656 658/658/658 657/657/657
f 659/659/659 660/660/660 661/661/661
f 660/660/660 662/662/662 661/661/661
f 663/663/663 664/664/664 665/665/665
f 664/664/664 666/666/666 665/665/665
f 667/667/667 668/668/668 669/669/669
f 668/668/668 670/670/670 669/669/669
f 671/671/671 672/672/672 673/673/673
f 672/672/672 674/674/674 673/673/673
f 675/675/675 676/676/676 677/677/677
f 676/676/676 678/678/678 677/677/677
f 679/679/679 680/680/680 681/681/681
f 680/680/680 682/682/682 681/681/681
f 683/683/683 684/684/684 685/685/685
f 684/684/684 686/686/686 685/685/685
f 687/687/687 688/688/688 689/689/689
f 688/688/688 690/690/690 689/689/689
f 691/691/691 692/692/692 693/693/693
f 692/692/692 694/694/694 693/693/693
f 695/695/695 696/696/696 697/697/697
f 696/696/696 698/698/698 697/697/697
f 699/699/699 700/700/700 701/701/701
f 700/700/700 702/702/702 701/701/701
f 703/703/703 704/704/704 705/705/705
f 704/704/704 706/706/706 705/705/705
f 707/707/707 708/708/708 709/709/709
f 708/708/708 710/710/710 709/709/709
f 711/711/711 712/712/712 713/713/713
f 712/712/712 714/714/714 713/713/713
f 715/715/715 716/716/716 717/717/717
f 716/716/716 718/718/718 717/717/717
f 719/719/719 720/720/720 721/721/721
f 720/720/720 722/722/722 721/721/721
f 723/723/723 724/724/724 725/725/725
f 724/724/724 726/726/726 725/725/725
f 727/727/727 728/728/728 729/729/729
f 728/728/728 730/730/730 729/729/729
f 731/731/731 732/732/732 733/733/733
f 732/732/732 734/734/734 733/733/733
f 735/735/735 736/736/736 737/737/737
f 736/736/736 738/738/738 737/737/737
f 739/739/739 740/740/740 741/741/741
f 740/740/740 742/742/742 741/741/741
f 743/743/743 744/744/744 745/745/745
f 744/744/744 746/746/746 745/745/745
f 747/747/747 748/748/748 749/749/749
f 748/748/748 750/750/750 749/749/749
f 751/751/751 752/752/752 753/753/753
f 752/752/752 754/754/754 753/753/753
f 755/755/755 756/756/756 757/757/757
f 756/756/756 758/758/758 757/757/757
f 759/759/759 760/760/760 761/761/761
f 760/760/760 762/762/762 761/761/761
f 763/763/763 764/764/764 765/765/765
f 764/764/764 766/766/766 765/765/765
f 767/767/767 768/768/768 769/769/769
f 768/768/768 770/770/770 769/769/769
f 771/771/771 772/772/772 773/773/773
f 772/772/772 774/774/774 773/773/773
f 775/775/775 776/776/776 777/777/777
f 776/776/776 778/778/778 777/777/777
f 618/618/618 617/617/617 613/613/613
f 617/617/617 614/614/614 613/613/613
f 779/779/779 780/780/780 475/475/475
f 780/780/780 781/781/781 475/475/475
f 781/781/781 782/782/782 475/475/475
f 782/782/782 546/546/546 475/475/475
f 783/783/783 487/487/487 784/784/784
f 487/487/487 545/545/545 784/784/784
f 545/545/545 785/785/785 784/784/784
f 785/785/785 786/786/786 784/784/784
f 786/786/786 785/785/785 781/781/781
f 785/785/785 782/782/782 781/781/781
f 787/787/787 788/788/788 488/488/488
f 788/788/788 789/789/789 488/488/488
f 789/789/789 790/790/790 488/488/488
f 790/790/790 538/538/538 488/488/488
f 791/791/791 503/503/503 792/792/792
f 503/503/503 537/537/537 792/792/792
f 537/537/537 793/793/793 792/792/792
f 793/793/793 794/794/794 792/792/792
f 794/794/794 793/793/793 789/789/789
f 793/793/793 790/790/790 789/789/789
f 795/795/795 796/796/796 504/504/504
f 796/796/796 797/797/797 504/504/504
f 797/797/797 798/798/798 504/504/504
f 798/798/798 530/530/530 504/504/504
f 799/799/799 425/425/425 800/800/800
f 425/425/425 529/529/529 800/800/800
f 529/529/529 801/801/801 800/800/800
f 801/801/801 802/802/802 800/800/800
f 802/802/802 801/801/801 797/797/797
f 801/801/801 798/798/798 797/797/797
f 791/791/791 795/795/795 503/503/503
f 795/795/795 504/504/504 503/503/503
f 783/783/783 787/787/787 487/487/487
f 787/787/787 488/488/488 487/487/487
f 615/615/615 779/779/779 474/474/474
f 779/779/779 475/475/475 474/474/474
f 607/607/607 611/611/611 462/462/462
f 611/611/611 463/463/463 462/462/462
f 599/599/599 603/603/603 450/450/450
f 603/603/603 451/451/451 450/450/450
f 591/591/591 595/595/595 437/437/437
f 595/595/595 438/438/438 437/437/437
f 580/580/580 585/585/585 387/387/387
f 585/585/585 388/388/388 387/387/387
f 568/568/568 573/573/573 401/401/401
f 573/573/573 402/402/402 401/401/401
f 556/556/556 561/561/561 413/413/413
f 561/561/561 414/414/414 413/413/413
f 799/799/799 549/549/549 425/425/425
f 549/549/549 426/426/426 425/425/425
f 279/279/279 281/281/281 803/803/803
f 281/281/281 804/804/804 803/803/803
f 803/803/803 804/804/804 799/799/799
f 804/804/804 549/549/549 799/799/799
f 287/287/287 293/293/293 805/805/805
f 293/293/293 806/806/806 805/805/805
f 805/805/805 806/806/806 556/556/556
f 806/806/806 561/561/561 556/556/556
f 299/299/299 305/305/305 807/807/807
f 305/305/305 808/808/808 807/807/807
f 807/807/807 808/808/808 568/568/568
f 808/808/808 573/573/573 568/568/568
f 311/311/311 317/317/317 809/809/809
f 317/317/317 810/810/810 809/809/809
f 809/809/809 810/810/810 580/580/580
f 810/810/810 585/585/585 580/580/580
f 323/323/323 329/329/329 811/811/811
f 329/329/329 812/812/812 811/811/811
f 811/811/811 812/812/812 591/591/591
f 812/812/812 595/595/595 591/591/591
f 335/335/335 525/525/525 813/813/813
f 525/525/525 814/814/814 813/813/813
f 813/813/813 814/814/814 599/599/599
f 814/814/814 603/603/603 599/599/599
f 527/527/527 531/531/531 815/815/815
f 531/531/531 816/816/816 815/815/815
f 815/815/815 816/816/816 607/607/607
f 816/816/816 611/611/611 607/607/607
f 533/533/533 535/535/535 817/817/817
f 535/535/535 818/818/818 817/817/817
f 817/817/817 818/818/818 615/615/615
f 818/818/818 779/779/779 615/615/615
f 539/539/539 541/541/541 819/819/819
f 541/541/541 820/820/820 819/819/819
f 819/819/819 820/820/820 783/783/783
f 820/820/820 787/787/787 783/783/783
f 543/543/543 547/547/547 821/821/821
f 547/547/547 822/822/822 821/821/821
f 821/821/821 822/822/822 791/791/791
f 822/822/822 795/795/795 791/791/791
f 547/547/547 279/279/279 823/823/823
f 279/279/279 824/824/824 823/823/823
f 823/823/823 824/824/824 797/797/797
f 824/824/824 802/802/802 797/797/797
f 541/541/541 543/543/543 825/825/825
f 543/543/543 826/826/826 825/825/825
f 825/825/825 826/826/826 789/789/789
f 826/826/826 794/794/794 789/789/789
f 535/535/535 539/539/539 827/827/827
f 539/539/539 828/828/828 827/827/827
f 827/827/827 828/828/828 781/781/781
f 828/828/828 786/786/786 781/781/781
f 531/531/531 533/533/533 829/829/829
f 533/533/533 830/830/830 829/829/829
f 829/829/829 830/830/830 613/613/613
f 830/830/830 618/618/618 613/613/613
f 525/525/525 527/527/527 831/831/831
f 527/527/527 832/832/832 831/831/831
f 831/831/831 832/832/832 605/605/605
f 832/832/832 610/610/610 605/605/605
f 329/329/329 335/335/335 833/833/833
f 335/335/335 834/834/834 833/833/833
f 833/833/833 834/834/834 597/597/597
f 834/834/834 602/602/602 597/597/597
f 317/317/317 323/323/323 835/835/835
f 323/323/323 836/836/836 835/835/835
f 835/835/835 836/836/836 587/587/587
f 836/836/836 594/594/594 587/587/587
f 305/305/305 311/311/311 837/837/837
f 311/311/311 838/838/838 837/837/837
f 837/837/837 838/838/838 575/575/575
f 838/838/838 584/584/584 575/575/575
f 293/293/293 299/299/299 839/839/839
f 299/299/299 840/840/840 839/839/839
f 839/839/839 840/840/840 563/563/563
f 840/840/840 572/572/572 563/563/563
f 281/281/281 287/287/287 841/841/841
f 287/287/287 842/842/842 841/841/841
f 841/841/841 842/842/842 551/551/551
f 842/842/842 560/560/560 551/551/551
f 800/800/800 802/802/802 843/843/843
f 802/802/802 824/824/824 843/843/843
f 799/799/799 800/800/800 803/803/803
f 800/800/800 843/843/843 803/803/803
f 843/843/843 824/824/824 279/279/279
f 803/803/803 843/843/843 279/279/279
f 550/550/550 549/549/549 844/844/844
f 549/549/549 804/804/804 844/844/844
f 551/551/551 550/550/550 841/841/841
f 550/550/550 844/844/844 841/841/841
f 844/844/844 804/804/804 281/281/281
f 841/841/841 844/844/844 281/281/281
f 557/557/557 560/560/560 845/845/845
f 560/560/560 842/842/842 845/845/845
f 556/556/556 557/557/557 805/805/805
f 557/557/557 845/845/845 805/805/805
f 845/845/845 842/842/842 287/287/287
f 805/805/805 845/845/845 287/287/287
f 562/562/562 561/561/561 846/846/846
f 561/561/561 806/806/806 846/846/846
f 563/563/563 562/562/562 839/839/839
f 562/562/562 846/846/846 839/839/839
f 846/846/846 806/806/806 293/293/293
f 839/839/839 846/846/846 293/293/293
f 569/569/569 572/572/572 847/847/847
f 572/572/572 840/840/840 847/847/847
f 568/568/568 569/569/569 807/807/807
f 569/569/569 847/847/847 807/807/807
f 847/847/847 840/840/840 299/299/299
f 807/807/807 847/847/847 299/299/299
f 574/574/574 573/573/573 848/848/848
f 573/573/573 808/808/808 848/848/848
f 575/575/575 574/574/574 837/837/837
f 574/574/574 848/848/848 837/837/837
f 848/848/848 808/808/808 305/305/305
f 837/837/837 848/848/848 305/305/305
f 581/581/581 584/584/584 849/849/849
f 584/584/584 838/838/838 849/849/849
f 580/580/580 581/581/581 809/809/809
f 581/581/581 849/849/849 809/809/809
f 849/849/849 838/838/838 311/311/311
f 809/809/809 849/849/849 311/311/311
f 586/586/586 585/585/585 850/850/850
f 585/585/585 810/810/810 850/850/850
f 587/587/587 586/586/586 835/835/835
f 586/586/586 850/850/850 835/835/835
f 850/850/850 810/810/810 317/317/317
f 835/835/835 850/850/850 317/317/317
f 592/592/592 594/594/594 851/851/851
f 594/594/594 836/836/836 851/851/851
f 591/591/591 592/592/592 811/811/811
f 592/592/592 851/851/851 811/811/811
f 851/851/851 836/836/836 323/323/323
f 811/811/811 851/851/851 323/323/323
f 596/596/596 595/595/595 852/852/852
f 595/595/595 812/812/812 852/852/852
f 597/597/597 596/596/596 833/833/833
f 596/596/596 852/852/852 833/833/833
f 852/852/852 812/812/812 329/329/329
f 833/833/833 852/852/852 329/329/329
f 600/600/600 602/602/602 853/853/853
f 602/602/602 834/834/834 853/853/853
f 599/599/599 600/600/600 813/813/813
f 600/600/600 853/853/853 813/813/813
f 853/853/853 834/834/834 335/335/335
f 813/813/813 853/853/853 335/335/335
f 604/604/604 603/603/603 854/854/854
f 603/603/603 814/814/814 854/854/854
f 605/605/605 604/604/604 831/831/831
f 604/604/604 854/854/854 831/831/831
f 854/854/854 814/814/814 525/525/525
f 831/831/831 854/854/854 525/525/525
f 608/608/608 610/610/610 855/855/855
f 610/610/610 832/832/832 855/855/855
f 607/607/607 608/608/608 815/815/815
f 608/608/608 855/855/855 815/815/815
f 855/855/855 832/832/832 527/527/527
f 815/815/815 855/855/855 527/527/527
f 612/612/612 611/611/611 856/856/856
f 611/611/611 816/816/816 856/856/856
f 613/613/613 612/612/612 829/829/829
f 612/612/612 856/856/856 829/829/829
f 856/856/856 816/816/816 531/531/531
f 829/829/829 856/856/856 531/531/531
f 616/616/616 618/618/618 857/857/857
f 618/618/618 830/830/830 857/857/857
f 615/615/615 616/616/616 817/817/817
f 616/616/616 857/857/857 817/817/817
f 857/857/857 830/830/830 533/533/533
f 817/817/817 857/857/857 533/533/533
f 780/780/780 779/779/779 858/858/858
f 779/779/779 818/818/818 858/858/858
f 781/781/781 780/780/780 827/827/827
f 780/780/780 858/858/858 827/827/827
f 858/858/858 818/818/818 535/535/535
f 827/827/827 858/858/858 535/535/535
f 784/784/784 786/786/786 859/859/859
f 786/786/786 828/828/828 859/859/859
f 783/783/783 784/784/784 819/819/819
f 784/784/784 859/859/859 819/819/819
f 859/859/859 828/828/828 539/539/539
f 819/819/819 859/859/859 539/539/539
f 788/788/788 787/787/787 860/860/860
f 787/787/787 820/820/820 860/860/860
f 789/789/789 788/788/788 825/825/825
f 788/788/788 860/860/860 825/825/825
f 860/860/860 820/820/820 541/541/541
f 825/825/825 860/860/860 541/541/541
f 792/792/792 794/794/794 861/861/861
f 794/794/794 826/826/826 861/861/861
f 791/791/791 792/792/792 821/821/821
f 792/792/792 861/861/861 821/821/821
f 861/861/861 826/826/826 543/543/543
f 821/821/821 861/861/861 543/543/543
f 796/796/796 795/795/795 862/862/862
f 795/795/795 822/822/822 862/862/862
f 797/797/797 796/796/796 823/823/823
f 796/796/796 862/862/862 823/823/823
f 862/862/862 822/822/822 547/547/547
f 823/823/823 862/862/862 547/547/547
f 863/863/863 864/864/864 865/865/865
f 864/864/864 866/866/866 865/865/865
f 867/867/867 868/868/868 869/869/869
f 868/868/868 870/870/870 869/869/869
f 871/871/871 872/872/872 873/873/873
f 872/872/872 874/874/874 873/873/873
f 875/875/875 863/863/863 876/876/876
f 863/863/863 865/865/865 876/876/876
f 869/869/869 870/870/870 877/877/877
f 870/870/870 878/878/878 877/877/877
f 879/879/879 880/880/880 871/871/871
f 880/880/880 872/872/872 871/871/871
f 881/881/881 875/875/875 882/882/882
f 875/875/875 876/876/876 882/882/882
f 877/877/877 878/878/878 883/883/883
f 878/878/878 884/884/884 883/883/883
f 885/885/885 886/886/886 879/879/879
f 886/886/886 880/880/880 879/879/879
f 887/887/887 881/881/881 888/888/888
f 881/881/881 882/882/882 888/888/888
f 883/883/883 884/884/884 889/889/889
f 884/884/884 890/890/890 889/889/889
f 891/891/891 892/892/892 885/885/885
f 892/892/892 886/886/886 885/885/885
f 893/893/893 887/887/887 894/894/894
f 887/887/887 888/888/888 894/894/894
f 889/889/889 890/890/890 895/895/895
f 890/890/890 896/896/896 895/895/895
f 897/897/897 898/898/898 891/891/891
f 898/898/898 892/892/892 891/891/891
f 899/899/899 893/893/893 900/900/900
f 893/893/893 894/894/894 900/900/900
f 895/895/895 896/896/896 901/901/901
f 896/896/896 902/902/902 901/901/901
f 903/903/903 904/904/904 897/897/897
f 904/904/904 898/898/898 897/897/897
f 905/905/905 899/899/899 906/906/906
f 899/899/899 900/900/900 906/906/906
f 901/901/901 902/902/902 907/907/907
f 902/902/902 908/908/908 907/907/907
f 909/909/909 910/910/910 903/903/903
f 910/910/910 904/904/904 903/903/903
f 911/911/911 905/905/905 912/912/912
f 905/905/905 906/906/906 912/912/912
f 907/907/907 908/908/908 913/913/913
f 908/908/908 914/914/914 913/913/913
f 915/915/915 916/916/916 909/909/909
f 916/916/916 910/910/910 909/909/909
f 917/917/917 911/911/911 918/918/918
f 911/911/911 912/912/912 918/918/918
f 913/913/913 914/914/914 919/919/919
f 914/914/914 920/920/920 919/919/919
f 921/921/921 922/922/922 915/915/915
f 922/922/922 916/916/916 915/915/915
f 923/923/923 917/917/917 924/924/924
f 917/917/917 918/918/918 924/924/924
f 919/919/919 920/920/920 925/925/925
f 920/920/920 926/926/926 925/925/925
f 927/927/927 928/928/928 921/921/921
f 928/928/928 922/922/922 921/921/921
f 929/929/929 923/923/923 930/930/930
f 923/923/923 924/924/924 930/930/930
f 925/925/925 926/926/926 931/931/931
f 926/926/926 932/932/932 931/931/931
f 933/933/933 934/934/934 927/927/927
f 934/934/934 928/928/928 927/927/927
f 935/935/935 936/936/936 937/937/937
f 936/936/936 938/938/938 937/937/937
f 939/939/939 940/940/940 935/935/935
f 940/940/940 936/936/936 935/935/935
f 941/941/941 942/942/942 939/939/939
f 942/942/942 940/940/940 939/939/939
f 943/943/943 944/944/944 941/941/941
f 944/944/944 942/942/942 941/941/941
f 945/945/945 946/946/946 943/943/943
f 946/946/946 944/944/944 943/943/943
f 947/947/947 948/948/948 945/945/945
f 948/948/948 946/946/946 945/945/945
f 949/949/949 950/950/950 947/947/947
f 950/950/950 948/948/948 947/947/947
f 951/951/951 952/952/952 949/949/949
f 952/952/952 950/950/950 949/949/949
f 953/953/953 954/954/954 951/951/951
f 954/954/954 952/952/952 951/951/951
f 955/955/955 956/956/956 953/953/953
f 956/956/956 954/954/954 953/953/953
f 957/957/957 958/958/958 955/955/955
f 958/958/958 956/956/956 955/955/955
f 959/959/959 960/960/960 961/961/961
f 960/960/960 962/962/962 961/961/961
f 963/963/963 964/964/964 965/965/965
f 964/964/964 966/966/966 965/965/965
f 960/960/960 967/967/967 962/962/962
f 967/967/967 968/968/968 962/962/962
f 969/969/969 963/963/963 970/970/970
f 963/963/963 965/965/965 970/970/970
f 967/967/967 971/971/971 968/968/968
f 971/971/971 972/972/972 968/968/968
f 973/973/973 969/969/969 974/974/974
f 969/969/969 970/970/970 974/974/974
f 971/971/971 975/975/975 972/972/972
f 975/975/975 976/976/976 972/972/972
f 977/977/977 973/973/973 978/978/978
f 973/973/973 974/974/974 978/978/978
f 975/975/975 979/979/979 976/976/976
f 979/979/979 980/980/980 976/976/976
f 981/981/981 977/977/977 982/982/982
f 977/977/977 978/978/978 982/982/982
f 979/979/979 983/983/983 980/980/980
f 983/983/983 984/984/984 980/980/980
f 985/985/985 981/981/981 986/986/986
f 981/981/981 982/982/982 986/986/986
f 983/983/983 987/987/987 984/984/984
f 987/987/987 988/988/988 984/984/984
f 989/989/989 985/985/985 990/990/990
f 985/985/985 986/986/986 990/990/990
f 987/987/987 991/991/991 988/988/988
f 991/991/991 992/992/992 988/988/988
f 993/993/993 989/989/989 994/994/994
f 989/989/989 990/990/990 994/994/994
f 991/991/991 995/995/995 992/992/992
f 995/995/995 996/996/996 992/992/992
f 997/997/997 993/993/993 998/998/998
f 993/993/993 994/994/994 998/998/998
f 995/995/995 999/999/999 996/996/996
f 999/999/999 1000/1000/1000 996/996/996
f 1001/1001/1001 997/997/997 1002/1002/1002
f 997/997/997 998/998/998 1002/1002/1002
f 999/999/999 1003/1003/1003 1000/1000/1000
f 1003/1003/1003 1004/1004/1004 1000/1000/1000
f 1005/1005/1005 1001/1001/1001 1006/1006/1006
f 1001/1001/1001 1002/1002/1002 1006/1006/1006
f 1007/1007/1007 1008/1008/1008 1009/1009/1009
f 1008/1008/1008 1010/1010/1010 1009/1009/1009
f 1011/1011/1011 1012/1012/1012 1013/1013/1013
f 1012/1012/1012 1014/1014/1014 1013/1013/1013
f 1015/1015/1015 1007/1007/1007 1016/1016/1016
f 1007/1007/1007 1009/1009/1009 1016/1016/1016
f 1012/1012/1012 1017/1017/1017 1014/1014/1014
f 1017/1017/1017 1018/1018/1018 1014/1014/1014
f 1019/1019/1019 1015/1015/1015 1020/1020/1020
f 1015/1015/1015 1016/1016/1016 1020/1020/1020
f 1017/1017/1017 1021/1021/1021 1018/1018/1018
f 1021/1021/1021 1022/1022/1022 1018/1018/1018
f 1023/1023/1023 1019/1019/1019 1024/1024/1024
f 1019/1019/1019 1020/1020/1020 1024/1024/1024
f 1021/1021/1021 1025/1025/1025 1022/1022/1022
f 1025/1025/1025 1026/1026/1026 1022/1022/1022
f 1027/1027/1027 1023/1023/1023 1028/1028/1028
f 1023/1023/1023 1024/1024/1024 1028/1028/1028
f 1025/1025/1025 1029/1029/1029 1026/1026/1026
f 1029/1029/1029 1030/1030/1030 1026/1026/1026
f 1031/1031/1031 1027/1027/1027 1032/1032/1032
f 1027/1027/1027 1028/1028/1028 1032/1032/1032
f 1029/1029/1029 1033/1033/1033 1030/1030/1030
f 1033/1033/1033 1034/1034/1034 1030/1030/1030
f 1035/1035/1035 1031/1031/1031 1036/1036/1036
f 1031/1031/1031 1032/1032/1032 1036/1036/1036
f 1033/1033/1033 1037/1037/1037 1034/1034/1034
f 1037/1037/1037 1038/1038/1038 1034/1034/1034
f 1039/1039/1039 1035/1035/1035 1040/1040/1040
f 1035/1035/1035 1036/1036/1036 1040/1040/1040
f 1037/1037/1037 1041/1041/1041 1038/1038/1038
f 1041/1041/1041 1042/1042/1042 1038/1038/1038
f 1043/1043/1043 1039/1039/1039 1044/1044/1044
f 1039/1039/1039 1040/1040/1040 1044/1044/1044
f 1041/1041/1041 1045/1045/1045 1042/1042/1042
f 1045/1045/1045 1046/1046/1046 1042/1042/1042
f 1047/1047/1047 1043/1043/1043 1048/1048/1048
f 1043/1043/1043 1044/1044/1044 1048/1048/1048
f 1045/1045/1045 1049/1049/1049 1046/1046/1046
f 1049/1049/1049 1050/1050/1050 1046/1046/1046
f 1051/1051/1051 1047/1047/1047 1052/1052/1052
f 1047/1047/1047 1048/1048/1048 1052/1052/1052
f 1049/1049/1049 1053/1053/1053 1050/1050/1050
f 1053/1053/1053 1054/1054/1054 1050/1050/1050
f 1055/1055/1055 1056/1056/1056 1057/1057/1057
f 1056/1056/1056 1058/1058/1058 1057/1057/1057
f 1059/1059/1059 1060/1060/1060 1061/1061/1061
f 1060/1060/1060 1062/1062/1062 1061/1061/1061
f 1063/1063/1063 1064/1064/1064 1065/1065/1065
f 1064/1064/1064 1066/1066/1066 1065/1065/1065
f 1067/1067/1067 1068/1068/1068 1069/1069/1069
f 1068/1068/1068 1070/1070/1070 1069/1069/1069
f 1071/1071/1071 1072/1072/1072 1073/1073/1073
f 1072/1072/1072 1074/1074/1074 1073/1073/1073
f 1075/1075/1075 1076/1076/1076 1077/1077/1077
f 1076/1076/1076 1078/1078/1078 1077/1077/1077
f 1079/1079/1079 1075/1075/1075 1080/1080/1080
f 1075/1075/1075 1077/1077/1077 1080/1080/1080
f 1081/1081/1081 1082/1082/1082 1083/1083/1083
f 1082/1082/1082 1084/1084/1084 1083/1083/1083
f 1085/1085/1085 1086/1086/1086 1087/1087/1087
f 1086/1086/1086 1088/1088/1088 1087/1087/1087
f 1089/1089/1089 1085/1085/1085 1090/1090/1090
f 1085/1085/1085 1087/1087/1087 1090/1090/1090
f 1091/1091/1091 1092/1092/1092 1093/1093/1093
f 1092/1092/1092 1094/1094/1094 1093/1093/1093
f 1095/1095/1095 1096/1096/1096 1097/1097/1097
f 1096/1096/1096 1098/1098/1098 1097/1097/1097
f 1099/1099/1099 1100/1100/1100 1101/1101/1101
f 1100/1100/1100 1102/1102/1102 1101/1101/1101
f 1103/1103/1103 1104/1104/1104 1105/1105/1105
f 1104/1104/1104 1106/1106/1106 1105/1105/1105
f 1107/1107/1107 1108/1108/1108 1109/1109/1109
f 1108/1108/1108 1110/1110/1110 1109/1109/1109
f 1111/1111/1111 1112/1112/1112 1113/1113/1113
f 1112/1112/1112 1114/1114/1114 1113/1113/1113
f 1116/1116/1116 1117/1117/1117 1118/1118/1118
f 1117/1117/1117 1119/1119/1119 1118/1118/1118
f 1120/1120/1120 1121/1121/1121 1122/1122/1122
f 1121/1121/1121 1123/1123/1123 1122/1122/1122
f 1124/1124/1124 1120/1120/1120 1125/1125/1125
f 1120/1120/1120 1122/1122/1122 1125/1125/1125
f 1126/1126/1126 1127/1127/1127 1128/1128/1128
f 1127/1127/1127 1129/1129/1129 1128/1128/1128
f 1130/1130/1130 1131/1131/1131 1075/1075/1075
f 1131/1131/1131 1076/1076/1076 1075/1075/1075
f 1132/1132/1132 1130/1130/1130 1079/1079/1079
f 1130/1130/1130 1075/1075/1075 1079/1079/1079
f 1133/1133/1133 1134/1134/1134 1135/1135/1135
f 1134/1134/1134 1136/1136/1136 1135/1135/1135
f 1137/1137/1137 1138/1138/1138 1139/1139/1139
f 1138/1138/1138 1140/1140/1140 1139/1139/1139
f 1141/1141/1141 1137/1137/1137 1142/1142/1142
f 1137/1137/1137 1139/1139/1139 1142/1142/1142
f 1143/1143/1143 1144/1144/1144 1145/1145/1145
f 1144/1144/1144 1146/1146/1146 1145/1145/1145
f 1147/1147/1147 1148/1148/1148 1149/1149/1149
f 1148/1148/1148 1150/1150/1150 1149/1149/1149
f 1151/1151/1151 1147/1147/1147 1152/1152/1152
f 1147/1147/1147 1149/1149/1149 1152/1152/1152
f 1153/1153/1153 1154/1154/1154 1155/1155/1155
f 1154/1154/1154 1156/1156/1156 1155/1155/1155
f 1157/1157/1157 1158/1158/1158 1159/1159/1159
f 1158/1158/1158 1160/1160/1160 1159/1159/1159
f 1161/1161/1161 1160/1160/1160 1163/1163/1163
f 1164/1164/1164 1165/1165/1165 1166/1166/1166
f 1165/1165/1165 1167/1167/1167 1166/1166/1166
f 1168/1168/1168 1169/1169/1169 1167/1167/1167
f 1169/1169/1169 1166/1166/1166 1167/1167/1167
f 1170/1170/1170 1165/1165/1165 1171/1171/1171
f 1165/1165/1165 1164/1164/1164 1171/1171/1171
f 1172/1172/1172 1173/1173/1173 1174/1174/1174
f 1173/1173/1173 1175/1175/1175 1174/1174/1174
f 1176/1176/1176 1177/1177/1177 1178/1178/1178
f 1177/1177/1177 1179/1179/1179 1178/1178/1178
f 1180/1180/1180 1181/1181/1181 1182/1182/1182
f 1181/1181/1181 1183/1183/1183 1182/1182/1182
f 1077/1077/1077 1078/1078/1078 1085/1085/1085
f 1078/1078/1078 1086/1086/1086 1085/1085/1085
f 1080/1080/1080 1077/1077/1077 1089/1089/1089
f 1077/1077/1077 1085/1085/1085 1089/1089/1089
f 1184/1184/1184 1185/1185/1185 1186/1186/1186
f 1185/1185/1185 1187/1187/1187 1186/1186/1186
f 1087/1087/1087 1088/1088/1088 1137/1137/1137
f 1088/1088/1088 1138/1138/1138 1137/1137/1137
f 1090/1090/1090 1087/1087/1087 1141/1141/1141
f 1087/1087/1087 1137/1137/1137 1141/1141/1141
f 1188/1188/1188 1189/1189/1189 1190/1190/1190
f 1189/1189/1189 1191/1191/1191 1190/1190/1190
f 1192/1192/1192 1193/1193/1193 1194/1194/1194
f 1193/1193/1193 1195/1195/1195 1194/1194/1194
f 1196/1196/1196 1192/1192/1192 1197/1197/1197
f 1192/1192/1192 1194/1194/1194 1197/1197/1197
f 1198/1198/1198 1199/1199/1199 1200/1200/1200
f 1199/1199/1199 1201/1201/1201 1200/1200/1200
f 1202/1202/1202 1203/1203/1203 1204/1204/1204
f 1203/1203/1203 1205/1205/1205 1204/1204/1204
f 1206/1206/1206 1202/1202/1202 1207/1207/1207
f 1202/1202/1202 1204/1204/1204 1207/1207/1207
f 1208/1208/1208 1209/1209/1209 1210/1210/1210
f 1209/1209/1209 1211/1211/1211 1210/1210/1210
f 1212/1212/1212 1213/1213/1213 1214/1214/1214
f 1213/1213/1213 1215/1215/1215 1214/1214/1214
f 1216/1216/1216 1217/1217/1217 1218/1218/1218
f 1217/1217/1217 1219/1219/1219 1218/1218/1218
f 1219/1219/1219 1217/1217/1217 1220/1220/1220
f 1217/1217/1217 1221/1221/1221 1220/1220/1220
f 1222/1222/1222 1223/1223/1223 1224/1224/1224
f 1223/1223/1223 1225/1225/1225 1224/1224/1224
f 1226/1226/1226 1227/1227/1227 1228/1228/1228
f 1227/1227/1227 1229/1229/1229 1228/1228/1228
f 1230/1230/1230 1231/1231/1231 1232/1232/1232
f 1231/1231/1231 1233/1233/1233 1232/1232/1232
f 1234/1234/1234 1235/1235/1235 1236/1236/1236
f 1235/1235/1235 1237/1237/1237 1236/1236/1236
f 1238/1238/1238 1239/1239/1239 1240/1240/1240
f 1239/1239/1239 1241/1241/1241 1240/1240/1240
f 1242/1242/1242 1243/1243/1243 1179/1179/1179
f 1243/1243/1243 1178/1178/1178 1179/1179/1179
f 1244/1244/1244 1245/1245/1245 1246/1246/1246
f 1245/1245/1245 1247/1247/1247 1246/1246/1246
f 1248/1248/1248 1249/1249/1249 1250/1250/1250
f 1249/1249/1249 1251/1251/1251 1250/1250/1250
f 1252/1252/1252 1253/1253/1253 1254/1254/1254
f 1253/1253/1253 1255/1255/1255 1254/1254/1254
f 1139/1139/1139 1140/1140/1140 1147/1147/1147
f 1140/1140/1140 1148/1148/1148 1147/1147/1147
f 1142/1142/1142 1139/1139/1139 1151/1151/1151
f 1139/1139/1139 1147/1147/1147 1151/1151/1151
f 1093/1093/1093 1094/1094/1094 1081/1081/1081
f 1094/1094/1094 1082/1082/1082 1081/1081/1081
f 1149/1149/1149 1150/1150/1150 1256/1256/1256
f 1150/1150/1150 1257/1257/1257 1256/1256/1256
f 1152/1152/1152 1149/1149/1149 1258/1258/1258
f 1149/1149/1149 1256/1256/1256 1258/1258/1258
f 1126/1126/1126 1083/1083/1083 1127/1127/1127
f 1083/1083/1083 1084/1084/1084 1127/1127/1127
f 1259/1259/1259 1260/1260/1260 1261/1261/1261
f 1260/1260/1260 1262/1262/1262 1261/1261/1261
f 1263/1263/1263 1259/1259/1259 1264/1264/1264
f 1259/1259/1259 1261/1261/1261 1264/1264/1264
f 1133/1133/1133 1128/1128/1128 1134/1134/1134
f 1128/1128/1128 1129/1129/1129 1134/1134/1134
f 1265/1265/1265 1266/1266/1266 1267/1267/1267
f 1266/1266/1266 1268/1268/1268 1267/1267/1267
f 1269/1269/1269 1265/1265/1265 1270/1270/1270
f 1265/1265/1265 1267/1267/1267 1270/1270/1270
f 1135/1135/1135 1136/1136/1136 1143/1143/1143
f 1136/1136/1136 1144/1144/1144 1143/1143/1143
f 1271/1271/1271 1272/1272/1272 1273/1273/1273
f 1272/1272/1272 1274/1274/1274 1273/1273/1273
f 1275/1275/1275 1177/1177/1177 1276/1276/1276
f 1177/1177/1177 1176/1176/1176 1276/1276/1276
f 1277/1277/1277 1278/1278/1278 1279/1279/1279
f 1278/1278/1278 1280/1280/1280 1279/1279/1279
f 1281/1281/1281 1282/1282/1282 1283/1283/1283
f 1284/1284/1284 1285/1285/1285 1286/1286/1286
f 1285/1285/1285 1287/1287/1287 1286/1286/1286
f 1286/1286/1286 1287/1287/1287 1288/1288/1288
f 1287/1287/1287 1289/1289/1289 1288/1288/1288
f 1290/1290/1290 1291/1291/1291 1292/1292/1292
f 1291/1291/1291 1293/1293/1293 1292/1292/1292
f 1194/1194/1194 1195/1195/1195 1202/1202/1202
f 1195/1195/1195 1203/1203/1203 1202/1202/1202
f 1197/1197/1197 1194/1194/1194 1206/1206/1206
f 1194/1194/1194 1202/1202/1202 1206/1206/1206
f 1153/1153/1153 1145/1145/1145 1154/1154/1154
f 1145/1145/1145 1146/1146/1146 1154/1154/1154
f 1204/1204/1204 1205/1205/1205 1259/1259/1259
f 1205/1205/1205 1260/1260/1260 1259/1259/1259
f 1207/1207/1207 1204/1204/1204 1263/1263/1263
f 1204/1204/1204 1259/1259/1259 1263/1263/1263
f 1294/1294/1294 1155/1155/1155 1295/1295/1295
f 1155/1155/1155 1156/1156/1156 1295/1295/1295
f 1296/1296/1296 1297/1297/1297 1120/1120/1120
f 1297/1297/1297 1121/1121/1121 1120/1120/1120
f 1298/1298/1298 1296/1296/1296 1124/1124/1124
f 1296/1296/1296 1120/1120/1120 1124/1124/1124
f 1186/1186/1186 1187/1187/1187 1188/1188/1188
f 1187/1187/1187 1189/1189/1189 1188/1188/1188
f 1299/1299/1299 1300/1300/1300 1301/1301/1301
f 1300/1300/1300 1302/1302/1302 1301/1301/1301
f 1303/1303/1303 1304/1304/1304 1305/1305/1305
f 1304/1304/1304 1306/1306/1306 1305/1305/1305
f 1307/1307/1307 1308/1308/1308 1309/1309/1309
f 1308/1308/1308 1310/1310/1310 1309/1309/1309
f 1311/1311/1311 1312/1312/1312 1313/1313/1313
f 1312/1312/1312 1314/1314/1314 1313/1313/1313
f 1315/1315/1315 1316/1316/1316 1317/1317/1317
f 1316/1316/1316 1318/1318/1318 1317/1317/1317
f 1319/1319/1319 1320/1320/1320 1321/1321/1321
f 1320/1320/1320 1322/1322/1322 1321/1321/1321
f 1301/1301/1301 1302/1302/1302 1282/1282/1282
f 1302/1302/1302 1283/1283/1283 1282/1282/1282
f 1283/1283/1283 1323/1323/1323 1281/1281/1281
f 1323/1323/1323 1324/1324/1324 1281/1281/1281
f 1325/1325/1325 1326/1326/1326 1327/1327/1327
f 1326/1326/1326 1328/1328/1328 1327/1327/1327
f 1228/1228/1228 1329/1329/1329 1330/1330/1330
f 1261/1261/1261 1262/1262/1262 1265/1265/1265
f 1262/1262/1262 1266/1266/1266 1265/1265/1265
f 1264/1264/1264 1261/1261/1261 1269/1269/1269
f 1261/1261/1261 1265/1265/1265 1269/1269/1269
f 1190/1190/1190 1191/1191/1191 1199/1199/1199
f 1191/1191/1191 1201/1201/1201 1199/1199/1199
f 1267/1267/1267 1268/1268/1268 1296/1296/1296
f 1268/1268/1268 1297/1297/1297 1296/1296/1296
f 1270/1270/1270 1267/1267/1267 1298/1298/1298
f 1267/1267/1267 1296/1296/1296 1298/1298/1298
f 1082/1082/1082 1125/1125/1125 1084/1084/1084
f 1125/1125/1125 1132/1132/1132 1084/1084/1084
f 1329/1329/1329 1332/1332/1332 1240/1240/1240
f 1332/1332/1332 1333/1333/1333 1240/1240/1240
f 1332/1332/1332 1334/1334/1334 1333/1333/1333
f 1334/1334/1334 1335/1335/1335 1333/1333/1333
f 1336/1336/1336 1337/1337/1337 1300/1300/1300
f 1337/1337/1337 1338/1338/1338 1300/1300/1300
f 1339/1339/1339 1238/1238/1238 1336/1336/1336
f 1238/1238/1238 1340/1340/1340 1336/1336/1336
f 1341/1341/1341 1342/1342/1342 1343/1343/1343
f 1342/1342/1342 1344/1344/1344 1343/1343/1343
f 1344/1344/1344 1342/1342/1342 1322/1322/1322
f 1342/1342/1342 1321/1321/1321 1322/1322/1322
f 1345/1345/1345 1346/1346/1346 1347/1347/1347
f 1346/1346/1346 1348/1348/1348 1347/1347/1347
f 1349/1349/1349 1350/1350/1350 1351/1351/1351
f 1350/1350/1350 1352/1352/1352 1351/1351/1351
f 1354/1354/1354 1355/1355/1355 1356/1356/1356
f 1355/1355/1355 1357/1357/1357 1356/1356/1356
f 1359/1359/1359 1360/1360/1360 1361/1361/1361
f 1360/1360/1360 1362/1362/1362 1361/1361/1361
f 1363/1363/1363 1239/1239/1239 1339/1339/1339
f 1239/1239/1239 1238/1238/1238 1339/1339/1339
f 1364/1364/1364 1299/1299/1299 1365/1365/1365
f 1299/1299/1299 1301/1301/1301 1365/1365/1365
f 1365/1365/1365 1301/1301/1301 1366/1366/1366
f 1301/1301/1301 1282/1282/1282 1366/1366/1366
f 1208/1208/1208 1210/1210/1210 1091/1091/1091
f 1210/1210/1210 1092/1092/1092 1091/1091/1091
f 1281/1281/1281 1198/1198/1198 1367/1367/1367
f 1198/1198/1198 1209/1209/1209 1367/1367/1367
f 1368/1368/1368 1366/1366/1366 1281/1281/1281
f 1366/1366/1366 1282/1282/1282 1281/1281/1281
f 1343/1343/1343 1344/1344/1344 1369/1369/1369
f 1344/1344/1344 1370/1370/1370 1369/1369/1369
f 1371/1371/1371 1325/1325/1325 1372/1372/1372
f 1325/1325/1325 1327/1327/1327 1372/1372/1372
f 1373/1373/1373 1374/1374/1374 1375/1375/1375
f 1374/1374/1374 1376/1376/1376 1375/1375/1375
f 1377/1377/1377 1378/1378/1378 1379/1379/1379
f 1378/1378/1378 1380/1380/1380 1379/1379/1379
f 1381/1381/1381 1382/1382/1382 1383/1383/1383
f 1382/1382/1382 1384/1384/1384 1383/1383/1383
f 1385/1385/1385 1386/1386/1386 1387/1387/1387
f 1386/1386/1386 1388/1388/1388 1387/1387/1387
f 1389/1389/1389 1390/1390/1390 1391/1391/1391
f 1390/1390/1390 1392/1392/1392 1391/1391/1391
f 1393/1393/1393 1394/1394/1394 1395/1395/1395
f 1394/1394/1394 1396/1396/1396 1395/1395/1395
f 1397/1397/1397 1398/1398/1398 1399/1399/1399
f 1398/1398/1398 1400/1400/1400 1399/1399/1399
f 1401/1401/1401 1402/1402/1402 1403/1403/1403
f 1402/1402/1402 1404/1404/1404 1403/1403/1403
f 1403/1403/1403 1404/1404/1404 1405/1405/1405
f 1404/1404/1404 1406/1406/1406 1405/1405/1405
f 1198/1198/1198 1200/1200/1200 1209/1209/1209
f 1200/1200/1200 1211/1211/1211 1209/1209/1209
f 1407/1407/1407 1208/1208/1208 1408/1408/1408
f 1208/1208/1208 1091/1091/1091 1408/1408/1408
f 1369/1369/1369 1370/1370/1370 1409/1409/1409
f 1370/1370/1370 1410/1410/1410 1409/1409/1409
f 1334/1334/1334 1371/1371/1371 1335/1335/1335
f 1371/1371/1371 1372/1372/1372 1335/1335/1335
f 1122/1122/1122 1123/1123/1123 1130/1130/1130
f 1123/1123/1123 1131/1131/1131 1130/1130/1130
f 1125/1125/1125 1122/1122/1122 1132/1132/1132
f 1122/1122/1122 1130/1130/1130 1132/1132/1132
f 1210/1210/1210 1270/1270/1270 1092/1092/1092
f 1270/1270/1270 1298/1298/1298 1092/1092/1092
f 1411/1411/1411 1412/1412/1412 1413/1413/1413
f 1412/1412/1412 1414/1414/1414 1413/1413/1413
f 1415/1415/1415 1416/1416/1416 1417/1417/1417
f 1416/1416/1416 1418/1418/1418 1417/1417/1417
f 1419/1419/1419 1420/1420/1420 1421/1421/1421
f 1420/1420/1420 1422/1422/1422 1421/1421/1421
f 1423/1423/1423 1424/1424/1424 1425/1425/1425
f 1424/1424/1424 1426/1426/1426 1425/1425/1425
f 1427/1427/1427 1428/1428/1428 1429/1429/1429
f 1428/1428/1428 1430/1430/1430 1429/1429/1429
f 1431/1431/1431 1406/1406/1406 1411/1411/1411
f 1402/1402/1402 1432/1432/1432 1404/1404/1404
f 1432/1432/1432 1433/1433/1433 1404/1404/1404
f 1434/1434/1434 1284/1284/1284 1435/1435/1435
f 1284/1284/1284 1286/1286/1286 1435/1435/1435
f 1435/1435/1435 1286/1286/1286 1291/1291/1291
f 1286/1286/1286 1436/1436/1436 1291/1291/1291
f 1200/1200/1200 1264/1264/1264 1211/1211/1211
f 1264/1264/1264 1269/1269/1269 1211/1211/1211
f 1437/1437/1437 1190/1190/1190 1438/1438/1438
f 1190/1190/1190 1199/1199/1199 1438/1438/1438
f 1387/1387/1387 1388/1388/1388 1439/1439/1439
f 1388/1388/1388 1440/1440/1440 1439/1439/1439
f 1404/1404/1404 1433/1433/1433 1406/1406/1406
f 1433/1433/1433 1411/1411/1411 1406/1406/1406
f 1441/1441/1441 1442/1442/1442 1443/1443/1443
f 1442/1442/1442 1444/1444/1444 1443/1443/1443
f 1380/1380/1380 1378/1378/1378 1396/1396/1396
f 1378/1378/1378 1395/1395/1395 1396/1396/1396
f 1254/1254/1254 1255/1255/1255 1160/1160/1160
f 1255/1255/1255 1163/1163/1163 1160/1160/1160
f 1252/1252/1252 1445/1445/1445 1248/1248/1248
f 1445/1445/1445 1446/1446/1446 1248/1248/1248
f 1248/1248/1248 1446/1446/1446 1447/1447/1447
f 1446/1446/1446 1448/1448/1448 1447/1447/1447
f 1094/1094/1094 1092/1092/1092 1124/1124/1124
f 1092/1092/1092 1298/1298/1298 1124/1124/1124
f 1449/1449/1449 1186/1186/1186 1450/1450/1450
f 1186/1186/1186 1188/1188/1188 1450/1450/1450
f 1451/1451/1451 1452/1452/1452 1453/1453/1453
f 1452/1452/1452 1454/1454/1454 1453/1453/1453
f 1318/1318/1318 1316/1316/1316 1348/1348/1348
f 1316/1316/1316 1347/1347/1347 1348/1348/1348
f 1455/1455/1455 1456/1456/1456 1457/1457/1457
f 1456/1456/1456 1458/1458/1458 1457/1457/1457
f 1459/1459/1459 1460/1460/1460 1461/1461/1461
f 1462/1462/1462 1463/1463/1463 1464/1464/1464
f 1463/1463/1463 1465/1465/1465 1464/1464/1464
f 1464/1464/1464 1465/1465/1465 1461/1461/1461
f 1465/1465/1465 1466/1466/1466 1461/1461/1461
f 1191/1191/1191 1207/1207/1207 1201/1201/1201
f 1207/1207/1207 1263/1263/1263 1201/1201/1201
f 1467/1467/1467 1155/1155/1155 1468/1468/1468
f 1155/1155/1155 1294/1294/1294 1468/1468/1468
f 1285/1285/1285 1469/1469/1469 1287/1287/1287
f 1469/1469/1469 1470/1470/1470 1287/1287/1287
f 1289/1289/1289 1287/1287/1287 1471/1471/1471
f 1287/1287/1287 1470/1470/1470 1471/1471/1471
f 1462/1462/1462 1464/1464/1464 1472/1472/1472
f 1464/1464/1464 1473/1473/1473 1472/1472/1472
f 1464/1464/1464 1461/1461/1461 1473/1473/1473
f 1461/1461/1461 1460/1460/1460 1473/1473/1473
f 1158/1158/1158 1475/1475/1475 1379/1379/1379
f 1225/1225/1225 1223/1223/1223 1274/1274/1274
f 1223/1223/1223 1273/1273/1273 1274/1274/1274
f 1476/1476/1476 1477/1477/1477 1478/1478/1478
f 1477/1477/1477 1479/1479/1479 1478/1478/1478
f 1480/1480/1480 1349/1349/1349 1481/1481/1481
f 1302/1302/1302 1482/1482/1482 1283/1283/1283
f 1482/1482/1482 1323/1323/1323 1283/1283/1283
f 1300/1300/1300 1338/1338/1338 1302/1302/1302
f 1338/1338/1338 1482/1482/1482 1302/1302/1302
f 1253/1253/1253 1250/1250/1250 1483/1483/1483
f 1250/1250/1250 1484/1484/1484 1483/1483/1483
f 1485/1485/1485 1486/1486/1486 1487/1487/1487
f 1486/1486/1486 1488/1488/1488 1487/1487/1487
f 1486/1486/1486 1481/1481/1481 1488/1488/1488
f 1481/1481/1481 1349/1349/1349 1488/1488/1488
f 1489/1489/1489 1466/1466/1466 1373/1373/1373
f 1463/1463/1463 1490/1490/1490 1465/1465/1465
f 1490/1490/1490 1491/1491/1491 1465/1465/1465
f 1465/1465/1465 1491/1491/1491 1466/1466/1466
f 1491/1491/1491 1373/1373/1373 1466/1466/1466
f 1492/1492/1492 1493/1493/1493 1392/1392/1392
f 1493/1493/1493 1391/1391/1391 1392/1392/1392
f 1494/1494/1494 1495/1495/1495 1496/1496/1496
f 1495/1495/1495 1497/1497/1497 1496/1496/1496
f 1485/1485/1485 1498/1498/1498 1486/1486/1486
f 1498/1498/1498 1499/1499/1499 1486/1486/1486
f 1486/1486/1486 1499/1499/1499 1481/1481/1481
f 1499/1499/1499 1500/1500/1500 1481/1481/1481
f 1187/1187/1187 1197/1197/1197 1189/1189/1189
f 1197/1197/1197 1206/1206/1206 1189/1189/1189
f 1501/1501/1501 1145/1145/1145 1502/1502/1502
f 1145/1145/1145 1153/1153/1153 1502/1502/1502
f 1439/1439/1439 1440/1440/1440 1503/1503/1503
f 1440/1440/1440 1504/1504/1504 1503/1503/1503
f 1251/1251/1251 1505/1505/1505 1250/1250/1250
f 1505/1505/1505 1484/1484/1484 1250/1250/1250
f 1506/1506/1506 1277/1277/1277 1507/1507/1507
f 1508/1508/1508 1509/1509/1509 1510/1510/1510
f 1509/1509/1509 1511/1511/1511 1510/1510/1510
f 1509/1509/1509 1507/1507/1507 1511/1511/1511
f 1507/1507/1507 1277/1277/1277 1511/1511/1511
f 1512/1512/1512 1500/1500/1500 1311/1311/1311
f 1498/1498/1498 1513/1513/1513 1499/1499/1499
f 1513/1513/1513 1514/1514/1514 1499/1499/1499
f 1499/1499/1499 1514/1514/1514 1500/1500/1500
f 1514/1514/1514 1311/1311/1311 1500/1500/1500
f 1515/1515/1515 1390/1390/1390 1516/1516/1516
f 1390/1390/1390 1389/1389/1389 1516/1516/1516
f 1508/1508/1508 1517/1517/1517 1509/1509/1509
f 1517/1517/1517 1518/1518/1518 1509/1509/1509
f 1509/1509/1509 1518/1518/1518 1507/1507/1507
f 1518/1518/1518 1519/1519/1519 1507/1507/1507
f 1210/1210/1210 1211/1211/1211 1270/1270/1270
f 1211/1211/1211 1269/1269/1269 1270/1270/1270
f 1520/1520/1520 1135/1135/1135 1521/1521/1521
f 1135/1135/1135 1143/1143/1143 1521/1521/1521
f 1516/1516/1516 1389/1389/1389 1522/1522/1522
f 1389/1389/1389 1523/1523/1523 1522/1522/1522
f 1522/1522/1522 1523/1523/1523 1432/1432/1432
f 1523/1523/1523 1524/1524/1524 1432/1432/1432
f 1525/1525/1525 1526/1526/1526 1440/1440/1440
f 1526/1526/1526 1527/1527/1527 1440/1440/1440
f 1525/1525/1525 1440/1440/1440 1384/1384/1384
f 1440/1440/1440 1388/1388/1388 1384/1384/1384
f 1528/1528/1528 1529/1529/1529 1530/1530/1530
f 1529/1529/1529 1531/1531/1531 1530/1530/1530
f 1532/1532/1532 1115/1115/1115 1534/1534/1534
f 1535/1535/1535 1536/1536/1536 1537/1537/1537
f 1536/1536/1536 1538/1538/1538 1537/1537/1537
f 1536/1536/1536 1539/1539/1539 1538/1538/1538
f 1539/1539/1539 1116/1116/1116 1538/1538/1538
f 1540/1540/1540 1519/1519/1519 1111/1111/1111
f 1517/1517/1517 1541/1541/1541 1518/1518/1518
f 1541/1541/1541 1542/1542/1542 1518/1518/1518
f 1518/1518/1518 1542/1542/1542 1519/1519/1519
f 1542/1542/1542 1111/1111/1111 1519/1519/1519
f 1388/1388/1388 1386/1386/1386 1384/1384/1384
f 1386/1386/1386 1383/1383/1383 1384/1384/1384
f 1535/1535/1535 1543/1543/1543 1536/1536/1536
f 1543/1543/1543 1544/1544/1544 1536/1536/1536
f 1536/1536/1536 1544/1544/1544 1533/1533/1533
f 1544/1544/1544 1545/1545/1545 1533/1533/1533
f 1200/1200/1200 1201/1201/1201 1264/1264/1264
f 1201/1201/1201 1263/1263/1263 1264/1264/1264
f 1546/1546/1546 1128/1128/1128 1547/1547/1547
f 1128/1128/1128 1133/1133/1133 1547/1547/1547
f 1548/1548/1548 1549/1549/1549 1519/1519/1519
f 1549/1549/1549 1507/1507/1507 1519/1519/1519
f 1550/1550/1550 1180/1180/1180 1551/1551/1551
f 1552/1552/1552 1553/1553/1553 1554/1554/1554
f 1553/1553/1553 1555/1555/1555 1554/1554/1554
f 1553/1553/1553 1556/1556/1556 1555/1555/1555
f 1556/1556/1556 1180/1180/1180 1555/1555/1555
f 1557/1557/1557 1545/1545/1545 1172/1172/1172
f 1543/1543/1543 1558/1558/1558 1544/1544/1544
f 1558/1558/1558 1559/1559/1559 1544/1544/1544
f 1544/1544/1544 1559/1559/1559 1560/1560/1560
f 1559/1559/1559 1172/1172/1172 1560/1560/1560
f 1561/1561/1561 1562/1562/1562 1500/1500/1500
f 1562/1562/1562 1481/1481/1481 1500/1500/1500
f 1552/1552/1552 1563/1563/1563 1553/1553/1553
f 1563/1563/1563 1564/1564/1564 1553/1553/1553
f 1553/1553/1553 1564/1564/1564 1551/1551/1551
f 1564/1564/1564 1566/1566/1566 1551/1551/1551
f 1156/1156/1156 1152/1152/1152 1295/1295/1295
f 1152/1152/1152 1258/1258/1258 1295/1295/1295
f 1567/1567/1567 1083/1083/1083 1568/1568/1568
f 1083/1083/1083 1126/1126/1126 1568/1568/1568
f 1255/1255/1255 1253/1253/1253 1569/1569/1569
f 1253/1253/1253 1483/1483/1483 1569/1569/1569
f 1163/1163/1163 1255/1255/1255 1220/1220/1220
f 1255/1255/1255 1570/1570/1570 1220/1220/1220
f 1571/1571/1571 1358/1358/1358 1572/1572/1572
f 1573/1573/1573 1574/1574/1574 1575/1575/1575
f 1574/1574/1574 1576/1576/1576 1575/1575/1575
f 1574/1574/1574 1577/1577/1577 1576/1576/1576
f 1577/1577/1577 1359/1359/1359 1576/1576/1576
f 1578/1578/1578 1565/1565/1565 1353/1353/1353
f 1563/1563/1563 1503/1503/1503 1564/1564/1564
f 1503/1503/1503 1579/1579/1579 1564/1564/1564
f 1564/1564/1564 1579/1579/1579 1580/1580/1580
f 1579/1579/1579 1354/1354/1354 1580/1580/1580
f 1581/1581/1581 1307/1307/1307 1405/1405/1405
f 1401/1401/1401 1403/1403/1403 1582/1582/1582
f 1403/1403/1403 1583/1583/1583 1582/1582/1582
f 1573/1573/1573 1584/1584/1584 1574/1574/1574
f 1584/1584/1584 1585/1585/1585 1574/1574/1574
f 1574/1574/1574 1585/1585/1585 1572/1572/1572
f 1585/1585/1585 1586/1586/1586 1572/1572/1572
f 1154/1154/1154 1146/1146/1146 1151/1151/1151
f 1146/1146/1146 1142/1142/1142 1151/1151/1151
f 1587/1587/1587 1093/1093/1093 1588/1588/1588
f 1093/1093/1093 1081/1081/1081 1588/1588/1588
f 1493/1493/1493 1589/1589/1589 1391/1391/1391
f 1589/1589/1589 1590/1590/1590 1391/1391/1391
f 1589/1589/1589 1591/1591/1591 1590/1590/1590
f 1591/1591/1591 1592/1592/1592 1590/1590/1590
f 1593/1593/1593 1594/1594/1594 1595/1595/1595
f 1594/1594/1594 1596/1596/1596 1595/1595/1595
f 1593/1593/1593 1595/1595/1595 1274/1274/1274
f 1595/1595/1595 1225/1225/1225 1274/1274/1274
f 1403/1403/1403 1405/1405/1405 1583/1583/1583
f 1405/1405/1405 1307/1307/1307 1583/1583/1583
f 1252/1252/1252 1248/1248/1248 1253/1253/1253
f 1248/1248/1248 1250/1250/1250 1253/1253/1253
f 1597/1597/1597 1251/1251/1251 1447/1447/1447
f 1598/1598/1598 1586/1586/1586 1303/1303/1303
f 1584/1584/1584 1409/1409/1409 1585/1585/1585
f 1409/1409/1409 1599/1599/1599 1585/1585/1585
f 1585/1585/1585 1599/1599/1599 1600/1600/1600
f 1599/1599/1599 1303/1303/1303 1600/1600/1600
f 1601/1601/1601 1602/1602/1602 1466/1466/1466
f 1602/1602/1602 1461/1461/1461 1466/1466/1466
f 1603/1603/1603 1604/1604/1604 1605/1605/1605
f 1604/1604/1604 1606/1606/1606 1605/1605/1605
f 1607/1607/1607 1609/1609/1609 1610/1610/1610
f 1609/1609/1609 1612/1612/1612 1610/1610/1610
f 1614/1614/1614 1457/1457/1457 1169/1169/1169
f 1615/1615/1615 1616/1616/1616 1535/1535/1535
f 1616/1616/1616 1543/1543/1543 1535/1535/1535
f 1457/1457/1457 1458/1458/1458 1615/1615/1615
f 1458/1458/1458 1616/1616/1616 1615/1615/1615
f 1191/1191/1191 1189/1189/1189 1207/1207/1207
f 1189/1189/1189 1206/1206/1206 1207/1207/1207
f 1367/1367/1367 1209/1209/1209 1407/1407/1407
f 1209/1209/1209 1208/1208/1208 1407/1407/1407
f 1617/1617/1617 1618/1618/1618 1619/1619/1619
f 1618/1618/1618 1620/1620/1620 1619/1619/1619
f 1617/1617/1617 1619/1619/1619 1348/1348/1348
f 1619/1619/1619 1318/1318/1318 1348/1348/1348
f 1615/1615/1615 1535/1535/1535 1621/1621/1621
f 1535/1535/1535 1537/1537/1537 1621/1621/1621
f 1622/1622/1622 1163/1163/1163 1221/1221/1221
f 1163/1163/1163 1220/1220/1220 1221/1221/1221
f 1251/1251/1251 1623/1623/1623 1505/1505/1505
f 1623/1623/1623 1624/1624/1624 1505/1505/1505
f 1289/1289/1289 1471/1471/1471 1625/1625/1625
f 1471/1471/1471 1626/1626/1626 1625/1625/1625
f 1627/1627/1627 1628/1628/1628 1629/1629/1629
f 1628/1628/1628 1630/1630/1630 1629/1629/1629
f 1057/1057/1057 1631/1631/1631 1055/1055/1055
f 1631/1631/1631 1632/1632/1632 1055/1055/1055
f 1457/1457/1457 1615/1615/1615 1169/1169/1169
f 1615/1615/1615 1621/1621/1621 1169/1169/1169
f 1633/1633/1633 1634/1634/1634 1508/1508/1508
f 1634/1634/1634 1517/1517/1517 1508/1508/1508
f 1454/1454/1454 1452/1452/1452 1633/1633/1633
f 1452/1452/1452 1634/1634/1634 1633/1633/1633
f 1187/1187/1187 1185/1185/1185 1197/1197/1197
f 1185/1185/1185 1196/1196/1196 1197/1197/1197
f 1438/1438/1438 1199/1199/1199 1281/1281/1281
f 1199/1199/1199 1198/1198/1198 1281/1281/1281
f 1635/1635/1635 1636/1636/1636 1637/1637/1637
f 1636/1636/1636 1638/1638/1638 1637/1637/1637
f 1635/1635/1635 1637/1637/1637 1396/1396/1396
f 1637/1637/1637 1380/1380/1380 1396/1396/1396
f 1639/1639/1639 1171/1171/1171 1452/1452/1452
f 1640/1640/1640 1329/1329/1329 1241/1241/1241
f 1329/1329/1329 1240/1240/1240 1241/1241/1241
f 1641/1641/1641 1434/1434/1434 1332/1332/1332
f 1434/1434/1434 1334/1334/1334 1332/1332/1332
f 1284/1284/1284 1642/1642/1642 1285/1285/1285
f 1642/1642/1642 1643/1643/1643 1285/1285/1285
f 1644/1644/1644 1436/1436/1436 1289/1289/1289
f 1642/1642/1642 1229/1229/1229 1643/1643/1643
f 1229/1229/1229 1218/1218/1218 1643/1643/1643
f 1645/1645/1645 1646/1646/1646 1627/1627/1627
f 1646/1646/1646 1628/1628/1628 1627/1627/1627
f 1647/1647/1647 1648/1648/1648 1649/1649/1649
f 1648/1648/1648 1632/1632/1632 1649/1649/1649
f 1634/1634/1634 1651/1651/1651 1517/1517/1517
f 1651/1651/1651 1541/1541/1541 1517/1517/1517
f 1652/1652/1652 1653/1653/1653 1552/1552/1552
f 1653/1653/1653 1563/1563/1563 1552/1552/1552
f 1443/1443/1443 1444/1444/1444 1652/1652/1652
f 1444/1444/1444 1653/1653/1653 1652/1652/1652
f 1136/1136/1136 1090/1090/1090 1144/1144/1144
f 1090/1090/1090 1141/1141/1141 1144/1144/1144
f 1450/1450/1450 1188/1188/1188 1437/1437/1437
f 1188/1188/1188 1190/1190/1190 1437/1437/1437
f 1654/1654/1654 1655/1655/1655 1656/1656/1656
f 1655/1655/1655 1657/1657/1657 1656/1656/1656
f 1654/1654/1654 1656/1656/1656 1220/1220/1220
f 1656/1656/1656 1219/1219/1219 1220/1220/1220
f 1452/1452/1452 1171/1171/1171 1634/1634/1634
f 1171/1171/1171 1651/1651/1651 1634/1634/1634
f 1237/1237/1237 1493/1493/1493 1658/1658/1658
f 1660/1660/1660 1443/1443/1443 1243/1243/1243
f 1652/1652/1652 1552/1552/1552 1661/1661/1661
f 1552/1552/1552 1554/1554/1554 1661/1661/1661
f 1662/1662/1662 1663/1663/1663 1573/1573/1573
f 1663/1663/1663 1584/1584/1584 1573/1573/1573
f 1430/1430/1430 1428/1428/1428 1662/1662/1662
f 1428/1428/1428 1663/1663/1663 1662/1662/1662
f 1228/1228/1228 1641/1641/1641 1329/1329/1329
f 1641/1641/1641 1332/1332/1332 1329/1329/1329
f 1664/1664/1664 1339/1339/1339 1235/1235/1235
f 1665/1665/1665 1336/1336/1336 1299/1299/1299
f 1336/1336/1336 1300/1300/1300 1299/1299/1299
f 1235/1235/1235 1339/1339/1339 1665/1665/1665
f 1339/1339/1339 1336/1336/1336 1665/1665/1665
f 1629/1629/1629 1630/1630/1630 1666/1666/1666
f 1630/1630/1630 1667/1667/1667 1666/1666/1666
f 1668/1668/1668 1670/1670/1670 1671/1671/1671
f 1670/1670/1670 1631/1631/1631 1671/1671/1671
f 1443/1443/1443 1652/1652/1652 1243/1243/1243
f 1652/1652/1652 1661/1661/1661 1243/1243/1243
f 1672/1672/1672 1673/1673/1673 1401/1401/1401
f 1673/1673/1673 1402/1402/1402 1401/1401/1401
f 1426/1426/1426 1424/1424/1424 1672/1672/1672
f 1424/1424/1424 1673/1673/1673 1672/1672/1672
f 1134/1134/1134 1129/1129/1129 1089/1089/1089
f 1129/1129/1129 1080/1080/1080 1089/1089/1089
f 1674/1674/1674 1184/1184/1184 1449/1449/1449
f 1184/1184/1184 1186/1186/1186 1449/1449/1449
f 1333/1333/1333 1675/1675/1675 1676/1676/1676
f 1675/1675/1675 1677/1677/1677 1676/1676/1676
f 1333/1333/1333 1676/1676/1676 1240/1240/1240
f 1676/1676/1676 1238/1238/1238 1240/1240/1240
f 1291/1291/1291 1678/1678/1678 1325/1325/1325
f 1643/1643/1643 1679/1679/1679 1285/1285/1285
f 1679/1679/1679 1469/1469/1469 1285/1285/1285
f 1218/1218/1218 1219/1219/1219 1643/1643/1643
f 1219/1219/1219 1680/1680/1680 1643/1643/1643
f 1681/1681/1681 1419/1419/1419 1682/1682/1682
f 1419/1419/1419 1421/1421/1421 1682/1682/1682
f 1591/1591/1591 1681/1681/1681 1592/1592/1592
f 1681/1681/1681 1682/1682/1682 1592/1592/1592
f 1683/1683/1683 1276/1276/1276 1458/1458/1458
f 1156/1156/1156 1154/1154/1154 1152/1152/1152
f 1154/1154/1154 1151/1151/1151 1152/1152/1152
f 1502/1502/1502 1153/1153/1153 1467/1467/1467
f 1153/1153/1153 1155/1155/1155 1467/1467/1467
f 1616/1616/1616 1685/1685/1685 1543/1543/1543
f 1685/1685/1685 1558/1558/1558 1543/1543/1543
f 1686/1686/1686 1687/1687/1687 1688/1688/1688
f 1687/1687/1687 1689/1689/1689 1688/1688/1688
f 1415/1415/1415 1688/1688/1688 1416/1416/1416
f 1688/1688/1688 1689/1689/1689 1416/1416/1416
f 1458/1458/1458 1276/1276/1276 1616/1616/1616
f 1276/1276/1276 1685/1685/1685 1616/1616/1616
f 1433/1433/1433 1690/1690/1690 1411/1411/1411
f 1690/1690/1690 1412/1412/1412 1411/1411/1411
f 1432/1432/1432 1524/1524/1524 1433/1433/1433
f 1524/1524/1524 1690/1690/1690 1433/1433/1433
f 1691/1691/1691 1692/1692/1692 1693/1693/1693
f 1692/1692/1692 1694/1694/1694 1693/1693/1693
f 1397/1397/1397 1399/1399/1399 1692/1692/1692
f 1399/1399/1399 1694/1694/1694 1692/1692/1692
f 1695/1695/1695 1696/1696/1696 1406/1406/1406
f 1696/1696/1696 1405/1405/1405 1406/1406/1406
f 1607/1607/1607 1430/1430/1430 1382/1382/1382
f 1697/1697/1697 1691/1691/1691 1698/1698/1698
f 1691/1691/1691 1693/1693/1693 1698/1698/1698
f 1394/1394/1394 1697/1697/1697 1396/1396/1396
f 1697/1697/1697 1699/1699/1699 1396/1396/1396
f 1590/1590/1590 1700/1700/1700 1523/1523/1523
f 1700/1700/1700 1701/1701/1701 1523/1523/1523
f 1590/1590/1590 1523/1523/1523 1391/1391/1391
f 1523/1523/1523 1389/1389/1389 1391/1391/1391
f 1662/1662/1662 1573/1573/1573 1702/1702/1702
f 1573/1573/1573 1575/1575/1575 1702/1702/1702
f 1430/1430/1430 1662/1662/1662 1382/1382/1382
f 1662/1662/1662 1702/1702/1702 1382/1382/1382
f 1608/1608/1608 1387/1387/1387 1444/1444/1444
f 1703/1703/1703 1704/1704/1704 1686/1686/1686
f 1704/1704/1704 1687/1687/1687 1686/1686/1686
f 1379/1379/1379 1380/1380/1380 1703/1703/1703
f 1380/1380/1380 1705/1705/1705 1703/1703/1703
f 1653/1653/1653 1439/1439/1439 1563/1563/1563
f 1439/1439/1439 1503/1503/1503 1563/1563/1563
f 1382/1382/1382 1702/1702/1702 1384/1384/1384
f 1702/1702/1702 1706/1706/1706 1384/1384/1384
f 1702/1702/1702 1575/1575/1575 1707/1707/1707
f 1575/1575/1575 1708/1708/1708 1707/1707/1707
f 1576/1576/1576 1359/1359/1359 1709/1709/1709
f 1359/1359/1359 1361/1361/1361 1709/1709/1709
f 1575/1575/1575 1576/1576/1576 1708/1708/1708
f 1576/1576/1576 1709/1709/1709 1708/1708/1708
f 1444/1444/1444 1387/1387/1387 1653/1653/1653
f 1387/1387/1387 1439/1439/1439 1653/1653/1653
f 1490/1490/1490 1710/1710/1710 1491/1491/1491
f 1710/1710/1710 1711/1711/1711 1491/1491/1491
f 1373/1373/1373 1491/1491/1491 1374/1374/1374
f 1491/1491/1491 1711/1711/1711 1374/1374/1374
f 1146/1146/1146 1144/1144/1144 1142/1142/1142
f 1144/1144/1144 1141/1141/1141 1142/1142/1142
f 1521/1521/1521 1143/1143/1143 1501/1501/1501
f 1143/1143/1143 1145/1145/1145 1501/1501/1501
f 1712/1712/1712 1426/1426/1426 1320/1320/1320
f 1672/1672/1672 1401/1401/1401 1713/1713/1713
f 1401/1401/1401 1582/1582/1582 1713/1713/1713
f 1487/1487/1487 1488/1488/1488 1714/1714/1714
f 1488/1488/1488 1715/1715/1715 1714/1714/1714
f 1349/1349/1349 1351/1351/1351 1488/1488/1488
f 1351/1351/1351 1715/1715/1715 1488/1488/1488
f 1426/1426/1426 1672/1672/1672 1320/1320/1320
f 1672/1672/1672 1713/1713/1713 1320/1320/1320
f 1579/1579/1579 1716/1716/1716 1354/1354/1354
f 1716/1716/1716 1355/1355/1355 1354/1354/1354
f 1503/1503/1503 1504/1504/1504 1579/1579/1579
f 1504/1504/1504 1716/1716/1716 1579/1579/1579
f 1609/1609/1609 1607/1607/1607 1386/1386/1386
f 1607/1607/1607 1383/1383/1383 1386/1386/1386
f 1717/1717/1717 1101/1101/1101 1718/1718/1718
f 1101/1101/1101 1102/1102/1102 1718/1718/1718
f 1719/1719/1719 1343/1343/1343 1428/1428/1428
f 1720/1720/1720 1487/1487/1487 1721/1721/1721
f 1487/1487/1487 1714/1714/1714 1721/1721/1721
f 1346/1346/1346 1720/1720/1720 1348/1348/1348
f 1720/1720/1720 1722/1722/1722 1348/1348/1348
f 1723/1723/1723 1724/1724/1724 1370/1370/1370
f 1724/1724/1724 1725/1725/1725 1370/1370/1370
f 1723/1723/1723 1370/1370/1370 1322/1322/1322
f 1370/1370/1370 1344/1344/1344 1322/1322/1322
f 1663/1663/1663 1369/1369/1369 1584/1584/1584
f 1369/1369/1369 1409/1409/1409 1584/1584/1584
f 1428/1428/1428 1343/1343/1343 1663/1663/1663
f 1343/1343/1343 1369/1369/1369 1663/1663/1663
f 1726/1726/1726 1364/1364/1364 1589/1589/1589
f 1364/1364/1364 1591/1591/1591 1589/1589/1589
f 1727/1727/1727 1728/1728/1728 1490/1490/1490
f 1728/1728/1728 1710/1710/1710 1490/1490/1490
f 1317/1317/1317 1318/1318/1318 1727/1727/1727
f 1318/1318/1318 1729/1729/1729 1727/1727/1727
f 1237/1237/1237 1726/1726/1726 1493/1493/1493
f 1726/1726/1726 1589/1589/1589 1493/1493/1493
f 1320/1320/1320 1713/1713/1713 1322/1322/1322
f 1713/1713/1713 1730/1730/1730 1322/1322/1322
f 1713/1713/1713 1582/1582/1582 1731/1731/1731
f 1582/1582/1582 1732/1732/1732 1731/1731/1731
f 1583/1583/1583 1307/1307/1307 1733/1733/1733
f 1307/1307/1307 1309/1309/1309 1733/1733/1733
f 1582/1582/1582 1583/1583/1583 1732/1732/1732
f 1583/1583/1583 1733/1733/1733 1732/1732/1732
f 1734/1734/1734 1516/1516/1516 1424/1424/1424
f 1513/1513/1513 1735/1735/1735 1514/1514/1514
f 1735/1735/1735 1736/1736/1736 1514/1514/1514
f 1311/1311/1311 1514/1514/1514 1312/1312/1312
f 1514/1514/1514 1736/1736/1736 1312/1312/1312
f 1084/1084/1084 1132/1132/1132 1127/1127/1127
f 1132/1132/1132 1079/1079/1079 1127/1127/1127
f 1547/1547/1547 1133/1133/1133 1520/1520/1520
f 1133/1133/1133 1135/1135/1135 1520/1520/1520
f 1673/1673/1673 1522/1522/1522 1402/1402/1402
f 1522/1522/1522 1432/1432/1432 1402/1402/1402
f 1424/1424/1424 1516/1516/1516 1673/1673/1673
f 1516/1516/1516 1522/1522/1522 1673/1673/1673
f 1510/1510/1510 1511/1511/1511 1737/1737/1737
f 1511/1511/1511 1738/1738/1738 1737/1737/1737
f 1277/1277/1277 1279/1279/1279 1511/1511/1511
f 1279/1279/1279 1738/1738/1738 1511/1511/1511
f 1366/1366/1366 1739/1739/1739 1419/1419/1419
f 1599/1599/1599 1740/1740/1740 1303/1303/1303
f 1740/1740/1740 1304/1304/1304 1303/1303/1303
f 1409/1409/1409 1410/1410/1410 1599/1599/1599
f 1410/1410/1410 1740/1740/1740 1599/1599/1599
f 1719/1719/1719 1712/1712/1712 1342/1342/1342
f 1712/1712/1712 1321/1321/1321 1342/1342/1342
f 1741/1741/1741 1110/1110/1110 1742/1742/1742
f 1110/1110/1110 1108/1108/1108 1742/1742/1742
f 1276/1276/1276 1176/1176/1176 1685/1685/1685
f 1176/1176/1176 1743/1743/1743 1685/1685/1685
f 1685/1685/1685 1743/1743/1743 1558/1558/1558
f 1743/1743/1743 1744/1744/1744 1558/1558/1558
f 1419/1419/1419 1681/1681/1681 1366/1366/1366
f 1681/1681/1681 1365/1365/1365 1366/1366/1366
f 1082/1082/1082 1094/1094/1094 1125/1125/1125
f 1094/1094/1094 1124/1124/1124 1125/1125/1125
f 1568/1568/1568 1126/1126/1126 1546/1546/1546
f 1126/1126/1126 1128/1128/1128 1546/1546/1546
f 1681/1681/1681 1591/1591/1591 1365/1365/1365
f 1591/1591/1591 1364/1364/1364 1365/1365/1365
f 1745/1745/1745 1510/1510/1510 1746/1746/1746
f 1510/1510/1510 1737/1737/1737 1746/1746/1746
f 1272/1272/1272 1745/1745/1745 1274/1274/1274
f 1745/1745/1745 1747/1747/1747 1274/1274/1274
f 1688/1688/1688 1415/1415/1415 1446/1446/1446
f 1415/1415/1415 1748/1748/1748 1446/1446/1446
f 1243/1243/1243 1661/1661/1661 1178/1178/1178
f 1661/1661/1661 1749/1749/1749 1178/1178/1178
f 1661/1661/1661 1554/1554/1554 1749/1749/1749
f 1554/1554/1554 1750/1750/1750 1749/1749/1749
f 1751/1751/1751 1752/1752/1752 1513/1513/1513
f 1752/1752/1752 1735/1735/1735 1513/1513/1513
f 1224/1224/1224 1225/1225/1225 1751/1751/1751
f 1225/1225/1225 1753/1753/1753 1751/1751/1751
f 1686/1686/1686 1688/1688/1688 1445/1445/1445
f 1688/1688/1688 1446/1446/1446 1445/1445/1445
f 1555/1555/1555 1180/1180/1180 1754/1754/1754
f 1180/1180/1180 1182/1182/1182 1754/1754/1754
f 1554/1554/1554 1555/1555/1555 1750/1750/1750
f 1555/1555/1555 1754/1754/1754 1750/1750/1750
f 1755/1755/1755 1756/1756/1756 1757/1757/1757
f 1749/1749/1749 1758/1758/1758 1743/1743/1743
f 1758/1758/1758 1759/1759/1759 1743/1743/1743
f 1749/1749/1749 1743/1743/1743 1178/1178/1178
f 1743/1743/1743 1176/1176/1176 1178/1178/1178
f 1760/1760/1760 1462/1462/1462 1761/1761/1761
f 1462/1462/1462 1472/1472/1472 1761/1761/1761
f 1756/1756/1756 1760/1760/1760 1757/1757/1757
f 1760/1760/1760 1761/1761/1761 1757/1757/1757
f 1648/1648/1648 1647/1647/1647 1223/1223/1223
f 1647/1647/1647 1273/1273/1273 1223/1223/1223
f 1762/1762/1762 1763/1763/1763 1072/1072/1072
f 1763/1763/1763 1074/1074/1074 1072/1072/1072
f 1559/1559/1559 1764/1764/1764 1172/1172/1172
f 1764/1764/1764 1173/1173/1173 1172/1172/1172
f 1668/1668/1668 1671/1671/1671 1316/1316/1316
f 1671/1671/1671 1347/1347/1347 1316/1316/1316
f 1558/1558/1558 1744/1744/1744 1559/1559/1559
f 1744/1744/1744 1764/1764/1764 1559/1559/1559
f 1765/1765/1765 1766/1766/1766 1070/1070/1070
f 1766/1766/1766 1069/1069/1069 1070/1070/1070
f 1171/1171/1171 1164/1164/1164 1651/1651/1651
f 1164/1164/1164 1767/1767/1767 1651/1651/1651
f 1768/1768/1768 1395/1395/1395 1474/1474/1474
f 1395/1395/1395 1378/1378/1378 1474/1474/1474
f 1651/1651/1651 1767/1767/1767 1541/1541/1541
f 1767/1767/1767 1769/1769/1769 1541/1541/1541
f 1770/1770/1770 1066/1066/1066 1771/1771/1771
f 1066/1066/1066 1064/1064/1064 1771/1771/1771
f 1448/1448/1448 1415/1415/1415 1772/1772/1772
f 1773/1773/1773 1162/1162/1162 1217/1217/1217
f 1162/1162/1162 1221/1221/1221 1217/1217/1217
f 1775/1775/1775 1703/1703/1703 1445/1445/1445
f 1703/1703/1703 1686/1686/1686 1445/1445/1445
f 1776/1776/1776 1777/1777/1777 1767/1767/1767
f 1777/1777/1777 1778/1778/1778 1767/1767/1767
f 1776/1776/1776 1767/1767/1767 1166/1166/1166
f 1767/1767/1767 1164/1164/1164 1166/1166/1166
f 1158/1158/1158 1379/1379/1379 1775/1775/1775
f 1379/1379/1379 1703/1703/1703 1775/1775/1775
f 1779/1779/1779 1215/1215/1215 1780/1780/1780
f 1215/1215/1215 1213/1213/1213 1780/1780/1780
f 1664/1664/1664 1331/1331/1331 1239/1239/1239
f 1331/1331/1331 1241/1241/1241 1239/1239/1239
f 1169/1169/1169 1621/1621/1621 1166/1166/1166
f 1621/1621/1621 1781/1781/1781 1166/1166/1166
f 1782/1782/1782 1281/1281/1281 1233/1233/1233
f 1281/1281/1281 1232/1232/1232 1233/1233/1233
f 1621/1621/1621 1537/1537/1537 1783/1783/1783
f 1537/1537/1537 1784/1784/1784 1783/1783/1783
f 1658/1658/1658 1392/1392/1392 1734/1734/1734
f 1392/1392/1392 1390/1390/1390 1734/1734/1734
f 1538/1538/1538 1116/1116/1116 1785/1785/1785
f 1116/1116/1116 1118/1118/1118 1785/1785/1785
f 1786/1786/1786 1787/1787/1787 1060/1060/1060
f 1787/1787/1787 1062/1062/1062 1060/1060/1060
f 1537/1537/1537 1538/1538/1538 1784/1784/1784
f 1538/1538/1538 1785/1785/1785 1784/1784/1784
f 1671/1671/1671 1058/1058/1058 1346/1346/1346
f 1788/1788/1788 1485/1485/1485 1720/1720/1720
f 1485/1485/1485 1487/1487/1487 1720/1720/1720
f 1684/1684/1684 1659/1659/1659 1177/1177/1177
f 1659/1659/1659 1179/1179/1179 1177/1177/1177
f 1789/1789/1789 1106/1106/1106 1790/1790/1790
f 1106/1106/1106 1104/1104/1104 1790/1790/1790
f 1136/1136/1136 1134/1134/1134 1090/1090/1090
f 1134/1134/1134 1089/1089/1089 1090/1090/1090
f 1408/1408/1408 1091/1091/1091 1587/1587/1587
f 1091/1091/1091 1093/1093/1093 1587/1587/1587
f 1542/1542/1542 1791/1791/1791 1111/1111/1111
f 1791/1791/1791 1112/1112/1112 1111/1111/1111
f 1639/1639/1639 1613/1613/1613 1165/1165/1165
f 1613/1613/1613 1167/1167/1167 1165/1165/1165
f 1541/1541/1541 1769/1769/1769 1542/1542/1542
f 1769/1769/1769 1791/1791/1791 1542/1542/1542
f 1792/1792/1792 1793/1793/1793 1096/1096/1096
f 1793/1793/1793 1098/1098/1098 1096/1096/1096
f 1794/1794/1794 1795/1795/1795 1796/1796/1796
f 1795/1795/1795 1797/1797/1797 1796/1796/1796
f 1157/1157/1157 1159/1159/1159 1799/1799/1799
f 1159/1159/1159 1800/1800/1800 1799/1799/1799
f 1058/1058/1058 1788/1788/1788 1346/1346/1346
f 1788/1788/1788 1720/1720/1720 1346/1346/1346
f 1725/1725/1725 1724/1724/1724 1802/1802/1802
f 1724/1724/1724 1803/1803/1803 1802/1802/1802
f 1802/1802/1802 1803/1803/1803 1109/1109/1109
f 1803/1803/1803 1107/1107/1107 1109/1109/1109
f 1804/1804/1804 1805/1805/1805 1794/1794/1794
f 1805/1805/1805 1795/1795/1795 1794/1794/1794
f 1474/1474/1474 1798/1798/1798 1768/1768/1768
f 1798/1798/1798 1806/1806/1806 1768/1768/1768
f 1668/1668/1668 1317/1317/1317 1807/1807/1807
f 1758/1758/1758 1808/1808/1808 1759/1759/1759
f 1808/1808/1808 1809/1809/1809 1759/1759/1759
f 1808/1808/1808 1103/1103/1103 1809/1809/1809
f 1103/1103/1103 1105/1105/1105 1809/1809/1809
f 1810/1810/1810 1811/1811/1811 1812/1812/1812
f 1811/1811/1811 1813/1813/1813 1812/1812/1812
f 1227/1227/1227 1226/1226/1226 1815/1815/1815
f 1226/1226/1226 1816/1816/1816 1815/1815/1815
f 1127/1127/1127 1079/1079/1079 1129/1129/1129
f 1079/1079/1079 1080/1080/1080 1129/1129/1129
f 1588/1588/1588 1081/1081/1081 1567/1567/1567
f 1081/1081/1081 1083/1083/1083 1567/1567/1567
f 1818/1818/1818 1727/1727/1727 1463/1463/1463
f 1727/1727/1727 1490/1490/1490 1463/1463/1463
f 1527/1527/1527 1526/1526/1526 1819/1819/1819
f 1526/1526/1526 1820/1820/1820 1819/1819/1819
f 1819/1819/1819 1820/1820/1820 1099/1099/1099
f 1820/1820/1820 1100/1100/1100 1099/1099/1099
f 1807/1807/1807 1317/1317/1317 1818/1818/1818
f 1317/1317/1317 1727/1727/1727 1818/1818/1818
f 1778/1778/1778 1777/1777/1777 1821/1821/1821
f 1777/1777/1777 1822/1822/1822 1821/1821/1821
f 1821/1821/1821 1822/1822/1822 1097/1097/1097
f 1822/1822/1822 1095/1095/1095 1097/1097/1097
f 1796/1796/1796 1797/1797/1797 1810/1810/1810
f 1797/1797/1797 1811/1811/1811 1810/1810/1810
f 1162/1162/1162 1773/1773/1773 1801/1801/1801
f 1773/1773/1773 1814/1814/1814 1801/1801/1801
f 1647/1647/1647 1454/1454/1454 1272/1272/1272
f 1594/1594/1594 1823/1823/1823 1596/1596/1596
f 1823/1823/1823 1824/1824/1824 1596/1596/1596
f 1823/1823/1823 1071/1071/1071 1824/1824/1824
f 1071/1071/1071 1073/1073/1073 1824/1824/1824
f 1825/1825/1825 1826/1826/1826 1827/1827/1827
f 1826/1826/1826 1828/1828/1828 1827/1827/1827
f 1236/1236/1236 1829/1829/1829 1234/1234/1234
f 1829/1829/1829 1831/1831/1831 1234/1234/1234
f 1633/1633/1633 1508/1508/1508 1745/1745/1745
f 1508/1508/1508 1510/1510/1510 1745/1745/1745
f 1618/1618/1618 1832/1832/1832 1620/1620/1620
f 1832/1832/1832 1833/1833/1833 1620/1620/1620
f 1832/1832/1832 1068/1068/1068 1833/1833/1833
f 1068/1068/1068 1067/1067/1067 1833/1833/1833
f 1812/1812/1812 1813/1813/1813 1825/1825/1825
f 1813/1813/1813 1826/1826/1826 1825/1825/1825
f 1331/1331/1331 1664/1664/1664 1817/1817/1817
f 1664/1664/1664 1831/1831/1831 1817/1817/1817
f 1827/1827/1827 1828/1828/1828 1834/1834/1834
f 1828/1828/1828 1835/1835/1835 1834/1834/1834
f 1658/1658/1658 1734/1734/1734 1830/1830/1830
f 1734/1734/1734 1836/1836/1836 1830/1830/1830
f 1325/1325/1325 1371/1371/1371 1291/1291/1291
f 1371/1371/1371 1435/1435/1435 1291/1291/1291
f 1726/1726/1726 1665/1665/1665 1364/1364/1364
f 1665/1665/1665 1299/1299/1299 1364/1364/1364
f 1237/1237/1237 1235/1235/1235 1726/1726/1726
f 1235/1235/1235 1665/1665/1665 1726/1726/1726
f 1454/1454/1454 1633/1633/1633 1272/1272/1272
f 1633/1633/1633 1745/1745/1745 1272/1272/1272
f 1638/1638/1638 1636/1636/1636 1837/1837/1837
f 1636/1636/1636 1838/1838/1838 1837/1837/1837
f 1837/1837/1837 1838/1838/1838 1065/1065/1065
f 1838/1838/1838 1063/1063/1063 1065/1065/1065
f 1839/1839/1839 1840/1840/1840 1841/1841/1841
f 1840/1840/1840 1842/1842/1842 1841/1841/1841
f 1719/1719/1719 1843/1843/1843 1712/1712/1712
f 1843/1843/1843 1845/1845/1845 1712/1712/1712
f 1846/1846/1846 1847/1847/1847 1848/1848/1848
f 1847/1847/1847 1849/1849/1849 1848/1848/1848
f 1684/1684/1684 1851/1851/1851 1659/1659/1659
f 1851/1851/1851 1852/1852/1852 1659/1659/1659
f 1774/1774/1774 1218/1218/1218 1229/1229/1229
f 1641/1641/1641 1642/1642/1642 1434/1434/1434
f 1642/1642/1642 1284/1284/1284 1434/1434/1434
f 1228/1228/1228 1229/1229/1229 1641/1641/1641
f 1229/1229/1229 1642/1642/1642 1641/1641/1641
f 1655/1655/1655 1853/1853/1853 1657/1657/1657
f 1853/1853/1853 1854/1854/1854 1657/1657/1657
f 1853/1853/1853 1212/1212/1212 1854/1854/1854
f 1212/1212/1212 1214/1214/1214 1854/1854/1854
f 1855/1855/1855 1856/1856/1856 1857/1857/1857
f 1856/1856/1856 1858/1858/1858 1857/1857/1857
f 1613/1613/1613 1639/1639/1639 1859/1859/1859
f 1639/1639/1639 1861/1861/1861 1859/1859/1859
f 1834/1834/1834 1835/1835/1835 1839/1839/1839
f 1835/1835/1835 1840/1840/1840 1839/1839/1839
f 1425/1425/1425 1845/1845/1845 1423/1423/1423
f 1845/1845/1845 1836/1836/1836 1423/1423/1423
f 1254/1254/1254 1775/1775/1775 1252/1252/1252
f 1775/1775/1775 1445/1445/1445 1252/1252/1252
f 1160/1160/1160 1158/1158/1158 1254/1254/1254
f 1158/1158/1158 1775/1775/1775 1254/1254/1254
f 1371/1371/1371 1334/1334/1334 1435/1435/1435
f 1334/1334/1334 1434/1434/1434 1435/1435/1435
f 1677/1677/1677 1675/1675/1675 1862/1862/1862
f 1675/1675/1675 1863/1863/1863 1862/1862/1862
f 1862/1862/1862 1863/1863/1863 1230/1230/1230
f 1863/1863/1863 1231/1231/1231 1230/1230/1230
f 1841/1841/1841 1842/1842/1842 1603/1603/1603
f 1842/1842/1842 1604/1604/1604 1603/1603/1603
f 1429/1429/1429 1610/1610/1610 1427/1427/1427
f 1610/1610/1610 1844/1844/1844 1427/1427/1427
f 1605/1605/1605 1606/1606/1606 1846/1846/1846
f 1606/1606/1606 1847/1847/1847 1846/1846/1846
f 1442/1442/1442 1441/1441/1441 1611/1611/1611
f 1441/1441/1441 1852/1852/1852 1611/1611/1611
f 1648/1648/1648 1224/1224/1224 1056/1056/1056
f 1760/1760/1760 1818/1818/1818 1462/1462/1462
f 1818/1818/1818 1463/1463/1463 1462/1462/1462
f 1756/1756/1756 1807/1807/1807 1760/1760/1760
f 1807/1807/1807 1818/1818/1818 1760/1760/1760
f 1864/1864/1864 1751/1751/1751 1498/1498/1498
f 1751/1751/1751 1513/1513/1513 1498/1498/1498
f 1700/1700/1700 1865/1865/1865 1701/1701/1701
f 1865/1865/1865 1866/1866/1866 1701/1701/1701
f 1865/1865/1865 1059/1059/1059 1866/1866/1866
f 1059/1059/1059 1061/1061/1061 1866/1866/1866
f 1857/1857/1857 1858/1858/1858 1645/1645/1645
f 1858/1858/1858 1646/1646/1646 1645/1645/1645
f 1451/1451/1451 1453/1453/1453 1861/1861/1861
f 1453/1453/1453 1650/1650/1650 1861/1861/1861
f 1848/1848/1848 1849/1849/1849 1855/1855/1855
f 1849/1849/1849 1856/1856/1856 1855/1855/1855
f 1455/1455/1455 1860/1860/1860 1456/1456/1456
f 1860/1860/1860 1850/1850/1850 1456/1456/1456
f 1056/1056/1056 1224/1224/1224 1864/1864/1864
f 1224/1224/1224 1751/1751/1751 1864/1864/1864
f 1788/1788/1788 1864/1864/1864 1485/1485/1485
f 1864/1864/1864 1498/1498/1498 1485/1485/1485
f 1058/1058/1058 1056/1056/1056 1788/1788/1788
f 1056/1056/1056 1864/1864/1864 1788/1788/1788
f 1666/1666/1666 1667/1667/1667 1804/1804/1804
f 1667/1667/1667 1805/1805/1805 1804/1804/1804
f 1669/1669/1669 1867/1867/1867 1868/1868/1868
f 1867/1867/1867 1869/1869/1869 1868/1868/1868
f 1867/1867/1867 1807/1807/1807 1869/1869/1869
f 1807/1807/1807 1756/1756/1756 1869/1869/1869
f 1870/1870/1870 1871/1871/1871 1872/1872/1872
f 1871/1871/1871 1873/1873/1873 1872/1872/1872
f 1874/1874/1874 1875/1875/1875 1876/1876/1876
f 1875/1875/1875 1877/1877/1877 1876/1876/1876
f 1878/1878/1878 1879/1879/1879 1880/1880/1880
f 1879/1879/1879 1881/1881/1881 1880/1880/1880
f 1882/1882/1882 1883/1883/1883 1884/1884/1884
f 1883/1883/1883 1885/1885/1885 1884/1884/1884
f 1886/1886/1886 1887/1887/1887 1888/1888/1888
f 1887/1887/1887 1889/1889/1889 1888/1888/1888
f 1890/1890/1890 1891/1891/1891 1892/1892/1892
f 1891/1891/1891 1893/1893/1893 1892/1892/1892
f 1878/1878/1878 1880/1880/1880 1875/1875/1875
f 1880/1880/1880 1877/1877/1877 1875/1875/1875
f 1882/1882/1882 1874/1874/1874 1883/1883/1883
f 1874/1874/1874 1876/1876/1876 1883/1883/1883
f 1891/1891/1891 1888/1888/1888 1893/1893/1893
f 1888/1888/1888 1889/1889/1889 1893/1893/1893
f 1894/1894/1894 1890/1890/1890 1895/1895/1895
f 1890/1890/1890 1892/1892/1892 1895/1895/1895
f 1896/1896/1896 1897/1897/1897 1898/1898/1898
f 1897/1897/1897 1899/1899/1899 1898/1898/1898
f 1894/1894/1894 1895/1895/1895 1896/1896/1896
f 1895/1895/1895 1897/1897/1897 1896/1896/1896
f 1900/1900/1900 1901/1901/1901 1902/1902/1902
f 1901/1901/1901 1903/1903/1903 1902/1902/1902
f 1898/1898/1898 1899/1899/1899 1900/1900/1900
f 1899/1899/1899 1901/1901/1901 1900/1900/1900
f 1904/1904/1904 1905/1905/1905 1870/1870/1870
f 1905/1905/1905 1871/1871/1871 1870/1870/1870
f 1904/1904/1904 1902/1902/1902 1905/1905/1905
f 1902/1902/1902 1903/1903/1903 1905/1905/1905
f 1906/1906/1906 1872/1872/1872 1907/1907/1907
f 1872/1872/1872 1873/1873/1873 1907/1907/1907
f 1908/1908/1908 1909/1909/1909 1879/1879/1879
f 1909/1909/1909 1881/1881/1881 1879/1879/1879
f 1906/1906/1906 1907/1907/1907 1908/1908/1908
f 1907/1907/1907 1909/1909/1909 1908/1908/1908
f 1886/1886/1886 1884/1884/1884 1887/1887/1887
f 1884/1884/1884 1885/1885/1885 1887/1887/1887
f 1910/1910/1910 1911/1911/1911 1912/1912/1912
f 1911/1911/1911 1913/1913/1913 1912/1912/1912
f 1911/1911/1911 1914/1914/1914 1913/1913/1913
f 1914/1914/1914 1915/1915/1915 1913/1913/1913
f 1914/1914/1914 1916/1916/1916 1915/1915/1915
f 1916/1916/1916 1917/1917/1917 1915/1915/1915
f 1916/1916/1916 1918/1918/1918 1917/1917/1917
f 1918/1918/1918 1919/1919/1919 1917/1917/1917
f 1918/1918/1918 1920/1920/1920 1919/1919/1919
f 1920/1920/1920 1921/1921/1921 1919/1919/1919
f 1920/1920/1920 1922/1922/1922 1921/1921/1921
f 1922/1922/1922 1923/1923/1923 1921/1921/1921
f 1922/1922/1922 1924/1924/1924 1923/1923/1923
f 1924/1924/1924 1925/1925/1925 1923/1923/1923
f 1924/1924/1924 1926/1926/1926 1925/1925/1925
f 1926/1926/1926 1927/1927/1927 1925/1925/1925
f 1926/1926/1926 1928/1928/1928 1927/1927/1927
f 1928/1928/1928 1929/1929/1929 1927/1927/1927
f 1928/1928/1928 1930/1930/1930 1929/1929/1929
f 1930/1930/1930 1931/1931/1931 1929/1929/1929
f 1930/1930/1930 1932/1932/1932 1931/1931/1931
f 1932/1932/1932 1933/1933/1933 1931/1931/1931
f 1932/1932/1932 1934/1934/1934 1933/1933/1933
f 1934/1934/1934 1935/1935/1935 1933/1933/1933
f 1934/1934/1934 1936/1936/1936 1935/1935/1935
f 1936/1936/1936 1937/1937/1937 1935/1935/1935
f 1936/1936/1936 1938/1938/1938 1937/1937/1937
f 1938/1938/1938 1939/1939/1939 1937/1937/1937
f 1938/1938/1938 1940/1940/1940 1939/1939/1939
f 1940/1940/1940 1941/1941/1941 1939/1939/1939
f 1940/1940/1940 1942/1942/1942 1941/1941/1941
f 1942/1942/1942 1943/1943/1943 1941/1941/1941
f 1942/1942/1942 1944/1944/1944 1943/1943/1943
f 1944/1944/1944 1945/1945/1945 1943/1943/1943
f 1944/1944/1944 1946/1946/1946 1945/1945/1945
f 1946/1946/1946 1947/1947/1947 1945/1945/1945
f 1946/1946/1946 1948/1948/1948 1947/1947/1947
f 1948/1948/1948 1949/1949/1949 1947/1947/1947
f 1948/1948/1948 1910/1910/1910 1949/1949/1949
f 1910/1910/1910 1912/1912/1912 1949/1949/1949
f 1950/1950/1950 1951/1951/1951 1952/1952/1952
f 1951/1951/1951 1953/1953/1953 1952/1952/1952
f 1951/1951/1951 1954/1954/1954 1953/1953/1953
f 1954/1954/1954 1955/1955/1955 1953/1953/1953
f 1954/1954/1954 1956/1956/1956 1955/1955/1955
f 1956/1956/1956 1957/1957/1957 1955/1955/1955
f 1956/1956/1956 1958/1958/1958 1957/1957/1957
f 1958/1958/1958 1959/1959/1959 1957/1957/1957
f 1958/1958/1958 1960/1960/1960 1959/1959/1959
f 1960/1960/1960 1961/1961/1961 1959/1959/1959
f 1960/1960/1960 1962/1962/1962 1961/1961/1961
f 1962/1962/1962 1963/1963/1963 1961/1961/1961
f 1962/1962/1962 1964/1964/1964 1963/1963/1963
f 1964/1964/1964 1965/1965/1965 1963/1963/1963
f 1964/1964/1964 1966/1966/1966 1965/1965/1965
f 1966/1966/1966 1967/1967/1967 1965/1965/1965
f 1966/1966/1966 1968/1968/1968 1967/1967/1967
f 1968/1968/1968 1969/1969/1969 1967/1967/1967
f 1968/1968/1968 1970/1970/1970 1969/1969/1969
f 1970/1970/1970 1971/1971/1971 1969/1969/1969
f 1970/1970/1970 1972/1972/1972 1971/1971/1971
f 1972/1972/1972 1973/1973/1973 1971/1971/1971
f 1972/1972/1972 1974/1974/1974 1973/1973/1973
f 1974/1974/1974 1975/1975/1975 1973/1973/1973
f 1974/1974/1974 1976/1976/1976 1975/1975/1975
f 1976/1976/1976 1977/1977/1977 1975/1975/1975
f 1976/1976/1976 1978/1978/1978 1977/1977/1977
f 1978/1978/1978 1979/1979/1979 1977/1977/1977
f 1978/1978/1978 1980/1980/1980 1979/1979/1979
f 1980/1980/1980 1981/1981/1981 1979/1979/1979
f 1980/1980/1980 1982/1982/1982 1981/1981/1981
f 1982/1982/1982 1983/1983/1983 1981/1981/1981
f 1982/1982/1982 1984/1984/1984 1983/1983/1983
f 1984/1984/1984 1985/1985/1985 1983/1983/1983
f 1984/1984/1984 1986/1986/1986 1985/1985/1985
f 1986/1986/1986 1987/1987/1987 1985/1985/1985
f 1986/1986/1986 1988/1988/1988 1987/1987/1987
f 1988/1988/1988 1989/1989/1989 1987/1987/1987
f 1988/1988/1988 1950/1950/1950 1989/1989/1989
f 1950/1950/1950 1952/1952/1952 1989/1989/1989
f 1990/1990/1990 1991/1991/1991 1992/1992/1992
f 1991/1991/1991 1993/1993/1993 1992/1992/1992
f 1992/1992/1992 1993/1993/1993 1994/1994/1994
f 1993/1993/1993 1995/1995/1995 1994/1994/1994
f 1994/1994/1994 1995/1995/1995 1996/1996/1996
f 1995/1995/1995 1997/1997/1997 1996/1996/1996
f 1996/1996/1996 1997/1997/1997 1998/1998/1998
f 1997/1997/1997 1999/1999/1999 1998/1998/1998
f 1998/1998/1998 1999/1999/1999 2000/2000/2000
f 1999/1999/1999 2001/2001/2001 2000/2000/2000
f 2000/2000/2000 2001/2001/2001 2002/2002/2002
f 2001/2001/2001 2003/2003/2003 2002/2002/2002
f 2002/2002/2002 2003/2003/2003 2004/2004/2004
f 2003/2003/2003 2005/2005/2005 2004/2004/2004
f 2004/2004/2004 2005/2005/2005 2006/2006/2006
f 2005/2005/2005 2007/2007/2007 2006/2006/2006
f 2006/2006/2006 2007/2007/2007 2008/2008/2008
f 2007/2007/2007 2009/2009/2009 2008/2008/2008
f 2008/2008/2008 2009/2009/2009 2010/2010/2010
f 2009/2009/2009 2011/2011/2011 2010/2010/2010
f 2010/2010/2010 2011/2011/2011 2012/2012/2012
f 2011/2011/2011 2013/2013/2013 2012/2012/2012
f 2012/2012/2012 2013/2013/2013 2014/2014/2014
f 2013/2013/2013 2015/2015/2015 2014/2014/2014
f 2014/2014/2014 2015/2015/2015 2016/2016/2016
f 2015/2015/2015 2017/2017/2017 2016/2016/2016
f 2016/2016/2016 2017/2017/2017 2018/2018/2018
f 2017/2017/2017 2019/2019/2019 2018/2018/2018
f 2018/2018/2018 2019/2019/2019 2020/2020/2020
f 2019/2019/2019 2021/2021/2021 2020/2020/2020
f 2020/2020/2020 2021/2021/2021 2022/2022/2022
f 2021/2021/2021 2023/2023/2023 2022/2022/2022
f 2022/2022/2022 2023/2023/2023 2024/2024/2024
f 2023/2023/2023 2025/2025/2025 2024/2024/2024
f 2024/2024/2024 2025/2025/2025 2026/2026/2026
f 2025/2025/2025 2027/2027/2027 2026/2026/2026
f 2026/2026/2026 2027/2027/2027 2028/2028/2028
f 2027/2027/2027 2029/2029/2029 2028/2028/2028
f 2028/2028/2028 2029/2029/2029 1990/1990/1990
f 2029/2029/2029 1991/1991/1991 1990/1990/1990
f 2030/2030/2030 2031/2031/2031 2032/2032/2032
f 2031/2031/2031 2033/2033/2033 2032/2032/2032
f 2033/2033/2033 2034/2034/2034 2032/2032/2032
f 2034/2034/2034 2035/2035/2035 2032/2032/2032
f 2035/2035/2035 2036/2036/2036 2032/2032/2032
f 2036/2036/2036 2037/2037/2037 2032/2032/2032
f 2037/2037/2037 2038/2038/2038 2032/2032/2032
f 2038/2038/2038 2039/2039/2039 2032/2032/2032
f 2039/2039/2039 2040/2040/2040 2032/2032/2032
f 2040/2040/2040 2041/2041/2041 2032/2032/2032
f 2041/2041/2041 2042/2042/2042 2032/2032/2032
f 2042/2042/2042 2043/2043/2043 2032/2032/2032
f 2043/2043/2043 2044/2044/2044 2032/2032/2032
f 2044/2044/2044 2045/2045/2045 2032/2032/2032
f 2045/2045/2045 2046/2046/2046 2032/2032/2032
f 2046/2046/2046 2047/2047/2047 2032/2032/2032
f 2047/2047/2047 2048/2048/2048 2032/2032/2032
f 2048/2048/2048 2049/2049/2049 2032/2032/2032
f 2030/2030/2030 2032/2032/2032 2009/2009/2009
f 2032/2032/2032 2011/2011/2011 2009/2009/2009
f 2031/2031/2031 2030/2030/2030 2007/2007/2007
f 2030/2030/2030 2009/2009/2009 2007/2007/2007
f 2033/2033/2033 2031/2031/2031 2005/2005/2005
f 2031/2031/2031 2007/2007/2007 2005/2005/2005
f 2034/2034/2034 2033/2033/2033 2003/2003/2003
f 2033/2033/2033 2005/2005/2005 2003/2003/2003
f 2035/2035/2035 2034/2034/2034 2001/2001/2001
f 2034/2034/2034 2003/2003/2003 2001/2001/2001
f 2036/2036/2036 2035/2035/2035 1999/1999/1999
f 2035/2035/2035 2001/2001/2001 1999/1999/1999
f 2037/2037/2037 2036/2036/2036 1997/1997/1997
f 2036/2036/2036 1999/1999/1999 1997/1997/1997
f 2038/2038/2038 2037/2037/2037 1995/1995/1995
f 2037/2037/2037 1997/1997/1997 1995/1995/1995
f 2039/2039/2039 2038/2038/2038 1993/1993/1993
f 2038/2038/2038 1995/1995/1995 1993/1993/1993
f 2040/2040/2040 2039/2039/2039 1991/1991/1991
f 2039/2039/2039 1993/1993/1993 1991/1991/1991
f 2041/2041/2041 2040/2040/2040 2029/2029/2029
f 2040/2040/2040 1991/1991/1991 2029/2029/2029
f 2042/2042/2042 2041/2041/2041 2027/2027/2027
f 2041/2041/2041 2029/2029/2029 2027/2027/2027
f 2043/2043/2043 2042/2042/2042 2025/2025/2025
f 2042/2042/2042 2027/2027/2027 2025/2025/2025
f 2044/2044/2044 2043/2043/2043 2023/2023/2023
f 2043/2043/2043 2025/2025/2025 2023/2023/2023
f 2045/2045/2045 2044/2044/2044 2021/2021/2021
f 2044/2044/2044 2023/2023/2023 2021/2021/2021
f 2046/2046/2046 2045/2045/2045 2019/2019/2019
f 2045/2045/2045 2021/2021/2021 2019/2019/2019
f 2047/2047/2047 2046/2046/2046 2017/2017/2017
f 2046/2046/2046 2019/2019/2019 2017/2017/2017
f 2048/2048/2048 2047/2047/2047 2015/2015/2015
f 2047/2047/2047 2017/2017/2017 2015/2015/2015
f 2049/2049/2049 2048/2048/2048 2013/2013/2013
f 2048/2048/2048 2015/2015/2015 2013/2013/2013
f 2032/2032/2032 2049/2049/2049 2011/2011/2011
f 2049/2049/2049 2013/2013/2013 2011/2011/2011
f 2050/2050/2050 2051/2051/2051 2052/2052/2052
f 2051/2051/2051 2053/2053/2053 2052/2052/2052
f 2051/2051/2051 2054/2054/2054 2053/2053/2053
f 2054/2054/2054 2055/2055/2055 2053/2053/2053
f 2054/2054/2054 2056/2056/2056 2055/2055/2055
f 2056/2056/2056 2057/2057/2057 2055/2055/2055
f 2056/2056/2056 2058/2058/2058 2057/2057/2057
f 2058/2058/2058 2059/2059/2059 2057/2057/2057
f 2058/2058/2058 2060/2060/2060 2059/2059/2059
f 2060/2060/2060 2061/2061/2061 2059/2059/2059
f 2060/2060/2060 2062/2062/2062 2061/2061/2061
f 2062/2062/2062 2063/2063/2063 2061/2061/2061
f 2062/2062/2062 2064/2064/2064 2063/2063/2063
f 2064/2064/2064 2065/2065/2065 2063/2063/2063
f 2064/2064/2064 2066/2066/2066 2065/2065/2065
f 2066/2066/2066 2067/2067/2067 2065/2065/2065
f 2066/2066/2066 2068/2068/2068 2067/2067/2067
f 2068/2068/2068 2069/2069/2069 2067/2067/2067
f 2068/2068/2068 2070/2070/2070 2069/2069/2069
f 2070/2070/2070 2071/2071/2071 2069/2069/2069
f 2070/2070/2070 2072/2072/2072 2071/2071/2071
f 2072/2072/2072 2073/2073/2073 2071/2071/2071
f 2072/2072/2072 2074/2074/2074 2073/2073/2073
f 2074/2074/2074 2075/2075/2075 2073/2073/2073
f 2074/2074/2074 2076/2076/2076 2075/2075/2075
f 2076/2076/2076 2077/2077/2077 2075/2075/2075
f 2076/2076/2076 2078/2078/2078 2077/2077/2077
f 2078/2078/2078 2079/2079/2079 2077/2077/2077
f 2078/2078/2078 2080/2080/2080 2079/2079/2079
f 2080/2080/2080 2081/2081/2081 2079/2079/2079
f 2080/2080/2080 2082/2082/2082 2081/2081/2081
f 2082/2082/2082 2083/2083/2083 2081/2081/2081
f 2082/2082/2082 2084/2084/2084 2083/2083/2083
f 2084/2084/2084 2085/2085/2085 2083/2083/2083
f 2084/2084/2084 2086/2086/2086 2085/2085/2085
f 2086/2086/2086 2087/2087/2087 2085/2085/2085
f 2086/2086/2086 2088/2088/2088 2087/2087/2087
f 2088/2088/2088 2089/2089/2089 2087/2087/2087
f 2088/2088/2088 2050/2050/2050 2089/2089/2089
f 2050/2050/2050 2052/2052/2052 2089/2089/2089
f 2090/2090/2090 2091/2091/2091 2092/2092/2092
f 2091/2091/2091 2093/2093/2093 2092/2092/2092
f 2094/2094/2094 2095/2095/2095 2096/2096/2096
f 2095/2095/2095 2097/2097/2097 2096/2096/2096
f 85/85/85 78/78/78 87/87/87
f 78/78/78 79/79/79 87/87/87
f 2098/2098/2098 2100/2100/2100 2102/2102/2102
f 2099/2099/2099 2103/2103/2103 2101/2101/2101
f 2100/2100/2100 2106/2106/2106 2104/2104/2104
f 2105/2105/2105 2107/2107/2107 2103/2103/2103
f 2106/2106/2106 2110/2110/2110 2108/2108/2108
f 2109/2109/2109 2111/2111/2111 2107/2107/2107
f 2110/2110/2110 2114/2114/2114 2112/2112/2112
f 2113/2113/2113 2115/2115/2115 2111/2111/2111
f 2116/2116/2116 2117/2117/2117 2118/2118/2118
f 2117/2117/2117 2119/2119/2119 2118/2118/2118
f 2117/2117/2117 2120/2120/2120 2119/2119/2119
f 2120/2120/2120 2121/2121/2121 2119/2119/2119
f 2120/2120/2120 2122/2122/2122 2121/2121/2121
f 2122/2122/2122 2123/2123/2123 2121/2121/2121
f 2122/2122/2122 2124/2124/2124 2123/2123/2123
f 2124/2124/2124 2125/2125/2125 2123/2123/2123
f 53/53/53 52/52/52 105/105/105
f 52/52/52 107/107/107 105/105/105
f 14/14/14 2126/2126/2126 7/7/7
f 2126/2126/2126 2127/2127/2127 7/7/7
f 2126/2126/2126 13/13/13 2127/2127/2127
f 13/13/13 3/3/3 2127/2127/2127
f 50/50/50 102/102/102 51/51/51
f 102/102/102 103/103/103 51/51/51
f 162/162/162 2128/2128/2128 163/163/163
f 2128/2128/2128 2129/2129/2129 163/163/163
f 2128/2128/2128 2130/2130/2130 2129/2129/2129
f 2130/2130/2130 2131/2131/2131 2129/2129/2129
f 2130/2130/2130 2132/2132/2132 2131/2131/2131
f 2132/2132/2132 2133/2133/2133 2131/2131/2131
f 2132/2132/2132 120/120/120 2133/2133/2133
f 120/120/120 122/122/122 2133/2133/2133
f 2134/2134/2134 201/201/201 64/64/64
f 201/201/201 65/65/65 64/64/64
f 7/7/7 2127/2127/2127 9/9/9
f 2127/2127/2127 2135/2135/2135 9/9/9
f 2127/2127/2127 3/3/3 2135/2135/2135
f 3/3/3 5/5/5 2135/2135/2135
f 2136/2136/2136 36/36/36 200/200/200
f 36/36/36 38/38/38 200/200/200
f 2097/2097/2097 2137/2137/2137 2096/2096/2096
f 2137/2137/2137 2138/2138/2138 2096/2096/2096
f 2137/2137/2137 2139/2139/2139 2138/2138/2138
f 2139/2139/2139 2140/2140/2140 2138/2138/2138
f 2139/2139/2139 2141/2141/2141 2140/2140/2140
f 2141/2141/2141 2142/2142/2142 2140/2140/2140
f 2141/2141/2141 2092/2092/2092 2142/2142/2142
f 2092/2092/2092 2093/2093/2093 2142/2142/2142
f 2094/2094/2094 2143/2143/2143 2144/2144/2144
f 2143/2143/2143 2145/2145/2145 2144/2144/2144
f 2143/2143/2143 2146/2146/2146 2145/2145/2145
f 2146/2146/2146 2147/2147/2147 2145/2145/2145
f 2146/2146/2146 2148/2148/2148 2147/2147/2147
f 2148/2148/2148 2149/2149/2149 2147/2147/2147
f 2148/2148/2148 2091/2091/2091 2149/2149/2149
f 2091/2091/2091 2150/2150/2150 2149/2149/2149
f 2144/2144/2144 2145/2145/2145 15/15/15
f 2145/2145/2145 14/14/14 15/15/15
f 2145/2145/2145 2147/2147/2147 14/14/14
f 2147/2147/2147 2126/2126/2126 14/14/14
f 2147/2147/2147 2149/2149/2149 2126/2126/2126
f 2149/2149/2149 13/13/13 2126/2126/2126
f 2149/2149/2149 2150/2150/2150 13/13/13
f 2150/2150/2150 11/11/11 13/13/13
f 145/145/145 147/147/147 143/143/143
f 147/147/147 149/149/149 143/143/143
f 149/149/149 151/151/151 143/143/143
f 151/151/151 153/153/153 143/143/143
f 153/153/153 155/155/155 143/143/143
f 155/155/155 157/157/157 143/143/143
f 157/157/157 159/159/159 143/143/143
f 159/159/159 161/161/161 143/143/143
f 161/161/161 163/163/163 143/143/143
f 163/163/163 2129/2129/2129 143/143/143
f 2129/2129/2129 2131/2131/2131 143/143/143
f 2131/2131/2131 2133/2133/2133 143/143/143
f 2133/2133/2133 122/122/122 143/143/143
f 122/122/122 123/123/123 143/143/143
f 123/123/123 125/125/125 143/143/143
f 125/125/125 127/127/127 143/143/143
f 127/127/127 129/129/129 143/143/143
f 129/129/129 131/131/131 143/143/143
f 131/131/131 133/133/133 143/143/143
f 133/133/133 135/135/135 143/143/143
f 135/135/135 137/137/137 143/143/143
f 137/137/137 139/139/139 143/143/143
f 139/139/139 141/141/141 143/143/143
f 2092/2092/2092 2141/2141/2141 2090/2090/2090
f 2141/2141/2141 2151/2151/2151 2090/2090/2090
f 2141/2141/2141 2139/2139/2139 2151/2151/2151
f 2139/2139/2139 2152/2152/2152 2151/2151/2151
f 2139/2139/2139 2137/2137/2137 2152/2152/2152
f 2137/2137/2137 2153/2153/2153 2152/2152/2152
f 2137/2137/2137 2097/2097/2097 2153/2153/2153
f 2097/2097/2097 2095/2095/2095 2153/2153/2153
f 2096/2096/2096 2138/2138/2138 2094/2094/2094
f 2138/2138/2138 2143/2143/2143 2094/2094/2094
f 2138/2138/2138 2140/2140/2140 2143/2143/2143
f 2140/2140/2140 2146/2146/2146 2143/2143/2143
f 2140/2140/2140 2142/2142/2142 2146/2146/2146
f 2142/2142/2142 2148/2148/2148 2146/2146/2146
f 2142/2142/2142 2093/2093/2093 2148/2148/2148
f 2093/2093/2093 2091/2091/2091 2148/2148/2148
f 2154/2154/2154 2155/2155/2155 2156/2156/2156
f 2155/2155/2155 2157/2157/2157 2156/2156/2156
f 2158/2158/2158 2159/2159/2159 2160/2160/2160
f 2159/2159/2159 2161/2161/2161 2160/2160/2160
f 2162/2162/2162 2163/2163/2163 2164/2164/2164
f 2163/2163/2163 2165/2165/2165 2164/2164/2164
f 2166/2166/2166 2167/2167/2167 2168/2168/2168
f 2167/2167/2167 2169/2169/2169 2168/2168/2168
f 2170/2170/2170 2171/2171/2171 2172/2172/2172
f 2171/2171/2171 2173/2173/2173 2172/2172/2172
f 2174/2174/2174 2175/2175/2175 2176/2176/2176
f 2175/2175/2175 2177/2177/2177 2176/2176/2176
f 2178/2178/2178 2179/2179/2179 2180/2180/2180
f 2179/2179/2179 2181/2181/2181 2180/2180/2180
f 2182/2182/2182 2183/2183/2183 2184/2184/2184
f 2183/2183/2183 2185/2185/2185 2184/2184/2184
f 2186/2186/2186 2187/2187/2187 2188/2188/2188
f 2187/2187/2187 2189/2189/2189 2188/2188/2188
f 2190/2190/2190 2191/2191/2191 2192/2192/2192
f 2191/2191/2191 2193/2193/2193 2192/2192/2192
f 2194/2194/2194 2195/2195/2195 2196/2196/2196
f 2195/2195/2195 2197/2197/2197 2196/2196/2196
f 2198/2198/2198 2199/2199/2199 2200/2200/2200
f 2199/2199/2199 2201/2201/2201 2200/2200/2200
f 2202/2202/2202 2203/2203/2203 2204/2204/2204
f 2203/2203/2203 2205/2205/2205 2204/2204/2204
f 2206/2206/2206 2207/2207/2207 2208/2208/2208
f 2207/2207/2207 2209/2209/2209 2208/2208/2208
f 2210/2210/2210 2211/2211/2211 2212/2212/2212
f 2211/2211/2211 2213/2213/2213 2212/2212/2212
f 2214/2214/2214 2215/2215/2215 2216/2216/2216
f 2215/2215/2215 2217/2217/2217 2216/2216/2216
f 2218/2218/2218 2219/2219/2219 2220/2220/2220
f 2219/2219/2219 2221/2221/2221 2220/2220/2220
f 2222/2222/2222 2223/2223/2223 2224/2224/2224
f 2223/2223/2223 2225/2225/2225 2224/2224/2224
f 2226/2226/2226 2227/2227/2227 2228/2228/2228
f 2227/2227/2227 2229/2229/2229 2228/2228/2228
f 2230/2230/2230 2231/2231/2231 2232/2232/2232
f 2231/2231/2231 2233/2233/2233 2232/2232/2232
f 2234/2234/2234 2235/2235/2235 2236/2236/2236
f 2235/2235/2235 2237/2237/2237 2236/2236/2236
f 2238/2238/2238 2239/2239/2239 2240/2240/2240
f 2239/2239/2239 2241/2241/2241 2240/2240/2240
f 2242/2242/2242 2243/2243/2243 2244/2244/2244
f 2243/2243/2243 2245/2245/2245 2244/2244/2244
f 2246/2246/2246 2247/2247/2247 2249/2249/2249
f 2248/2248/2248 2251/2251/2251 2250/2250/2250
f 2252/2252/2252 2253/2253/2253 2254/2254/2254
f 2253/2253/2253 2255/2255/2255 2254/2254/2254
f 2256/2256/2256 2257/2257/2257 2258/2258/2258
f 2257/2257/2257 2259/2259/2259 2258/2258/2258
f 2260/2260/2260 2261/2261/2261 2262/2262/2262
f 2261/2261/2261 2263/2263/2263 2262/2262/2262
f 2264/2264/2264 2265/2265/2265 2266/2266/2266
f 2265/2265/2265 2267/2267/2267 2266/2266/2266
f 2268/2268/2268 2269/2269/2269 2270/2270/2270
f 2269/2269/2269 2271/2271/2271 2270/2270/2270
f 2272/2272/2272 2273/2273/2273 2274/2274/2274
f 2273/2273/2273 2275/2275/2275 2274/2274/2274
f 2276/2276/2276 2277/2277/2277 2278/2278/2278
f 2277/2277/2277 2279/2279/2279 2278/2278/2278
f 2280/2280/2280 2281/2281/2281 2282/2282/2282
f 2281/2281/2281 2283/2283/2283 2282/2282/2282
f 2284/2284/2284 2285/2285/2285 2286/2286/2286
f 2285/2285/2285 2287/2287/2287 2286/2286/2286
f 2288/2288/2288 2290/2290/2290 2292/2292/2292
f 2289/2289/2289 2293/2293/2293 2291/2291/2291
f 2294/2294/2294 2295/2295/2295 2296/2296/2296
f 2295/2295/2295 2297/2297/2297 2296/2296/2296
f 2298/2298/2298 2299/2299/2299 2300/2300/2300
f 2299/2299/2299 2301/2301/2301 2300/2300/2300
f 2302/2302/2302 2303/2303/2303 2304/2304/2304
f 2303/2303/2303 2305/2305/2305 2304/2304/2304
f 2306/2306/2306 2307/2307/2307 2308/2308/2308
f 2307/2307/2307 2309/2309/2309 2308/2308/2308
f 2310/2310/2310 2311/2311/2311 2312/2312/2312
f 2311/2311/2311 2313/2313/2313 2312/2312/2312
f 2314/2314/2314 2315/2315/2315 2316/2316/2316
f 2315/2315/2315 2317/2317/2317 2316/2316/2316
f 2318/2318/2318 2319/2319/2319 2320/2320/2320
f 2319/2319/2319 2321/2321/2321 2320/2320/2320
f 2311/2311/2311 2322/2322/2322 2313/2313/2313
f 2322/2322/2322 2323/2323/2323 2313/2313/2313
f 2324/2324/2324 2325/2325/2325 2326/2326/2326
f 2325/2325/2325 2327/2327/2327 2326/2326/2326
f 2322/2322/2322 2328/2328/2328 2323/2323/2323
f 2328/2328/2328 2329/2329/2329 2323/2323/2323
f 2330/2330/2330 2331/2331/2331 2332/2332/2332
f 2331/2331/2331 2333/2333/2333 2332/2332/2332
f 2334/2334/2334 2335/2335/2335 2336/2336/2336
f 2335/2335/2335 2337/2337/2337 2336/2336/2336
f 2328/2328/2328 2310/2310/2310 2329/2329/2329
f 2310/2310/2310 2312/2312/2312 2329/2329/2329
f 2338/2338/2338 2339/2339/2339 2340/2340/2340
f 2339/2339/2339 2341/2341/2341 2340/2340/2340
f 2328/2328/2328 2322/2322/2322 2342/2342/2342
f 2322/2322/2322 2343/2343/2343 2342/2342/2342
f 2344/2344/2344 2345/2345/2345 2314/2314/2314
f 2345/2345/2345 2315/2315/2315 2314/2314/2314
f 2346/2346/2346 2347/2347/2347 2348/2348/2348
f 2347/2347/2347 2349/2349/2349 2348/2348/2348
f 2322/2322/2322 2350/2350/2350 2343/2343/2343
f 2350/2350/2350 2351/2351/2351 2343/2343/2343
f 2352/2352/2352 2353/2353/2353 2354/2354/2354
f 2353/2353/2353 2355/2355/2355 2354/2354/2354
f 2350/2350/2350 2356/2356/2356 2351/2351/2351
f 2356/2356/2356 2357/2357/2357 2351/2351/2351
f 2332/2332/2332 2333/2333/2333 2358/2358/2358
f 2333/2333/2333 2359/2359/2359 2358/2358/2358
f 2360/2360/2360 2361/2361/2361 2362/2362/2362
f 2361/2361/2361 2363/2363/2363 2362/2362/2362
f 2356/2356/2356 2328/2328/2328 2357/2357/2357
f 2328/2328/2328 2342/2342/2342 2357/2357/2357
f 2364/2364/2364 2365/2365/2365 2366/2366/2366
f 2365/2365/2365 2367/2367/2367 2366/2366/2366
f 2356/2356/2356 2350/2350/2350 2368/2368/2368
f 2350/2350/2350 2369/2369/2369 2368/2368/2368
f 2370/2370/2370 2371/2371/2371 2344/2344/2344
f 2371/2371/2371 2345/2345/2345 2344/2344/2344
f 2372/2372/2372 2373/2373/2373 2374/2374/2374
f 2373/2373/2373 2375/2375/2375 2374/2374/2374
f 2350/2350/2350 2376/2376/2376 2369/2369/2369
f 2376/2376/2376 2377/2377/2377 2369/2369/2369
f 2378/2378/2378 2379/2379/2379 2380/2380/2380
f 2379/2379/2379 2381/2381/2381 2380/2380/2380
f 2376/2376/2376 2382/2382/2382 2377/2377/2377
f 2382/2382/2382 2383/2383/2383 2377/2377/2377
f 2358/2358/2358 2359/2359/2359 2384/2384/2384
f 2359/2359/2359 2386/2386/2386 2384/2384/2384
f 2387/2387/2387 2388/2388/2388 2389/2389/2389
f 2388/2388/2388 2390/2390/2390 2389/2389/2389
f 2382/2382/2382 2356/2356/2356 2383/2383/2383
f 2356/2356/2356 2368/2368/2368 2383/2383/2383
f 2391/2391/2391 2392/2392/2392 2393/2393/2393
f 2392/2392/2392 2394/2394/2394 2393/2393/2393
f 2382/2382/2382 2376/2376/2376 2395/2395/2395
f 2376/2376/2376 2396/2396/2396 2395/2395/2395
f 2397/2397/2397 2398/2398/2398 2370/2370/2370
f 2398/2398/2398 2371/2371/2371 2370/2370/2370
f 2399/2399/2399 2400/2400/2400 2401/2401/2401
f 2400/2400/2400 2402/2402/2402 2401/2401/2401
f 2376/2376/2376 2403/2403/2403 2396/2396/2396
f 2403/2403/2403 2404/2404/2404 2396/2396/2396
f 2405/2405/2405 2406/2406/2406 2407/2407/2407
f 2406/2406/2406 2408/2408/2408 2407/2407/2407
f 2409/2409/2409 2410/2410/2410 2411/2411/2411
f 2410/2410/2410 2412/2412/2412 2411/2411/2411
f 2403/2403/2403 2413/2413/2413 2404/2404/2404
f 2413/2413/2413 2414/2414/2414 2404/2404/2404
f 2384/2384/2384 2386/2386/2386 2416/2416/2416
f 2385/2385/2385 2417/2417/2417 2415/2415/2415
f 2418/2418/2418 2419/2419/2419 2420/2420/2420
f 2419/2419/2419 2421/2421/2421 2420/2420/2420
f 2413/2413/2413 2382/2382/2382 2414/2414/2414
f 2382/2382/2382 2395/2395/2395 2414/2414/2414
f 2422/2422/2422 2423/2423/2423 2424/2424/2424
f 2423/2423/2423 2425/2425/2425 2424/2424/2424
f 2423/2423/2423 2426/2426/2426 2425/2425/2425
f 2426/2426/2426 2427/2427/2427 2425/2425/2425
f 2426/2426/2426 2428/2428/2428 2427/2427/2427
f 2428/2428/2428 2429/2429/2429 2427/2427/2427
f 2430/2430/2430 2431/2431/2431 2432/2432/2432
f 2431/2431/2431 2433/2433/2433 2432/2432/2432
f 2434/2434/2434 2435/2435/2435 2436/2436/2436
f 2435/2435/2435 2437/2437/2437 2436/2436/2436
f 2438/2438/2438 2439/2439/2439 2440/2440/2440
f 2439/2439/2439 2441/2441/2441 2440/2440/2440
f 2440/2440/2440 2441/2441/2441 2442/2442/2442
f 2441/2441/2441 2443/2443/2443 2442/2442/2442
f 2442/2442/2442 2443/2443/2443 2444/2444/2444
f 2443/2443/2443 2445/2445/2445 2444/2444/2444
f 2446/2446/2446 2447/2447/2447 2448/2448/2448
f 2447/2447/2447 2449/2449/2449 2448/2448/2448
f 2450/2450/2450 2451/2451/2451 2452/2452/2452
f 2451/2451/2451 2453/2453/2453 2452/2452/2452
f 2/2/2 1/1/1 12/12/12
f 16/16/16 6/6/6 8/8/8
f 2454/2454/2454 2455/2455/2455 2434/2434/2434
f 2455/2455/2455 2422/2422/2422 2434/2434/2434
f 2455/2455/2455 2456/2456/2456 2422/2422/2422
f 2456/2456/2456 2423/2423/2423 2422/2422/2422
f 2456/2456/2456 2457/2457/2457 2423/2423/2423
f 2457/2457/2457 2426/2426/2426 2423/2423/2423
f 2457/2457/2457 2458/2458/2458 2426/2426/2426
f 2458/2458/2458 2428/2428/2428 2426/2426/2426
f 2459/2459/2459 2460/2460/2460 2444/2444/2444
f 2460/2460/2460 2442/2442/2442 2444/2444/2444
f 2460/2460/2460 2461/2461/2461 2442/2442/2442
f 2461/2461/2461 2440/2440/2440 2442/2442/2442
f 2461/2461/2461 2462/2462/2462 2440/2440/2440
f 2462/2462/2462 2438/2438/2438 2440/2440/2440
f 2462/2462/2462 2463/2463/2463 2438/2438/2438
f 2463/2463/2463 2430/2430/2430 2438/2438/2438
f 2463/2463/2463 2464/2464/2464 2430/2430/2430
f 2464/2464/2464 2431/2431/2431 2430/2430/2430
f 2465/2465/2465 2466/2466/2466 2467/2467/2467
f 2466/2466/2466 2468/2468/2468 2467/2467/2467
f 2469/2469/2469 2470/2470/2470 2471/2471/2471
f 2470/2470/2470 2472/2472/2472 2471/2471/2471
f 2470/2470/2470 2473/2473/2473 2472/2472/2472
f 2473/2473/2473 2474/2474/2474 2472/2472/2472
f 2473/2473/2473 2475/2475/2475 2474/2474/2474
f 2475/2475/2475 2476/2476/2476 2474/2474/2474
f 2475/2475/2475 2477/2477/2477 2476/2476/2476
f 2477/2477/2477 2478/2478/2478 2476/2476/2476
f 2477/2477/2477 2479/2479/2479 2478/2478/2478
f 2479/2479/2479 2480/2480/2480 2478/2478/2478
f 2481/2481/2481 2482/2482/2482 2483/2483/2483
f 2482/2482/2482 2484/2484/2484 2483/2483/2483
f 2482/2482/2482 2485/2485/2485 2484/2484/2484
f 2485/2485/2485 2486/2486/2486 2484/2484/2484
f 2485/2485/2485 2487/2487/2487 2486/2486/2486
f 2487/2487/2487 2488/2488/2488 2486/2486/2486
f 2487/2487/2487 2489/2489/2489 2488/2488/2488
f 2489/2489/2489 2490/2490/2490 2488/2488/2488
f 2491/2491/2491 2492/2492/2492 2493/2493/2493
f 2492/2492/2492 2494/2494/2494 2493/2493/2493
f 2495/2495/2495 2496/2496/2496 2497/2497/2497
f 2496/2496/2496 2498/2498/2498 2497/2497/2497
f 2499/2499/2499 2454/2454/2454 2436/2436/2436
f 2454/2454/2454 2434/2434/2434 2436/2436/2436
f 2429/2429/2429 2428/2428/2428 2500/2500/2500
f 2501/2501/2501 2444/2444/2444 2445/2445/2445
f 2458/2458/2458 2502/2502/2502 2428/2428/2428
f 2502/2502/2502 2500/2500/2500 2428/2428/2428
f 2502/2502/2502 2503/2503/2503 2500/2500/2500
f 2503/2503/2503 2504/2504/2504 2500/2500/2500
f 2503/2503/2503 2505/2505/2505 2504/2504/2504
f 2505/2505/2505 2506/2506/2506 2504/2504/2504
f 2505/2505/2505 2507/2507/2507 2506/2506/2506
f 2507/2507/2507 2508/2508/2508 2506/2506/2506
f 2507/2507/2507 2509/2509/2509 2508/2508/2508
f 2509/2509/2509 2510/2510/2510 2508/2508/2508
f 2509/2509/2509 2511/2511/2511 2510/2510/2510
f 2511/2511/2511 2512/2512/2512 2510/2510/2510
f 2511/2511/2511 2513/2513/2513 2512/2512/2512
f 2513/2513/2513 2514/2514/2514 2512/2512/2512
f 2513/2513/2513 2515/2515/2515 2514/2514/2514
f 2515/2515/2515 2516/2516/2516 2514/2514/2514
f 2515/2515/2515 2517/2517/2517 2516/2516/2516
f 2517/2517/2517 2518/2518/2518 2516/2516/2516
f 2517/2517/2517 2519/2519/2519 2518/2518/2518
f 2519/2519/2519 2520/2520/2520 2518/2518/2518
f 2519/2519/2519 2521/2521/2521 2520/2520/2520
f 2521/2521/2521 2522/2522/2522 2520/2520/2520
f 2521/2521/2521 2523/2523/2523 2522/2522/2522
f 2523/2523/2523 2501/2501/2501 2522/2522/2522
f 2523/2523/2523 2459/2459/2459 2501/2501/2501
f 2459/2459/2459 2444/2444/2444 2501/2501/2501
f 2479/2479/2479 2524/2524/2524 2480/2480/2480
f 2524/2524/2524 2525/2525/2525 2480/2480/2480
f 2524/2524/2524 2526/2526/2526 2525/2525/2525
f 2526/2526/2526 2527/2527/2527 2525/2525/2525
f 2526/2526/2526 2528/2528/2528 2527/2527/2527
f 2528/2528/2528 2529/2529/2529 2527/2527/2527
f 2528/2528/2528 2530/2530/2530 2529/2529/2529
f 2530/2530/2530 2531/2531/2531 2529/2529/2529
f 2530/2530/2530 2532/2532/2532 2531/2531/2531
f 2532/2532/2532 2533/2533/2533 2531/2531/2531
f 2532/2532/2532 2534/2534/2534 2533/2533/2533
f 2534/2534/2534 2535/2535/2535 2533/2533/2533
f 2534/2534/2534 2536/2536/2536 2535/2535/2535
f 2536/2536/2536 2537/2537/2537 2535/2535/2535
f 2536/2536/2536 2538/2538/2538 2537/2537/2537
f 2538/2538/2538 2539/2539/2539 2537/2537/2537
f 2538/2538/2538 2540/2540/2540 2539/2539/2539
f 2540/2540/2540 2541/2541/2541 2539/2539/2539
f 2540/2540/2540 2542/2542/2542 2541/2541/2541
f 2542/2542/2542 2543/2543/2543 2541/2541/2541
f 2542/2542/2542 2544/2544/2544 2543/2543/2543
f 2544/2544/2544 2545/2545/2545 2543/2543/2543
f 2544/2544/2544 2546/2546/2546 2545/2545/2545
f 2546/2546/2546 2547/2547/2547 2545/2545/2545
f 2546/2546/2546 2481/2481/2481 2547/2547/2547
f 2481/2481/2481 2483/2483/2483 2547/2547/2547
f 2548/2548/2548 2549/2549/2549 2550/2550/2550
f 2549/2549/2549 2551/2551/2551 2550/2550/2550
f 2551/2551/2551 2552/2552/2552 2550/2550/2550
f 2552/2552/2552 2553/2553/2553 2550/2550/2550
f 2553/2553/2553 2554/2554/2554 2550/2550/2550
f 2554/2554/2554 2555/2555/2555 2550/2550/2550
f 2555/2555/2555 2556/2556/2556 2550/2550/2550
f 2556/2556/2556 2557/2557/2557 2550/2550/2550
f 2557/2557/2557 2558/2558/2558 2550/2550/2550
f 2558/2558/2558 2559/2559/2559 2550/2550/2550
f 2559/2559/2559 2560/2560/2560 2550/2550/2550
f 2560/2560/2560 2561/2561/2561 2550/2550/2550
f 2561/2561/2561 2562/2562/2562 2550/2550/2550
f 2562/2562/2562 2563/2563/2563 2550/2550/2550
f 2563/2563/2563 2564/2564/2564 2550/2550/2550
f 2564/2564/2564 2565/2565/2565 2550/2550/2550
f 2565/2565/2565 2566/2566/2566 2550/2550/2550
f 2566/2566/2566 2567/2567/2567 2550/2550/2550
f 206/206/206 207/207/207 2568/2568/2568
f 207/207/207 2569/2569/2569 2568/2568/2568
f 207/207/207 257/257/257 2570/2570/2570
f 257/257/257 2551/2551/2551 2570/2570/2570
f 257/257/257 255/255/255 2551/2551/2551
f 255/255/255 2552/2552/2552 2551/2551/2551
f 255/255/255 253/253/253 2552/2552/2552
f 253/253/253 2571/2571/2571 2552/2552/2552
f 253/253/253 218/218/218 2572/2572/2572
f 218/218/218 2573/2573/2573 2572/2572/2572
f 218/218/218 219/219/219 2573/2573/2573
f 219/219/219 2574/2574/2574 2573/2573/2573
f 219/219/219 247/247/247 2574/2574/2574
f 247/247/247 2575/2575/2575 2574/2574/2574
f 247/247/247 249/249/249 2576/2576/2576
f 249/249/249 2557/2557/2557 2576/2576/2576
f 249/249/249 251/251/251 2557/2557/2557
f 251/251/251 2577/2577/2577 2557/2557/2557
f 251/251/251 214/214/214 2578/2578/2578
f 214/214/214 2579/2579/2579 2578/2578/2578
f 214/214/214 215/215/215 2579/2579/2579
f 215/215/215 2580/2580/2580 2579/2579/2579
f 215/215/215 259/259/259 2580/2580/2580
f 259/259/259 2581/2581/2581 2580/2580/2580
f 259/259/259 261/261/261 2582/2582/2582
f 261/261/261 2562/2562/2562 2582/2582/2582
f 261/261/261 263/263/263 2562/2562/2562
f 263/263/263 2583/2583/2583 2562/2562/2562
f 263/263/263 210/210/210 2584/2584/2584
f 210/210/210 2585/2585/2585 2584/2584/2584
f 210/210/210 211/211/211 2585/2585/2585
f 211/211/211 2586/2586/2586 2585/2585/2585
f 211/211/211 268/268/268 2587/2587/2587
f 268/268/268 2566/2566/2566 2587/2587/2587
f 268/268/268 270/270/270 2566/2566/2566
f 270/270/270 2567/2567/2567 2566/2566/2566
f 270/270/270 274/274/274 2567/2567/2567
f 274/274/274 2550/2550/2550 2567/2567/2567
f 274/274/274 206/206/206 2550/2550/2550
f 206/206/206 2588/2588/2588 2550/2550/2550

